model,n_pairs,mean_true_similarity,median_true_similarity,std_true_similarity,background_mean,background_std,background_n_vectors,calibrated_effect_size,n_pairs_Antithetic,mean_true_similarity_Antithetic,calibrated_effect_size_Antithetic,n_pairs_Emblematic,mean_true_similarity_Emblematic,calibrated_effect_size_Emblematic,n_pairs_Staircase,mean_true_similarity_Staircase,calibrated_effect_size_Staircase,n_pairs_Synonymous,mean_true_similarity_Synonymous,calibrated_effect_size_Synonymous,n_pairs_Synthetic,mean_true_similarity_Synthetic,calibrated_effect_size_Synthetic
morph_signature_1_2gram_psalm,1110,1.0,1.0,1.911959346233379e-16,0.8355416655540466,0.0688194781541824,3416,2.3897062119172516,48,1.0,2.3897062119172516,26,1.0,2.3897062119172516,27,1.0,2.3897062119172516,495,1.0,2.3897062119172516,514,1.0,2.3897062119172516
morph_signature_1_2gram_psalm_shuffle30,1110,1.0,1.0,1.6787829480689562e-16,0.8415184020996094,0.0665155798196792,3416,2.382623715075883,48,1.0,2.382623715075883,26,1.0,2.382623715075883,27,1.0,2.382623715075883,495,1.0,2.382623715075883,514,1.0,2.382623715075883
morph_signature_1_2gram_psalm_shuffle03,1110,1.0,1.0,1.8941624349330347e-16,0.8426039218902588,0.0662182793021202,3416,2.37692793845674,48,1.0,2.37692793845674,26,1.0,2.37692793845674,27,1.0,2.37692793845674,495,1.0,2.37692793845674,514,1.0,2.37692793845674
morph_signature_1_2gram_psalm_shuffle10,1110,1.0,1.0,1.8735314524520704e-16,0.8419535756111145,0.0665754377841949,3416,2.3739449510072292,48,1.0,2.3739449510072292,26,1.0,2.3739449510072292,27,1.0,2.3739449510072292,495,1.0,2.3739449510072292,514,1.0,2.3739449510072292
morph_signature_1_2gram_psalm_shuffle07,1110,1.0,1.0,1.9624033872279995e-16,0.8429080843925476,0.0661792233586311,3416,2.3737346501659173,48,1.0,2.3737346501659173,26,1.0,2.3737346501659173,27,1.0,2.3737346501659173,495,1.0,2.3737346501659173,514,1.0,2.3737346501659173
morph_signature_1_2gram_psalm_shuffle17,1110,1.0,1.0,1.618843038093631e-16,0.8418699502944946,0.0666188448667526,3416,2.3736534312744157,48,1.0,2.3736534312744157,26,1.0,2.3736534312744157,27,1.0,2.3736534312744157,495,1.0,2.3736534312744157,514,1.0,2.3736534312744157
morph_signature_1_2gram_psalm_shuffle29,1110,1.0,1.0,1.8941624349330347e-16,0.8429547548294067,0.0661712735891342,3416,2.3733145314038686,48,1.0,2.3733145314038686,26,1.0,2.3733145314038686,27,1.0,2.3733145314038686,495,1.0,2.3733145314038686,514,1.0,2.3733145314038686
morph_signature_1_2gram_psalm_shuffle24,1110,1.0,1.0,1.5021406269494788e-16,0.8416607975959778,0.0667434260249137,3416,2.372356527591464,48,1.0,2.372356527591464,26,1.0,2.372356527591464,27,1.0,2.372356527591464,495,1.0,2.372356527591464,514,1.0,2.372356527591464
morph_signature_1_2gram_psalm_shuffle22,1110,1.0,1.0,1.3743612356283723e-16,0.8423030376434326,0.066548153758049,3416,2.369666977237425,48,1.0,2.369666977237425,26,1.0,2.369666977237425,27,1.0,2.369666977237425,495,1.0,2.369666977237425,514,1.0,2.369666977237425
morph_signature_1_2gram_psalm_shuffle18,1110,1.0,1.0,1.7283228844820583e-16,0.842538058757782,0.0665025934576988,3416,2.36775639949105,48,1.0,2.36775639949105,26,1.0,2.36775639949105,27,1.0,2.36775639949105,495,1.0,2.36775639949105,514,1.0,2.36775639949105
morph_signature_1_2gram_psalm_shuffle13,1110,1.0,1.0,1.8191012507010447e-16,0.8426918983459473,0.0664816945791244,3416,2.3661867022181498,48,1.0,2.3661867022181498,26,1.0,2.3661867022181498,27,1.0,2.3661867022181498,495,1.0,2.3661867022181498,514,1.0,2.3661867022181498
morph_signature_1_2gram_psalm_shuffle05,1110,1.0,1.0,2.0389973457964072e-16,0.8421362042427063,0.0667700096964836,3416,2.364291939972677,48,1.0,2.364291939972677,26,1.0,2.364291939972677,27,1.0,2.364291939972677,495,1.0,2.364291939972677,514,1.0,2.364291939972677
morph_signature_1_2gram_psalm_shuffle15,1110,1.0,1.0,1.7121850625213761e-16,0.8420992493629456,0.0667998567223548,3416,2.363788762202722,48,1.0,2.363788762202722,26,1.0,2.363788762202722,27,1.0,2.363788762202722,495,1.0,2.363788762202722,514,1.0,2.363788762202722
morph_signature_1_2gram_psalm_shuffle06,1110,1.0,1.0,1.8157407450590056e-16,0.8427603840827942,0.0665817111730575,3416,2.3616037068875033,48,1.0,2.3616037068875033,26,1.0,2.3616037068875033,27,1.0,2.3616037068875033,495,1.0,2.3616037068875033,514,1.0,2.3616037068875033
morph_signature_1_2gram_psalm_shuffle02,1110,1.0,1.0,1.8209316398114651e-16,0.8434126973152161,0.0663201361894607,3416,2.361082345148561,48,1.0,2.361082345148561,26,1.0,2.361082345148561,27,1.0,2.361082345148561,495,1.0,2.361082345148561,514,1.0,2.361082345148561
morph_signature_1_2gram_psalm_shuffle27,1110,1.0,1.0,1.7089392111426071e-16,0.8420412540435791,0.0669573098421096,3416,2.3590963604855,48,1.0,2.3590963604855,26,1.0,2.3590963604855,27,1.0,2.3590963604855,495,1.0,2.3590963604855,514,1.0,2.3590963604855
morph_signature_1_2gram_psalm_shuffle21,1110,1.0,1.0,1.7420818508523103e-16,0.842907190322876,0.0665912181138992,3416,2.359061962321048,48,1.0,2.359061962321048,26,1.0,2.359061962321048,27,1.0,2.359061962321048,495,1.0,2.359061962321048,514,1.0,2.359061962321048
morph_signature_1_2gram_psalm_shuffle11,1110,1.0,1.0,1.597437048572628e-16,0.8432900309562683,0.066472552716732,3416,2.3575139307728996,48,1.0,2.3575139307728996,26,1.0,2.3575139307728996,27,1.0,2.3575139307728996,495,1.0,2.3575139307728996,514,1.0,2.3575139307728996
morph_signature_1_2gram_psalm_shuffle12,1110,1.0,1.0,1.8013116018186746e-16,0.8420960903167725,0.0670180693268776,3416,2.356139340765822,48,1.0,2.356139340765822,26,1.0,2.356139340765822,27,1.0,2.356139340765822,495,1.0,2.356139340765822,514,1.0,2.356139340765822
morph_signature_1_2gram_psalm_shuffle25,1110,1.0,1.0,1.8924028781808264e-16,0.8418915867805481,0.0671207457780838,3416,2.3555818903173944,48,1.0,2.3555818903173944,26,1.0,2.3555818903173944,27,1.0,2.3555818903173944,495,1.0,2.3555818903173944,514,1.0,2.3555818903173944
morph_signature_1_2gram_psalm_shuffle26,1110,1.0,1.0,1.9567366026940632e-16,0.842816174030304,0.0667602941393852,3416,2.3544507704163258,48,1.0,2.3544507704163258,26,1.0,2.3544507704163258,27,1.0000000000000002,2.354450770416329,495,1.0,2.3544507704163258,514,1.0,2.3544507704163258
morph_signature_1_2gram_psalm_shuffle14,1110,1.0,1.0,2.0066084663096535e-16,0.843259334564209,0.0666442438960075,3416,2.351901023595841,48,1.0,2.351901023595841,26,1.0,2.351901023595841,27,1.0,2.351901023595841,495,1.0,2.351901023595841,514,1.0,2.351901023595841
morph_signature_1_2gram_psalm_shuffle16,1110,1.0,1.0,1.6219268777693915e-16,0.8431146740913391,0.0667297765612602,3416,2.351054266825467,48,1.0,2.351054266825467,26,1.0,2.351054266825467,27,1.0,2.351054266825467,495,1.0,2.351054266825467,514,1.0,2.351054266825467
morph_signature_1_2gram_psalm_shuffle20,1110,1.0,1.0,1.7547840376614595e-16,0.8426389694213867,0.0669425055384635,3416,2.350689286468331,48,1.0,2.350689286468331,26,1.0,2.350689286468331,27,1.0,2.350689286468331,495,1.0,2.350689286468331,514,1.0,2.350689286468331
morph_signature_1_2gram_psalm_shuffle04,1110,1.0,1.0,1.7711606973176183e-16,0.8438785076141357,0.0665350183844566,3416,2.34645598929204,48,1.0,2.34645598929204,26,1.0,2.34645598929204,27,1.0,2.34645598929204,495,1.0,2.34645598929204,514,1.0,2.34645598929204
morph_signature_1_2gram_psalm_shuffle01,1110,1.0,1.0,1.699164454830339e-16,0.842436671257019,0.0671555399894714,3416,2.3462446846184775,48,1.0,2.3462446846184775,26,1.0,2.3462446846184775,27,1.0,2.3462446846184775,495,1.0,2.3462446846184775,514,1.0,2.3462446846184775
morph_signature_1_2gram_psalm_shuffle19,1110,1.0,1.0,1.9139910303623678e-16,0.8421498537063599,0.0673136413097381,3416,2.3449949107240498,48,1.0,2.3449949107240498,26,1.0,2.3449949107240498,27,1.0,2.3449949107240498,495,1.0,2.3449949107240498,514,1.0,2.3449949107240498
morph_signature_1_2gram_psalm_shuffle09,1110,1.0,1.0,1.816963466238019e-16,0.8429912328720093,0.0670425444841384,3416,2.3419273289237585,48,1.0,2.3419273289237585,26,1.0,2.3419273289237585,27,1.0,2.3419273289237585,495,1.0,2.3419273289237585,514,1.0,2.3419273289237585
morph_signature_1_2gram_psalm_shuffle08,1110,1.0,1.0,1.746538124515427e-16,0.8435220122337341,0.0670484229922294,3416,2.333805640505531,48,1.0,2.333805640505531,26,1.0,2.333805640505531,27,1.0,2.333805640505531,495,1.0,2.333805640505531,514,1.0,2.333805640505531
morph_signature_1_2gram_psalm_shuffle23,1110,1.0,1.0,1.9422114667372312e-16,0.8431745767593384,0.0672308802604675,3416,2.332639742824796,48,1.0,2.332639742824796,26,1.0,2.332639742824796,27,1.0,2.332639742824796,495,1.0,2.332639742824796,514,1.0,2.332639742824796
morph_signature_1_2gram_psalm_shuffle28,1110,1.0,1.0,1.952760068980787e-16,0.8425545692443848,0.0677801147103309,3416,2.3228852802696363,48,1.0,2.3228852802696363,26,1.0,2.3228852802696363,27,1.0,2.3228852802696363,495,1.0,2.3228852802696363,514,1.0,2.3228852802696363
morph_signature_inventory_psalm,1110,1.0,1.0,1.8403425189041255e-16,0.8999465107917786,0.0506742000579834,3416,1.9744463473273643,48,1.0,1.9744463473273643,26,1.0,1.9744463473273643,27,1.0,1.9744463473273643,495,1.0,1.9744463473273643,514,1.0,1.9744463473273643
sp_1_2_3gram_psalm_shuffle24,1110,1.0,1.0,2.1828706305267423e-16,0.9048144817352296,0.0490090399980545,3416,1.942203280630452,48,1.0,1.942203280630452,26,1.0000000000000002,1.9422032806304568,27,1.0,1.942203280630452,495,1.0,1.942203280630452,514,1.0,1.942203280630452
sp_1_2_3gram_psalm,1110,1.0,1.0,2.252225068165068e-16,0.8978675007820129,0.0526031702756881,3416,1.9415654737674637,48,1.0,1.9415654737674637,26,1.0,1.9415654737674637,27,1.0,1.9415654737674637,495,1.0,1.9415654737674637,514,1.0,1.9415654737674637
sp_1_2_3gram_psalm_shuffle05,1110,1.0,1.0,2.1925147983971603e-16,0.9051340222358704,0.0490379743278026,3416,1.934541119704128,48,1.0,1.934541119704128,26,1.0,1.934541119704128,27,1.0,1.934541119704128,495,1.0,1.934541119704128,514,1.0,1.934541119704128
sp_1_2_3gram_psalm_shuffle09,1110,1.0,1.0,2.1091341950688683e-16,0.9051340222358704,0.0490854643285274,3416,1.9326694585019033,48,1.0,1.9326694585019033,26,1.0,1.9326694585019033,27,1.0,1.9326694585019033,495,1.0,1.9326694585019033,514,1.0,1.9326694585019033
sp_1_2_3gram_psalm_shuffle03,1110,1.0,1.0,1.7948270442778815e-16,0.9056909084320068,0.0489577017724514,3416,1.9263382093859047,48,1.0,1.9263382093859047,26,1.0,1.9263382093859047,27,1.0,1.9263382093859047,495,1.0,1.9263382093859047,514,1.0,1.9263382093859047
sp_1_2_3gram_psalm_shuffle30,1110,1.0,1.0,2.0969898741963422e-16,0.9051445126533508,0.0492955483496189,3416,1.924220148113688,48,1.0,1.924220148113688,26,1.0,1.924220148113688,27,1.0,1.924220148113688,495,1.0,1.924220148113688,514,1.0,1.924220148113688
sp_1_2_3gram_psalm_shuffle18,1110,1.0,1.0,2.0135140152025534e-16,0.905174434185028,0.0493200533092021,3416,1.9226574071297535,48,1.0,1.9226574071297535,26,1.0,1.9226574071297535,27,1.0,1.9226574071297535,495,1.0,1.9226574071297535,514,1.0,1.9226574071297535
sp_1_2_3gram_psalm_shuffle26,1110,1.0,1.0,1.991889528583436e-16,0.9083849787712096,0.0478545948863029,3416,1.9144456545177555,48,1.0,1.9144456545177555,26,1.0,1.9144456545177555,27,1.0,1.9144456545177555,495,1.0,1.9144456545177555,514,1.0,1.9144456545177555
sp_1_2_3gram_psalm_shuffle29,1110,1.0,1.0,1.9324673902365102e-16,0.90605229139328,0.0490838214755058,3416,1.9140259617642537,48,1.0,1.9140259617642537,26,1.0,1.9140259617642537,27,1.0,1.9140259617642537,495,1.0,1.9140259617642537,514,1.0,1.9140259617642537
sp_1_2_3gram_psalm_shuffle04,1110,1.0,1.0,1.9327546819039323e-16,0.9062708020210266,0.0489764958620071,3416,1.9137587597744523,48,1.0,1.9137587597744523,26,1.0,1.9137587597744523,27,1.0,1.9137587597744523,495,1.0,1.9137587597744523,514,1.0,1.9137587597744523
sp_1_2_3gram_psalm_shuffle06,1110,1.0,1.0,1.895627484602855e-16,0.9053425192832948,0.0495692081749439,3416,1.9096024367109512,48,1.0,1.9096024367109512,26,1.0,1.9096024367109512,27,1.0,1.9096024367109512,495,1.0,1.9096024367109512,514,1.0,1.9096024367109512
sp_1_2_3gram_psalm_shuffle20,1110,1.0,1.0,2.2314211359064455e-16,0.9043757319450378,0.0500827953219413,3416,1.9093236996911187,48,1.0,1.9093236996911187,26,1.0,1.9093236996911187,27,1.0,1.9093236996911187,495,1.0,1.9093236996911187,514,1.0,1.9093236996911187
sp_1_2_3gram_psalm_shuffle28,1110,1.0,1.0,2.2747920340824055e-16,0.9060395956039428,0.0492763146758079,3416,1.906806647660822,48,1.0,1.906806647660822,26,1.0,1.906806647660822,27,1.0,1.906806647660822,495,1.0,1.906806647660822,514,1.0,1.906806647660822
sp_1_2_3gram_psalm_shuffle27,1110,1.0,1.0,2.141787294426419e-16,0.9073538780212402,0.0486295819282531,3416,1.905139182883527,48,1.0,1.905139182883527,26,1.0,1.905139182883527,27,1.0,1.905139182883527,495,1.0,1.905139182883527,514,1.0,1.905139182883527
morph_suffix_host_plus_suffix_psalm,1110,1.0,1.0,1.589073446350093e-16,0.9743708968162536,0.0134734688326716,3416,1.9021904085753072,48,1.0,1.9021904085753072,26,1.0,1.9021904085753072,27,1.0,1.9021904085753072,495,1.0,1.9021904085753072,514,1.0,1.9021904085753072
sp_1_2_3gram_psalm_shuffle15,1110,1.0,1.0,2.0261587326130003e-16,0.9058493971824646,0.0495045110583305,3416,1.9018590589976525,48,1.0,1.9018590589976525,26,1.0,1.9018590589976525,27,1.0,1.9018590589976525,495,1.0,1.9018590589976525,514,1.0,1.9018590589976525
sp_1_2_3gram_psalm_shuffle25,1110,1.0,1.0,2.086904305642132e-16,0.904558539390564,0.0501915216445922,3416,1.9015454698755692,48,1.0,1.9015454698755692,26,1.0,1.9015454698755692,27,1.0,1.9015454698755692,495,1.0,1.9015454698755692,514,1.0,1.9015454698755692
sp_1_2_3gram_psalm_shuffle02,1110,1.0,1.0,2.285749083464219e-16,0.9064180850982666,0.0492633916437625,3416,1.8996238744268863,48,1.0,1.8996238744268863,26,1.0000000000000002,1.8996238744268912,27,1.0,1.8996238744268863,495,1.0,1.8996238744268863,514,1.0,1.8996238744268863
sp_1_2_3gram_psalm_shuffle14,1110,1.0,1.0,2.3111135221866393e-16,0.9072949290275574,0.0488375127315521,3416,1.898234897465392,48,1.0,1.898234897465392,26,1.0,1.898234897465392,27,1.0,1.898234897465392,495,1.0,1.898234897465392,514,1.0,1.898234897465392
sp_1_2_3gram_psalm_shuffle13,1110,1.0,1.0,1.9241172723094966e-16,0.9046804308891296,0.0502518825232982,3416,1.896835786533517,48,1.0,1.896835786533517,26,1.0,1.896835786533517,27,1.0,1.896835786533517,495,1.0,1.896835786533517,514,1.0,1.896835786533517
sp_1_2_3gram_psalm_shuffle21,1110,1.0,1.0,1.9324673902365102e-16,0.9053215980529784,0.0499350316822528,3416,1.8960316787116525,48,1.0,1.8960316787116525,26,1.0,1.8960316787116525,27,1.0,1.8960316787116525,495,1.0,1.8960316787116525,514,1.0,1.8960316787116525
sp_1_2_3gram_psalm_shuffle10,1110,1.0,1.0,1.9387779729501916e-16,0.9066601395606996,0.0492394343018531,3416,1.8956322663476983,48,1.0,1.8956322663476983,26,1.0,1.8956322663476983,27,1.0,1.8956322663476983,495,1.0,1.8956322663476983,514,1.0,1.8956322663476983
sp_1_2_3gram_psalm_shuffle23,1110,1.0,1.0,2.0214948988668956e-16,0.9060360193252563,0.0495912991464138,3416,1.894767475183974,48,1.0,1.894767475183974,26,1.0,1.894767475183974,27,1.0,1.894767475183974,495,1.0,1.894767475183974,514,1.0,1.894767475183974
sp_1_2_3gram_psalm_shuffle01,1110,1.0,1.0,1.9635347816069291e-16,0.9055414199829102,0.0498557612299919,3416,1.8946372031376395,48,1.0,1.8946372031376395,26,1.0,1.8946372031376395,27,1.0,1.8946372031376395,495,1.0,1.8946372031376395,514,1.0,1.8946372031376395
sp_1_2_3gram_psalm_shuffle07,1110,1.0,1.0,2.300759989740196e-16,0.9064239859580994,0.0494151972234249,3416,1.8936687355270052,48,1.0,1.8936687355270052,26,1.0,1.8936687355270052,27,1.0,1.8936687355270052,495,1.0,1.8936687355270052,514,1.0,1.8936687355270052
sp_1_2_3gram_psalm_shuffle22,1110,1.0,1.0,1.7645653424419707e-16,0.906017005443573,0.0496317446231842,3416,1.8936065066817185,48,1.0,1.8936065066817185,26,1.0,1.8936065066817185,27,1.0,1.8936065066817185,495,1.0,1.8936065066817185,514,1.0,1.8936065066817185
sp_1_2_3gram_psalm_shuffle16,1110,1.0,1.0,1.8732350779421954e-16,0.905685305595398,0.0498532876372337,3416,1.8918450291764024,48,1.0,1.8918450291764024,26,1.0,1.8918450291764024,27,1.0,1.8918450291764024,495,1.0,1.8918450291764024,514,1.0,1.8918450291764024
sp_1_2_3gram_psalm_shuffle17,1110,1.0,1.0,2.064435058074372e-16,0.905514121055603,0.0500486530363559,3416,1.8878805564609549,48,1.0,1.8878805564609549,26,1.0,1.8878805564609549,27,1.0,1.8878805564609549,495,1.0,1.8878805564609549,514,1.0,1.8878805564609549
sp_1_2_3gram_psalm_shuffle12,1110,1.0,1.0,2.257396094097451e-16,0.906002402305603,0.0499557852745056,3416,1.881615856459524,48,1.0,1.881615856459524,26,1.0,1.881615856459524,27,1.0,1.881615856459524,495,1.0,1.881615856459524,514,1.0,1.881615856459524
sp_1_2_3gram_psalm_shuffle19,1110,1.0,1.0,1.9624033872279995e-16,0.9072580933570862,0.0493408143520355,3416,1.879618483416616,48,1.0,1.879618483416616,26,1.0,1.879618483416616,27,1.0,1.879618483416616,495,1.0,1.879618483416616,514,1.0,1.879618483416616
sp_1_2_3gram_psalm_shuffle11,1110,1.0,1.0,2.048234689522387e-16,0.9063868522644044,0.0498375818133354,3416,1.8783645660461583,48,1.0,1.8783645660461583,26,1.0,1.8783645660461583,27,1.0,1.8783645660461583,495,1.0,1.8783645660461583,514,1.0,1.8783645660461583
sp_1_2_3gram_psalm_shuffle08,1110,1.0,1.0,1.8967987096046836e-16,0.9053540825843812,0.0508601367473602,3416,1.860905681118352,48,1.0,1.860905681118352,26,1.0,1.860905681118352,27,1.0,1.860905681118352,495,1.0,1.860905681118352,514,1.0,1.860905681118352
morph_full_all_psalm,1110,1.0,1.0,2.0471501066083614e-16,0.986464023590088,0.0076932767406105,3416,1.7594552836582071,48,1.0,1.7594552836582071,26,1.0,1.7594552836582071,27,1.0,1.7594552836582071,495,1.0,1.7594552836582071,514,1.0,1.7594552836582071
morph_ps_sp_plus_psalm,1110,1.0,1.0,1.6968755764346587e-16,0.9828110337257384,0.0101065738126635,3416,1.700770863883037,48,1.0,1.700770863883037,26,1.0,1.700770863883037,27,1.0,1.700770863883037,495,1.0,1.700770863883037,514,1.0,1.700770863883037
sp_1_2gram_psalm,1110,1.0,1.0,1.9026440199467728e-16,0.932497501373291,0.0405311323702335,3416,1.6654481303434665,48,1.0,1.6654481303434665,26,1.0,1.6654481303434665,27,1.0,1.6654481303434665,495,1.0,1.6654481303434665,514,1.0,1.6654481303434665
morph_atomic_core_psalm,1110,1.0,1.0,1.2356631334364656e-16,0.9867482781410216,0.008009317331016,3416,1.6545382473061727,48,1.0,1.6545382473061727,26,1.0,1.6545382473061727,27,1.0,1.6545382473061727,495,1.0,1.6545382473061727,514,1.0,1.6545382473061727
sp_1_2gram_psalm_shuffle24,1110,1.0,1.0,1.6260295661394047e-16,0.9366796016693116,0.0382729992270469,3416,1.654440456966876,48,1.0,1.654440456966876,26,1.0,1.654440456966876,27,1.0,1.654440456966876,495,1.0,1.654440456966876,514,1.0,1.654440456966876
sp_1_2gram_psalm_shuffle05,1110,1.0,1.0,1.9860273225978183e-16,0.9371734261512756,0.0380997434258461,3416,1.6490025443610752,48,1.0,1.6490025443610752,26,1.0,1.6490025443610752,27,1.0,1.6490025443610752,495,1.0,1.6490025443610752,514,1.0,1.6490025443610752
sp_1_2gram_psalm_shuffle09,1110,1.0,1.0,1.7796045235563666e-16,0.9369789958000184,0.0383303202688694,3416,1.644155429902975,48,1.0,1.644155429902975,26,1.0,1.644155429902975,27,1.0,1.644155429902975,495,1.0,1.644155429902975,514,1.0,1.644155429902975
sp_1_2gram_psalm_shuffle30,1110,1.0,1.0,1.7382530949031208e-16,0.9365060925483704,0.038733210414648,3416,1.6392627094917396,48,1.0,1.6392627094917396,26,1.0,1.6392627094917396,27,1.0,1.6392627094917396,495,1.0,1.6392627094917396,514,1.0,1.6392627094917396
sp_1_2gram_psalm_shuffle29,1110,1.0,1.0,1.837927370200981e-16,0.9377799034118652,0.0380407497286796,3416,1.6356169905144071,48,1.0,1.6356169905144071,26,1.0,1.6356169905144071,27,1.0,1.6356169905144071,495,1.0,1.6356169905144071,514,1.0,1.6356169905144071
sp_1_2gram_psalm_shuffle04,1110,1.0,1.0,1.7308909733940124e-16,0.9373651146888732,0.0383495576679706,3416,1.633262262199155,48,1.0,1.633262262199155,26,1.0,1.633262262199155,27,1.0,1.633262262199155,495,1.0,1.633262262199155,514,1.0,1.633262262199155
sp_1_2gram_psalm_shuffle27,1110,1.0,1.0,1.9899373787689686e-16,0.9382575750350952,0.0378149636089801,3416,1.632751140615732,48,1.0,1.632751140615732,26,1.0,1.632751140615732,27,1.0,1.632751140615732,495,1.0,1.632751140615732,514,1.0,1.632751140615732
sp_1_2gram_psalm_shuffle03,1110,1.0,1.0,1.5021406269494788e-16,0.9371618628501892,0.0384950973093509,3416,1.6323672764050028,48,1.0,1.6323672764050028,26,1.0,1.6323672764050028,27,1.0,1.6323672764050028,495,1.0,1.6323672764050028,514,1.0,1.6323672764050028
sp_1_2gram_psalm_shuffle18,1110,1.0,1.0,1.79946125556573e-16,0.9369944334030152,0.0386503227055072,3416,1.63014335163642,48,1.0,1.63014335163642,26,1.0,1.63014335163642,27,1.0,1.63014335163642,495,1.0,1.63014335163642,514,1.0,1.63014335163642
sp_1_2gram_psalm_shuffle15,1110,1.0,1.0,2.0882341371067502e-16,0.937133491039276,0.0386692136526107,3416,1.625750901621435,48,1.0,1.625750901621435,26,1.0,1.625750901621435,27,1.0000000000000002,1.6257509016214406,495,1.0,1.625750901621435,514,1.0,1.625750901621435
sp_1_2gram_psalm_shuffle20,1110,1.0,1.0,1.848770693601587e-16,0.9366474747657776,0.0390406996011734,3416,1.6227302758764677,48,1.0,1.6227302758764677,26,1.0,1.6227302758764677,27,1.0,1.6227302758764677,495,1.0,1.6227302758764677,514,1.0,1.6227302758764677
sp_1_2gram_psalm_shuffle25,1110,1.0,1.0,1.654799101992352e-16,0.9366539120674132,0.0390508696436882,3416,1.622142823209196,48,1.0,1.622142823209196,26,1.0,1.622142823209196,27,1.0,1.622142823209196,495,1.0,1.622142823209196,514,1.0,1.622142823209196
sp_1_2gram_psalm_shuffle21,1110,1.0,1.0,1.9581548362662767e-16,0.9368110299110411,0.0389946587383747,3416,1.6204519319661177,48,1.0,1.6204519319661177,26,1.0,1.6204519319661177,27,1.0,1.6204519319661177,495,1.0,1.6204519319661177,514,1.0,1.6204519319661177
morph_vt_sp_plus_psalm,1110,1.0,1.0,2.0495896110766111e-16,0.9847716689109802,0.0094031887128949,3416,1.6194858525105045,48,1.0,1.6194858525105045,26,1.0,1.6194858525105045,27,0.9999999999999998,1.6194858525104807,495,1.0,1.6194858525105045,514,1.0,1.6194858525105045
sp_1_2gram_psalm_shuffle23,1110,1.0,1.0,1.9142810949287621e-16,0.9374881982803344,0.0386036559939384,3416,1.6193233544895629,48,1.0,1.6193233544895629,26,1.0,1.6193233544895629,27,1.0,1.6193233544895629,495,1.0,1.6193233544895629,514,1.0,1.6193233544895629
sp_1_2gram_psalm_shuffle26,1110,1.0,1.0,1.7554167342883506e-16,0.938966989517212,0.0377063564956188,3416,1.6186398303925131,48,1.0,1.6186398303925131,26,1.0,1.6186398303925131,27,1.0,1.6186398303925131,495,1.0,1.6186398303925131,514,1.0,1.6186398303925131
sp_1_2gram_psalm_shuffle28,1110,1.0,1.0,1.8547673706967448e-16,0.9375168681144714,0.0386626683175563,3416,1.616110180816349,48,1.0,1.616110180816349,26,1.0,1.616110180816349,27,1.0,1.616110180816349,495,1.0,1.616110180816349,514,1.0,1.616110180816349
sp_1_2gram_psalm_shuffle02,1110,1.0,1.0,1.884464541668913e-16,0.9379847049713136,0.038374688476324,3416,1.6160468655517013,48,1.0,1.6160468655517013,26,1.0,1.6160468655517013,27,1.0,1.6160468655517013,495,1.0,1.6160468655517013,514,1.0,1.6160468655517013
sp_1_2gram_psalm_shuffle14,1110,1.0,1.0,1.7519340752393924e-16,0.9383419156074524,0.0382403917610645,3416,1.612381085889565,48,1.0,1.612381085889565,26,1.0,1.612381085889565,27,1.0,1.612381085889565,495,1.0,1.612381085889565,514,1.0,1.612381085889565
sp_1_2gram_psalm_shuffle19,1110,1.0,1.0,1.9102161828140824e-16,0.938203990459442,0.0383388213813304,3416,1.611839052794933,48,1.0,1.611839052794933,26,1.0,1.611839052794933,27,1.0,1.611839052794933,495,1.0,1.611839052794933,514,1.0,1.611839052794933
sp_1_2gram_psalm_shuffle10,1110,1.0,1.0,1.7388918063319523e-16,0.9376257061958312,0.0387560948729515,3416,1.6094060562252548,48,1.0,1.6094060562252548,26,1.0,1.6094060562252548,27,1.0,1.6094060562252548,495,1.0,1.6094060562252548,514,1.0,1.6094060562252548
sp_1_2gram_psalm_shuffle06,1110,1.0,1.0,1.6903188456676552e-16,0.9373971819877625,0.0389431752264499,3416,1.607542724706179,48,1.0,1.607542724706179,26,1.0,1.607542724706179,27,1.0,1.607542724706179,495,1.0,1.607542724706179,514,1.0,1.607542724706179
sp_1_2gram_psalm_shuffle17,1110,1.0,1.0,1.6185000265338755e-16,0.9368435740470886,0.0393192060291767,3416,1.6062487606195892,48,1.0,1.6062487606195892,26,1.0,1.6062487606195892,27,1.0,1.6062487606195892,495,1.0,1.6062487606195892,514,1.0,1.6062487606195892
sp_1_2gram_psalm_shuffle07,1110,1.0,1.0,1.8607447222234807e-16,0.9377025365829468,0.0388462990522384,3416,1.6036910835001004,48,1.0,1.6036910835001004,26,1.0,1.6036910835001004,27,1.0,1.6036910835001004,495,1.0,1.6036910835001004,514,1.0,1.6036910835001004
morph_prs_gn_sp_plus_psalm,1110,1.0,1.0,1.787387314661769e-16,0.9820539355278016,0.0111911287531256,3416,1.6035973553772378,48,1.0,1.6035973553772378,26,1.0,1.6035973553772378,27,1.0,1.6035973553772378,495,1.0,1.6035973553772378,514,1.0,1.6035973553772378
sp_1_2gram_psalm_shuffle01,1110,1.0,1.0,1.82853853916673e-16,0.937127649784088,0.0392743498086929,3416,1.6008501864999884,48,1.0,1.6008501864999884,26,1.0,1.6008501864999884,27,1.0,1.6008501864999884,495,1.0,1.6008501864999884,514,1.0,1.6008501864999884
sp_1_2gram_psalm_shuffle11,1110,1.0,1.0,1.605411281982232e-16,0.937763810157776,0.0389260873198509,3416,1.598829836937808,48,1.0,1.598829836937808,26,1.0,1.598829836937808,27,1.0,1.598829836937808,495,1.0,1.598829836937808,514,1.0,1.598829836937808
sp_1_2gram_psalm_shuffle22,1110,1.0,1.0,1.7895604307405322e-16,0.9377846121788024,0.0389633700251579,3416,1.596766085198128,48,1.0,1.596766085198128,26,1.0,1.596766085198128,27,1.0,1.596766085198128,495,1.0,1.596766085198128,514,1.0,1.596766085198128
sp_1_2gram_psalm_shuffle16,1110,1.0,1.0,1.6810964604642776e-16,0.9374210834503174,0.0392081514000892,3416,1.5960690396012944,48,1.0,1.5960690396012944,26,1.0,1.5960690396012944,27,1.0,1.5960690396012944,495,1.0,1.5960690396012944,514,1.0,1.5960690396012944
sp_1_2gram_psalm_shuffle08,1110,1.0,1.0,1.851171695514109e-16,0.9368523359298706,0.0395996570587158,3416,1.5946517914662268,48,1.0,1.5946517914662268,26,1.0,1.5946517914662268,27,1.0,1.5946517914662268,495,1.0,1.5946517914662268,514,1.0,1.5946517914662268
sp_1_2gram_psalm_shuffle12,1110,1.0,1.0,1.8877027085434024e-16,0.9373606443405152,0.0392830520868301,3416,1.594564381632787,48,1.0,1.594564381632787,26,1.0,1.594564381632787,27,1.0,1.594564381632787,495,1.0,1.594564381632787,514,1.0,1.594564381632787
sp_1_2gram_psalm_shuffle13,1110,1.0,1.0,1.6751409730803024e-16,0.9366406798362732,0.0397723317146301,3416,1.5930501791631262,48,1.0,1.5930501791631262,26,1.0,1.5930501791631262,27,1.0,1.5930501791631262,495,1.0,1.5930501791631262,514,1.0,1.5930501791631262
morph_prs_ps_sp_plus_psalm,1110,1.0,1.0,1.78925014717847e-16,0.9793731570243835,0.0129632065072655,3416,1.591183706288687,48,1.0,1.591183706288687,26,1.0,1.591183706288687,27,1.0,1.591183706288687,495,1.0,1.591183706288687,514,1.0,1.591183706288687
morph_gn_sp_plus_psalm,1110,1.0,1.0,1.6484118393676784e-16,0.9719123840332032,0.0195545610040426,3416,1.4363715943809816,48,1.0,1.4363715943809816,26,1.0,1.4363715943809816,27,1.0,1.4363715943809816,495,1.0,1.4363715943809816,514,1.0,1.4363715943809816
morph_prs_nu_sp_plus_psalm,1110,1.0,1.0,1.544421642571504e-16,0.9801164865493774,0.0145442159846425,3416,1.3671079604165608,48,1.0,1.3671079604165608,26,1.0,1.3671079604165608,27,1.0,1.3671079604165608,495,1.0,1.3671079604165608,514,1.0,1.3671079604165608
morph_nu_sp_plus_psalm,1110,1.0,1.0,1.4348404295911431e-16,0.9737425446510316,0.019368976354599,3416,1.355644968957479,48,1.0,1.355644968957479,26,1.0,1.355644968957479,27,1.0,1.355644968957479,495,1.0,1.355644968957479,514,1.0,1.355644968957479
morph_vs_sp_plus_psalm,1110,1.0,1.0,1.7439930767160107e-16,0.9868699908256532,0.009738870896399,3416,1.348206513262414,48,1.0,1.348206513262414,26,1.0,1.348206513262414,27,1.0,1.348206513262414,495,1.0,1.348206513262414,514,1.0,1.348206513262414
sp_unigram_psalm,1110,1.0,1.0,1.1047082227326627e-16,0.9631514549255372,0.0285003427416086,3416,1.2929158574877924,48,1.0,1.2929158574877924,26,1.0,1.2929158574877924,27,1.0,1.2929158574877924,495,1.0,1.2929158574877924,514,1.0,1.2929158574877924
morph_ps_atomic_psalm,1110,1.0,1.0,2.0305384377669134e-16,0.9910809993743896,0.0073253544978797,3416,1.2175520827274466,48,1.0,1.2175520827274466,26,1.0,1.2175520827274466,27,1.0,1.2175520827274466,495,1.0,1.2175520827274466,514,1.0,1.2175520827274466
morph_st_sp_plus_psalm,1110,1.0,1.0,1.6791136449987999e-16,0.978926122188568,0.0176478251814842,3416,1.1941345516920814,48,1.0,1.1941345516920814,26,1.0,1.1941345516920814,27,1.0,1.1941345516920814,495,1.0,1.1941345516920814,514,1.0,1.1941345516920814
morph_suffix_inventory_psalm,1110,1.0,1.0,1.417712040666442e-16,0.9853604435920716,0.0124026145786046,3416,1.180360505048882,48,1.0,1.180360505048882,26,1.0,1.180360505048882,27,1.0,1.180360505048882,495,1.0,1.180360505048882,514,1.0,1.180360505048882
morph_vt_atomic_psalm,1110,1.0,1.0,1.5519528272529887e-16,0.9935851097106934,0.0055712829343974,3416,1.1514206628603791,48,1.0,1.1514206628603791,26,1.0,1.1514206628603791,27,1.0,1.1514206628603791,495,1.0,1.1514206628603791,514,1.0,1.1514206628603791
morph_prs_gn_atomic_psalm,1110,1.0,1.0,1.6171272527274752e-16,0.9901334047317504,0.0088916728273034,3416,1.109644434729136,48,1.0,1.109644434729136,26,1.0,1.109644434729136,27,1.0,1.109644434729136,495,1.0,1.109644434729136,514,1.0,1.109644434729136
morph_prs_ps_atomic_psalm,1110,1.0,1.0,1.625688070899654e-16,0.9865766763687134,0.0125143080949783,3416,1.0726380978803816,48,1.0,1.0726380978803816,26,1.0,1.0726380978803816,27,1.0,1.0726380978803816,495,1.0,1.0726380978803816,514,1.0,1.0726380978803816
morph_gn_atomic_psalm,1110,1.0,1.0,1.462815649101334e-16,0.9795169234275818,0.0201948713511228,3416,1.0142712085798622,48,1.0,1.0142712085798622,26,1.0,1.0142712085798622,27,1.0,1.0142712085798622,495,1.0,1.0142712085798622,514,1.0,1.0142712085798622
morph_nu_atomic_psalm,1110,1.0,1.0,1.3816138518743383e-16,0.981776475906372,0.0196673609316349,3416,0.926587159150338,48,1.0,0.926587159150338,26,1.0,0.926587159150338,27,1.0,0.926587159150338,495,1.0,0.926587159150338,514,1.0,0.926587159150338
morph_prs_nu_atomic_psalm,1110,1.0,1.0,1.3254153012564306e-16,0.9871140122413636,0.0151575859636068,3416,0.8501345655947828,48,1.0,0.8501345655947828,26,1.0,0.8501345655947828,27,1.0,0.8501345655947828,495,1.0,0.8501345655947828,514,1.0,0.8501345655947828
morph_st_atomic_psalm,1110,1.0,1.0,1.3979932494642283e-16,0.9883489608764648,0.0158746223896741,3416,0.7339411821923837,48,1.0,0.7339411821923837,26,1.0,0.7339411821923837,27,1.0,0.7339411821923837,495,1.0,0.7339411821923837,514,1.0,0.7339411821923837
morph_vs_atomic_psalm,1110,1.0,1.0,1.3449597344253643e-16,0.9962793588638306,0.0050769499503076,3416,0.7328496779732886,48,1.0,0.7328496779732886,26,1.0,0.7328496779732886,27,1.0,0.7328496779732886,495,1.0,0.7328496779732886,514,1.0,0.7328496779732886
morph_signature_1_2gram,1110,0.2615638527392469,0.2063343646594652,0.199769372840091,0.1735800206661224,0.1426971405744552,3416,0.6165774010532261,48,0.2653713014609009,0.6432594263995391,26,0.3632178664037403,1.328953369171895,27,0.2853922080710065,0.7835629148191918,495,0.2629849359239051,0.6265361372895468,514,0.2534460245986251,0.5596888880252714
sp_1_2_3gram,1110,0.3633213536475694,0.3170939968242167,0.214772664509123,0.2702941596508026,0.1615576595067978,3416,0.5758141971155046,48,0.298591739637074,0.1751546789713226,26,0.4814676707591196,1.307109249743938,27,0.3855670819029025,0.7135094838833662,495,0.3643769674764577,0.5823481728620636,514,0.3612047266425301,0.5627128250635641
morph_signature_1_2gram_shuffle10,1110,0.2392277746039854,0.2010075682799082,0.173746528667159,0.1687606275081634,0.1343526244163513,3416,0.5244940126919162,48,0.2376023539309726,0.5123958443079794,26,0.2985211155406294,0.965820270323454,27,0.2549168529517114,0.6412693895472756,495,0.2388483381188125,0.5216698290422016,514,0.2359215669633703,0.4998855790645288
morph_prs_ps_sp_plus,1110,0.8716310662252169,0.903696114115064,0.1110339070183585,0.8107284307479858,0.1168911457061767,3416,0.5210200918923225,48,0.8736931189110564,0.5386608864399501,26,0.902226031567737,0.7827590384796459,27,0.8693377033652462,0.5014004462286943,495,0.8849723453738821,0.635154306832781,514,0.857163245195653,0.3972483473161258
morph_signature_1_2gram_shuffle18,1110,0.2378459360077475,0.2006279500278984,0.1723769025562498,0.1686922460794448,0.1341566890478134,3416,0.5154695633823843,48,0.2448253299381599,0.5674937597154122,26,0.3106180823331341,1.0579109939356577,27,0.2289747352134081,0.449343894529766,495,0.2361486355977543,0.5028179362287928,514,0.2356136391425218,0.4988300884440148
sp_1_2gram,1110,0.5176405185540272,0.5284836232007591,0.2233987592963842,0.4152647852897644,0.1987406313419342,3416,0.515122310787696,48,0.4448432963887942,0.1488297128740617,26,0.5905737847271145,0.8820994391213851,27,0.5308104697226997,0.5813893397276093,495,0.5312380793856016,0.5835409363086134,514,0.5069627373288274,0.4613950927895372
morph_signature_1_2gram_shuffle15,1110,0.2375816632663657,0.2010075682799082,0.1747996226028729,0.1686879396438598,0.1342399567365646,3416,0.51321324363732,48,0.2209543652898568,0.3893507336907573,26,0.3129314881438259,1.074520224876358,27,0.2647738945467953,0.715777606301651,495,0.2445123442830598,0.5648422904962593,514,0.2272200630878117,0.4360260898982304
morph_signature_1_2gram_shuffle12,1110,0.237468119718577,0.2006279500278984,0.1739834834156289,0.1687826514244079,0.1343058198690414,3416,0.5114109601590069,48,0.2379489141442156,0.5149908081961758,26,0.3029704244221914,0.999121059151621,27,0.2379504311886049,0.5150021036440631,495,0.2402577006018574,0.5321813250322526,514,0.2313980749683062,0.466215266061837
morph_signature_1_2gram_shuffle01,1110,0.2371822961373006,0.2010075682799082,0.1732631150439079,0.1687519252300262,0.1342346221208572,3416,0.5097818269690781,48,0.2320520629384265,0.4715634216290968,26,0.3115542564299566,1.0638263731346391,27,0.2394073469331379,0.5263576608387776,495,0.2384546030644279,0.519260059239004,514,0.2325572220624394,0.4753266767121118
morph_signature_1_2gram_shuffle06,1110,0.2376504710780723,0.2110670586803072,0.1696601001951044,0.1691931188106537,0.1349843144416809,3416,0.5071504237404947,48,0.2349055223809106,0.486815107681623,26,0.3208559870574372,1.123559199260211,27,0.2494307181852056,0.5944216534078713,495,0.2422436768384479,0.541178123769005,514,0.2286557446164414,0.4405150780054389
morph_signature_1_2gram_shuffle25,1110,0.236497443339866,0.2080271010916604,0.1700445235790855,0.1686012744903564,0.1341559290885925,3416,0.5060989052870936,48,0.2341340792008323,0.4884823589660356,26,0.3080218856028661,1.039243006698873,27,0.2294689103293452,0.453708130922739,495,0.2426136606559871,0.5516892668735879,514,0.2275792503430563,0.4396225813750852
morph_signature_1_2gram_shuffle14,1110,0.2368755368115196,0.2006279500278984,0.1719603841186126,0.1688654422760009,0.1344268769025802,3416,0.5059263155001802,48,0.2465641115005705,0.5779995118154692,26,0.2902799994051118,0.903201502011391,27,0.22987963103565,0.4538838524372345,495,0.2397093875047975,0.5270072984001367,514,0.2309077658976443,0.4615321359180703
morph_signature_1_2gram_shuffle03,1110,0.2368096843168644,0.2008448053379327,0.1730059677701708,0.1688175201416015,0.1344336122274398,3416,0.5057675907735867,48,0.23823763061695,0.5163895347682904,26,0.3256369492266367,1.1665194923106144,27,0.2430671117086774,0.5523141894116299,495,0.233406583398743,0.4804532303116814,514,0.2351317351044772,0.4932859711504501
morph_signature_1_2gram_shuffle13,1110,0.2368887376265563,0.2010075682799082,0.1728402778834042,0.1689460277557373,0.1345321089029312,3416,0.5050296945827384,48,0.2351068652640717,0.4917847348700332,26,0.3072551052358277,1.0280748485098408,27,0.2489010657154193,0.5943193681544966,495,0.2390147409919667,0.5208326384505428,514,0.2308173364422777,0.4598999390634867
morph_signature_1_2gram_shuffle17,1110,0.2364439502593256,0.2043015703705439,0.171298683224544,0.1687457263469696,0.1343185901641845,3416,0.5040123175027744,48,0.2472186673417564,0.5842299334653923,26,0.2952637999316935,0.9419252646269912,27,0.2322166002176656,0.4725397563592077,495,0.2376837418693721,0.5132425484673123,514,0.2314905243696633,0.4671341319619085
morph_signature_1_2gram_shuffle23,1110,0.236572586274161,0.2006549962119278,0.1705382906102948,0.1689096689224243,0.1344836801290512,3416,0.5031310660654662,48,0.2531184909840102,0.6261638734215089,26,0.3226579069498306,1.1432482951081406,27,0.237705870965898,0.5115579970555276,495,0.2373425068964316,0.5088560776172902,514,0.2298719419972329,0.4533061038804779
morph_signature_1_2gram_shuffle22,1110,0.2355026454574841,0.2010075682799082,0.1667478871962317,0.1686757206916809,0.1342174559831619,3416,0.4979003980986416,48,0.2381675146404726,0.5177552609662763,26,0.3352365549263369,1.240977434824511,27,0.2504208907940799,0.6090502126091129,495,0.2353467436683668,0.4967388368995019,514,0.2295753757970783,0.4537387082723239
morph_signature_1_2gram_shuffle29,1110,0.2355428161293249,0.1989162826584645,0.1723074050040673,0.1687525659799575,0.1342803090810775,3416,0.4973942241154649,48,0.2518753846348407,0.6190246300721137,26,0.3233291990415317,1.1511489221270836,27,0.2513185838222603,0.6148780741370643,495,0.2366743280837884,0.5058207161469979,514,0.2276586655667748,0.4386801012741947
morph_signature_1_2gram_shuffle26,1110,0.2357209684664284,0.2006279500278984,0.1710453908812774,0.1688755005598068,0.134429320693016,3416,0.4972536315888294,48,0.2444271223448656,0.5620174333662603,26,0.3298384280791228,1.1973796095190592,27,0.2288854921932884,0.4464055261464942,495,0.2360165191574873,0.4994521898314452,514,0.2302215733909529,0.456344438214015
morph_signature_1_2gram_shuffle30,1110,0.2354384029212416,0.2006549962119278,0.1700430112231133,0.1687725186347961,0.134273424744606,3416,0.4964935124969584,48,0.2357886704610324,0.4991021265280451,26,0.3033883009843197,1.0025497048695136,27,0.2355516151051307,0.4973366591144252,495,0.2394442393723084,0.5263269397643879,514,0.2281048310072472,0.4418768083506008
morph_signature_1_2gram_shuffle24,1110,0.2354599573326835,0.2043650744058757,0.1666150546933614,0.16882985830307,0.1343867033720016,3416,0.4958087173637394,48,0.2219228514396515,0.3950762374876658,26,0.2994999362733863,0.9723438010723632,27,0.2327067951870763,0.4753218531388912,495,0.2358712792882047,0.4988694513887617,514,0.2332332504073054,0.4792393182378879
morph_signature_1_2gram_shuffle02,1110,0.2353016640422627,0.2022783197909682,0.1682125098301342,0.168900266289711,0.1343382745981216,3416,0.494285027488958,48,0.2503838155830602,0.6065549787438504,26,0.3163968803467194,1.0979492962690676,27,0.2413769648292164,0.5395089281615559,495,0.2324933519872655,0.4733802476456977,514,0.2321764937078303,0.4710215879086786
morph_signature_1_2gram_shuffle28,1110,0.2345991208186914,0.2006549962119278,0.1684665614026501,0.1686725914478302,0.1342716217041015,3416,0.4909937672172124,48,0.2420595235876349,0.546555788992627,26,0.3243811518817408,1.1596535325763049,27,0.2562463034774436,0.6522131103964939,495,0.2316367941060634,0.4689315721306273,514,0.2310766415393451,0.4647597854223926
morph_signature_1_2gram_shuffle07,1110,0.2343829684199651,0.2015864200633249,0.1687058640632518,0.1688226610422134,0.1343390345573425,3416,0.4880212783557507,48,0.2366984174096111,0.5052571398257668,26,0.3014957575072191,0.9875990020486136,27,0.2308298761556891,0.4615725825170196,495,0.238895576638865,0.5216124697303892,514,0.2266127706670632,0.4301810699717525
morph_signature_1_2gram_shuffle04,1110,0.2345812781730232,0.2006279500278984,0.1688563966196488,0.1690986305475235,0.1347266435623169,3416,0.4860408148979914,48,0.2434116372860844,0.551583597524924,26,0.314660847874101,1.080426361688798,27,0.2275340916428162,0.4337335181089387,495,0.2344123159029171,0.4847867031229291,514,0.230238835197076,0.45380930625851
morph_prs_gn_sp_plus,1110,0.8727698931039038,0.903696114115064,0.109970860213941,0.8166881799697876,0.1154090017080307,3416,0.4859388115668435,48,0.875356124644417,0.5083480820937302,26,0.9026688381125804,0.7450082477995297,27,0.8693377033652462,0.4561994525232513,495,0.8852562128065602,0.5941307161658025,514,0.8591715063061579,0.3681110286686945
morph_full_all,1110,0.8919985347583611,0.9154430445091284,0.0827728182068162,0.8498914837837219,0.0866863653063774,3416,0.4857401833127893,48,0.8896090015243286,0.4581749113627302,26,0.914253590101304,0.7424709305795183,27,0.8804997796304705,0.3530923893113881,495,0.9026758748812238,0.6089122656249909,514,0.8814173074897873,0.3636768434648634
morph_signature_1_2gram_shuffle09,1110,0.2344027675993553,0.2006549962119278,0.1689444835613191,0.1690527498722076,0.134682148694992,3416,0.4852166256653854,48,0.2400683452706129,0.5272829108127076,26,0.3099595720088862,1.0462175091651025,27,0.2390970248039003,0.520070964195251,495,0.2325790601268136,0.4716758001720844,514,0.2315614555595057,0.464120199246735
morph_signature_1_2gram_shuffle11,1110,0.2337460984625881,0.2006279500278984,0.1661702786020302,0.1687244772911071,0.1343078762292862,3416,0.4841236642032671,48,0.2340443624833514,0.4863444127486033,26,0.3008022664017518,0.9833957085671248,27,0.2341834343906176,0.4873798837214951,495,0.2352224515487975,0.4951159688071241,514,0.2288815461529667,0.4479042521613649
morph_signature_1_2gram_shuffle08,1110,0.2335562715078405,0.2006279500278984,0.1666341645861306,0.1687788069248199,0.1342993825674057,3416,0.4823362799192947,48,0.2381809885259983,0.5167721569110344,26,0.29320991775727,0.9265203491907148,27,0.247763006155953,0.5881203451660727,495,0.2364376307142997,0.5037910264071496,514,0.2265857737217452,0.4304336006005953
morph_signature_1_2gram_shuffle19,1110,0.2330559045705119,0.1989853237683558,0.1687583110584536,0.1685654670000076,0.1341463029384613,3416,0.4807470363166765,48,0.2407561477019984,0.5381488652363965,26,0.3146357659110362,1.0888879955047088,27,0.2275564753089892,0.4397512791391899,495,0.2326396132927814,0.4776437731732898,514,0.2288999915498364,0.4497665849017613
morph_signature_1_2gram_shuffle20,1110,0.2331982304605138,0.2006279500278984,0.166995911371431,0.168921023607254,0.1345232129096985,3416,0.4778149842169412,48,0.2409499360322813,0.5354385378334533,26,0.3246209601983879,1.157420591014658,27,0.261883109141353,0.6910486563869223,495,0.2320007357570549,0.4689132141985374,514,0.2274962758169339,0.4354285847231421
morph_prs_nu_sp_plus,1110,0.8752004323643631,0.9036961126963118,0.1053368832707305,0.8190528154373169,0.1178450360894203,3416,0.4764529656085098,48,0.869983144413257,0.4321805199948715,26,0.897068301054312,0.6620175800854038,27,0.8682454833129476,0.4174352141426093,495,0.88734244008197,0.5794866454352415,514,0.8632536522863227,0.3750759329011225
morph_signature_1_2gram_shuffle27,1110,0.23250919334969,0.2008448053379327,0.1667647749419366,0.1686292886734008,0.1341779977083206,3416,0.4760833055144615,48,0.2377726797037136,0.5153109467367245,26,0.3044585387606097,1.0123064318076782,27,0.2524526866735502,0.624717907792652,495,0.2314649523812812,0.468300800288241,514,0.228336225711443,0.444983067699628
morph_signature_1_2gram_shuffle05,1110,0.2322515446511979,0.2037841478527349,0.163142816586387,0.1687109172344207,0.1342825591564178,3416,0.4731860028282779,48,0.2385669318303481,0.5202165868357945,26,0.3120813609604281,1.0676773262788624,27,0.249740584100517,0.6034265907288049,495,0.2302299304342411,0.4581310751469998,514,0.228651897109608,0.4463794870439246
morph_signature_1_2gram_shuffle16,1110,0.2323303107492299,0.2006279500278984,0.1645652700124404,0.1688431650400161,0.1343632489442825,3416,0.472503800020052,48,0.2363416372764487,0.5023581430694841,26,0.3318528989349315,1.2132017882547026,27,0.2264413950011354,0.4286754779575478,495,0.2301510505179702,0.4562846311001088,514,0.2293295394915204,0.4501705259939541
morph_signature_inventory,1110,0.4291184824475204,0.4472135954999578,0.2430261107910357,0.3249402642250061,0.2229133695363998,3416,0.4673484521775304,48,0.4330884713682048,0.4851580116891059,26,0.4872561020948585,0.7281565848088248,27,0.4371394060736351,0.5033306978490039,495,0.4398172297848848,0.5153435426452532,514,0.4150823298231544,0.4043816025284606
morph_signature_1_2gram_shuffle21,1110,0.2307057493268103,0.1982507380136135,0.1662912035054431,0.1685228645801544,0.1339796483516693,3416,0.4641218685948367,48,0.2369327471501957,0.5105990604668502,26,0.2910062624411097,0.9141940538570552,27,0.226900423152609,0.4357195983917307,495,0.2307827302520146,0.4646964403760844,514,0.2271997746424388,0.4379539040755612
sp_1_2_3gram_shuffle03,1110,0.3237681097167564,0.2938669434434673,0.1846526565801211,0.2567135989665985,0.1445701271295547,3416,0.4638199611602182,48,0.2759596764953975,0.1331262406067603,26,0.4556043018433341,1.375738590161868,27,0.3347063419776883,0.5394803515749667,495,0.3257945265171738,0.4778368043397322,514,0.3190378669387066,0.4311005960191003
morph_suffix_host_plus_suffix,1110,0.7960961431224061,0.8247860946285155,0.1250184295959655,0.7335092425346375,0.1357249766588211,3416,0.4611303101940959,48,0.8216817039370303,0.6496406451705389,26,0.8339772332153387,0.7402321455781334,27,0.7951657015899023,0.4542749652501608,495,0.8012633649865769,0.4992015774830929,514,0.7868633256848475,0.3931043825804368
sp_1_2_3gram_shuffle09,1110,0.322902722186062,0.2929728396359689,0.1793491193735166,0.2568249106407165,0.1447115838527679,3416,0.4566172920377551,48,0.2550765492446073,-0.0120816962233517,26,0.4168624370055502,1.1059068120466335,27,0.3072089884273414,0.3481689333031312,495,0.3333113390498349,0.5285439242164397,514,0.315284374286842,0.4039722466558246
morph_ps_sp_plus,1110,0.8543993766260445,0.8873281154416455,0.1262658788390478,0.7939140200614929,0.1336313486099243,3416,0.4526284976821639,48,0.8132614284875004,0.1447819589285399,26,0.8736126661925439,0.5964068084330626,27,0.8526707766556848,0.4396929104240757,495,0.8708939212729387,0.5760616951951408,514,0.8414751520752822,0.3559129838060851
sp_1_2_3gram_shuffle15,1110,0.3223237765034598,0.2937234480205226,0.1811109278350175,0.2570541799068451,0.1446945071220398,3416,0.4510855173069172,48,0.2402542283586275,-0.1161063531876019,26,0.425493759544339,1.1641048647093892,27,0.3085605302789331,0.3559661758870088,495,0.3327880939049132,0.5234055908852978,514,0.3154146116906814,0.4033355028094701
sp_1_2gram_shuffle04,1110,0.4868965954242699,0.490642516448226,0.2043464048822753,0.4039798974990845,0.1888273209333419,3416,0.4391138820131644,48,0.3932974646056801,-0.0565724961864778,26,0.5992674254471224,1.0342122473737605,27,0.4552476515656088,0.2715060183723222,495,0.5062715548715634,0.5417206412020692,514,0.4729569714096235,0.3652918103672546
sp_1_2gram_shuffle30,1110,0.4852763464155686,0.4910098404171705,0.2028815417013617,0.4029569029808044,0.1882862746715545,3416,0.4372036335540748,48,0.3922742369628166,-0.0567362970913443,26,0.5377929265505622,0.7161224247755972,27,0.4539160161746935,0.2706469883839483,495,0.5094099187832233,0.5653785226146454,514,0.4697107447905431,0.3545337647482999
sp_1_2_3gram_shuffle30,1110,0.319728949143204,0.2956562024925874,0.173054221347777,0.2567194104194641,0.1448172181844711,3416,0.4350970106570963,48,0.2428005535757871,-0.0961132731188557,26,0.401472285890411,0.9995556970757288,27,0.2934400999490381,0.253565770630937,495,0.3340184279413252,0.5337695233407674,514,0.3103977101451127,0.3706624143081669
sp_1_2gram_shuffle03,1110,0.4852298053673107,0.4893283129919678,0.2069553099204012,0.4034179151058197,0.1883839666843414,3416,0.4342826605757592,48,0.4229961749819164,0.1039274213229744,26,0.5898868938758219,0.9898346555280472,27,0.4783163457529589,0.39758389190647,495,0.49326577608699,0.476940063225872,514,0.4783718050961509,0.3978782871470423
sp_1_2_3gram_shuffle01,1110,0.320220618527154,0.2937234480205226,0.1774486019968287,0.2574515342712402,0.1450362503528595,3416,0.4327820396845789,48,0.2572554640673288,-0.0013518703319643,26,0.4530287591386495,1.3484713262483574,27,0.2757912688955462,0.1264493158068217,495,0.3344557429502302,0.5309307741454014,514,0.3080076255481724,0.3485755537249065
morph_vt_sp_plus,1110,0.8554255337962893,0.8872442614026834,0.1193795572704885,0.8026491403579712,0.1220264658331871,3416,0.4324995653849763,48,0.8274753157494755,0.203449106077056,26,0.8622415811452797,0.4883566886938503,27,0.8351927722947956,0.2666932268718843,495,0.8684971543326991,0.5396207578833239,514,0.8461652723764267,0.3566122457233419
sp_1_2gram_shuffle15,1110,0.4848011763953592,0.4803308008330475,0.2076105402976504,0.4036749005317688,0.1883176267147064,3416,0.4307949143098187,48,0.3832238465600983,-0.108598724019887,26,0.556343545497737,0.8106975838074628,27,0.4697623795375553,0.3509362355437199,495,0.5047747719826058,0.5368582496209938,514,0.4722228260741614,0.3640016430657334
sp_1_2_3gram_shuffle23,1110,0.3187093204165777,0.2937234480205226,0.1752407458433095,0.2566676735877991,0.1444989442825317,3416,0.4293570941769069,48,0.2709703678071498,0.0989813059906195,26,0.4270965139870263,1.179446958906468,27,0.2874853697752055,0.2132728120639424,495,0.3235830895765258,0.4630858468965025,514,0.3146313702717598,0.4011357797232566
sp_unigram,1110,0.7314320976146844,0.7715167498104596,0.2070728023961357,0.6393800377845764,0.2152669578790664,3416,0.4276181571805431,48,0.6625810891755092,0.1077780427591992,26,0.7479176219322731,0.5041999256043341,27,0.7039090266816854,0.2997626274505182,495,0.7539801399194186,0.5323627149468182,514,0.7167590757220204,0.3594561780397075
sp_1_2_3gram_shuffle04,1110,0.3191745479156238,0.2943663351468708,0.1719810090809259,0.2571949660778045,0.1449851542711258,3416,0.4274891601792268,48,0.2437987878838169,-0.092396895815529,26,0.433474789537527,1.2158474041423226,27,0.2950306285012606,0.2609623213746589,495,0.3293904771540698,0.4979510587770792,514,0.3118617678582585,0.3770510301918616
sp_1_2_3gram_shuffle26,1110,0.3184570249132644,0.2927037850371858,0.1787627083494914,0.2569745779037475,0.1446249783039093,3416,0.4251163784468821,48,0.2518863994920007,-0.0351818784792119,26,0.4684052206357829,1.4619234188422363,27,0.2910805979237504,0.2358238557404225,495,0.3215648469017818,0.4466052113232251,514,0.3155339287573032,0.4049048203174232
sp_1_2gram_shuffle09,1110,0.4830051567940368,0.4717841455831952,0.202481505528859,0.4034452140331268,0.188596174120903,3416,0.4218534290621751,48,0.3932378639993345,-0.0541227842047776,26,0.5597432593509111,0.8287445174661207,27,0.4600104699783469,0.2999279079169332,495,0.5022890421518231,0.5241030396265126,514,0.470143235937201,0.3536552224082561
sp_1_2gram_shuffle01,1110,0.4833609718905559,0.4896260061991529,0.2043994253573632,0.4043353796005249,0.1888309121131897,3416,0.4184992351393252,48,0.4064197174634408,0.0110381178568183,26,0.5599336638363851,0.8240085402044286,27,0.4446294816546119,0.2133872129470718,495,0.5071856650847226,0.5446686897458126,514,0.4657633402313496,0.3253066986935026
sp_1_2gram_shuffle23,1110,0.4819584263306612,0.4858087413657498,0.2022587405009308,0.4032195508480072,0.1883214265108108,3416,0.4181089583990269,48,0.4325963832554713,0.1559930431271327,26,0.5576489695098434,0.8200310581917295,27,0.4380989300107992,0.1852119528246547,495,0.4969102731003997,0.4975043147679964,514,0.4706441582267042,0.3580294002011841
sp_1_2gram_shuffle26,1110,0.4815854867245245,0.4759219295159582,0.2036880296585029,0.4037809371948242,0.1885166764259338,3416,0.4127197179835113,48,0.3932857568871963,-0.0556724238226815,26,0.5915852753883658,0.9962213516284216,27,0.4451913807191213,0.2196646169951274,495,0.495431295402996,0.4861657862092653,514,0.472844938267782,0.3663548625104914
sp_1_2_3gram_shuffle07,1110,0.3168599303882145,0.2929728396359689,0.1781039535811069,0.2570735514163971,0.1449877172708511,3416,0.4123547849238195,48,0.2808926555394276,0.1642835998206255,26,0.3918566530834425,0.9296173786587556,27,0.2747974788825146,0.1222443376565994,495,0.3281038144570122,0.4899053821774687,514,0.307806385600792,0.3499112555142932
morph_nu_sp_plus,1110,0.7815597394526375,0.8183170894011276,0.1596345291591135,0.7111431360244751,0.1710443943738937,3416,0.4116861221083662,48,0.7636572863911132,0.3070205870169882,26,0.807381795392714,0.5626531037191811,27,0.7456353819832384,0.2016566873472927,495,0.8019164096074625,0.5307000788611752,514,0.7642082807319108,0.3102419398290142
sp_1_2_3gram_shuffle28,1110,0.3161256872280379,0.2937234480205226,0.1714972708830798,0.2567315995693207,0.1448112875223159,3416,0.410148191311153,48,0.2645518504840822,0.0540030480259101,26,0.4307359930600942,1.201594133081365,27,0.2833336266285156,0.1837013365073176,495,0.324250291327484,0.466252962137074,514,0.3090427744246093,0.3612368604016958
sp_1_2gram_shuffle25,1110,0.4805089252750265,0.4897191273238065,0.1991852866954447,0.4033759534358978,0.1882146149873733,3416,0.4098139341852028,48,0.3888968355219833,-0.0769287651486885,26,0.5628481599295958,0.8472891783902987,27,0.4251178087280711,0.1155162966150737,495,0.5051200475015183,0.5405748861343531,514,0.4641073977493096,0.3226712458938753
sp_1_2_3gram_shuffle20,1110,0.3167700994944651,0.2933481438282457,0.1801876856863577,0.2574391067028045,0.1451658755540847,3416,0.4087117069710743,48,0.2651814854546617,0.0533347022659783,26,0.4187690095075659,1.1113486705396844,27,0.3172523650931609,0.4120338761575659,495,0.3236677082137428,0.4562270661624146,514,0.3097602635535363,0.3604232513393847
sp_1_2_3gram_shuffle11,1110,0.315825224027399,0.2929728396359689,0.1752343681665042,0.2569708526134491,0.1442280262708664,3416,0.408064735652826,48,0.2363311945293211,-0.1431043509211294,26,0.4257034882794095,1.169901856308242,27,0.30436602458772,0.3286127751984953,495,0.3247382805289538,0.4698631026693428,514,0.3097091033308177,0.3656588256870683
sp_1_2gram_shuffle29,1110,0.4802223165146044,0.4739186817159431,0.2023814493870621,0.4035495221614837,0.1881836950778961,3416,0.4074359062903033,48,0.4459664885683499,0.2254019211882741,26,0.5529495116634463,0.7939050694063607,27,0.4214287699898796,0.0950095480960503,495,0.4967222431890132,0.4951158015521052,514,0.4669408665532922,0.3368588567971762
sp_1_2gram_shuffle28,1110,0.4798941687677985,0.4890306197847825,0.2006943052238507,0.4032138884067535,0.1883070766925811,3416,0.4072087024441921,48,0.4188725798588741,0.0831550875683976,26,0.5683704093440741,0.8770595552653881,27,0.4413151532705229,0.2023358098536636,495,0.4992826772722765,0.5101708897661827,514,0.4644719425447539,0.3253093575341654
sp_1_2_3gram_shuffle29,1110,0.3156976676539359,0.2929087722400532,0.1722412353551494,0.2569759786128998,0.1447508186101913,3416,0.4056743140028209,48,0.2806429138726054,0.1635012187629821,26,0.4042135785890252,1.0171797395676971,27,0.2550778758088817,-0.013112898581455,495,0.326089455412162,0.4774651878507322,514,0.3076704574140255,0.3502189437535696
morph_atomic_core,1110,0.8650687226994238,0.8877263382457152,0.1002951950071359,0.823482871055603,0.1026020050048828,3416,0.4053122708648989,48,0.8456490508762581,0.2160404157755023,26,0.8812016316608093,0.5625500262149797,27,0.8486301495939815,0.2450953910421316,495,0.8776446920330232,0.5278826761216081,514,0.8548185773068776,0.3054102719511506
sp_1_2_3gram_shuffle21,1110,0.3154224233928274,0.2935269134479618,0.1760413417743665,0.2569365799427032,0.1450003981590271,3416,0.4033495369163099,48,0.263586824813702,0.045863631792964,26,0.399471956414955,0.9829998971170284,27,0.2856761927353488,0.198203681903865,495,0.3213536915992732,0.4442547225692542,514,0.3118620952581659,0.3787956172039187
sp_1_2_3gram_shuffle25,1110,0.3149289328937721,0.2938669434434673,0.1689464914849049,0.2566922605037689,0.1445309668779373,3416,0.4029356036840644,48,0.239978887484259,-0.1156386993081219,26,0.4220766553290345,1.1442834597857487,27,0.2691815426951136,0.0864125001107371,495,0.3298953504691109,0.5064872362416641,514,0.3044981240064391,0.3307655413600351
morph_suffix_inventory,1110,0.9417838023790832,0.9761870601839528,0.0961907675734961,0.8896650075912476,0.1298709064722061,3416,0.40131232008448,48,0.9568846631873236,0.5175882529969243,26,0.975800659105157,0.6632405505873903,27,0.9341818451096204,0.3427775991376482,495,0.9526994398417744,0.4853622259425521,514,0.9285400916953668,0.2993363576193944
sp_1_2_3gram_shuffle06,1110,0.3151059702391703,0.2929728396359689,0.1749796889529146,0.2569442093372345,0.1449515372514724,3416,0.4012497004501066,48,0.2651110216668496,0.056341674496675,26,0.4216948444698346,1.1365911549235843,27,0.263674937782866,0.0464343364220728,495,0.3302803090655007,0.5059353016797432,514,0.302471314516915,0.3140850110523269
sp_1_2_3gram_shuffle19,1110,0.3155752198545099,0.2914069502575633,0.1766071774008303,0.2573415040969848,0.1451947689056396,3416,0.4010730978563729,48,0.2392915912356681,-0.1243151733176225,26,0.3993575860129834,0.9781074276050064,27,0.2804574557941339,0.1592065049683147,495,0.3238251491218082,0.457892839569381,514,0.312360700974941,0.3789337404690693
sp_1_2gram_shuffle07,1110,0.4791197695670557,0.4810514960023457,0.2029515211794578,0.4035926461219787,0.1884911507368087,3416,0.4006932057544488,48,0.4209754350834143,0.0922207164287901,26,0.5336447446006634,0.6899639477519931,27,0.4452520543734553,0.2210151940217383,495,0.496183199093827,0.4912196281359275,514,0.4671378812379048,0.3371258272206878
sp_1_2_3gram_shuffle10,1110,0.3149112631742378,0.2937234480205226,0.1726049496196207,0.2568065822124481,0.1451186090707779,3416,0.4003944175998176,48,0.2455927377736468,-0.0772736488490739,26,0.4126580085052015,1.0739589311853233,27,0.2952421627095777,0.2648563181747674,495,0.3221732684617643,0.4504362787644644,514,0.310479836979381,0.3698578363630476
sp_1_2_3gram_shuffle17,1110,0.315300468536788,0.2904125722408741,0.1750730277238328,0.257206916809082,0.1451966762542724,3416,0.4001024901284305,48,0.2531712472261044,-0.0277945038900904,26,0.4047181434355925,1.0159407944585777,27,0.2763621948090091,0.1319264221061217,495,0.3169909288461499,0.4117450452679266,514,0.3169967693404062,0.4117852699783467
sp_1_2gram_shuffle13,1110,0.4784788158038267,0.4890306197847825,0.2013092535931131,0.403100311756134,0.1888514161109924,3416,0.3991418523618111,48,0.3965464951026103,-0.0347035610772009,26,0.559363647740173,0.8274406366759745,27,0.4564345148390431,0.2824135724328555,495,0.4987310551380086,0.5063808646564244,514,0.4636929858795904,0.3208483969632752
sp_1_2_3gram_shuffle13,1110,0.314762568576099,0.2929728396359689,0.1732166815245871,0.2567772269248962,0.1452897042036056,3416,0.3991015190583873,48,0.2503582728568223,-0.0441803781159784,26,0.4200814945862512,1.123990640331294,27,0.2862822813358647,0.2030773933548712,495,0.3280128648045352,0.4903006601198045,514,0.3041851079548378,0.3262989713538495
sp_1_2gram_shuffle12,1110,0.4775475122716386,0.4783912052772173,0.1999061449283204,0.4027226865291595,0.1880162358283996,3416,0.3979700232418803,48,0.3926073149591054,-0.0538005216703002,26,0.5448803051950099,0.7560922493714638,27,0.4621883815698561,0.3162795743606431,495,0.4974266690824677,0.503701088025948,514,0.4637362102533148,0.3245119946973179
sp_1_2_3gram_shuffle14,1110,0.3145709501197629,0.2929728396359689,0.1744552259202427,0.2569725811481476,0.144761249423027,3416,0.3978852711011016,48,0.2749383652585633,0.1241063073303228,26,0.420369419029673,1.1287332662074558,27,0.2748993911602892,0.1238370771431739,495,0.319735071343935,0.4335586384197359,514,0.3100310590061841,0.3665240391991018
sp_1_2gram_shuffle16,1110,0.4787022515445483,0.4774457658680046,0.2018068382817763,0.4037967026233673,0.1885380446910858,3416,0.3972967315106699,48,0.3992725683864574,-0.0239958690794873,26,0.5703153517371147,0.8832098019611023,27,0.4445184116821216,0.2159866944916906,495,0.4904782490502654,0.4597562607001857,514,0.4719406350027918,0.3614333249879428
sp_1_2gram_shuffle27,1110,0.478495819008245,0.4824219356108469,0.1979780953280581,0.4036667943000793,0.1885054260492324,3416,0.3969595267174026,48,0.4094522601979782,0.0306912433193721,26,0.5418194235299001,0.7328840984860512,27,0.4590771966793458,0.2939459279267366,495,0.4934655022980128,0.4763720062598116,514,0.4683440421206478,0.3431054966220256
sp_1_2gram_shuffle22,1110,0.4782584795447145,0.4757610467736713,0.2010994081986437,0.4037512242794037,0.1885825395584106,3416,0.3950909529576749,48,0.4252140579835675,0.1138113515409312,26,0.5783547547734675,0.9258732590139024,27,0.4625332620899063,0.3117045615577563,495,0.4884851189197911,0.4493199361871058,514,0.4691262294661238,0.3466652073930272
sp_1_2gram_shuffle10,1110,0.4776297123539431,0.4781031638947823,0.1991510758952013,0.4032297432422638,0.1886510848999023,3416,0.3943786973245117,48,0.3933080720255533,-0.0525927069116769,26,0.5524194866519371,0.7908236705282288,27,0.4660578018411827,0.3330384165681064,495,0.4925613136972784,0.4735279974796522,514,0.467949174460769,0.3430641877985763
sp_1_2gram_shuffle19,1110,0.478395361769853,0.4784273411119787,0.2016163739513123,0.4040400683879852,0.1888618469238281,3416,0.3937020345451602,48,0.3898017666761466,-0.0753900374466908,26,0.538498666114344,0.7119415589565252,27,0.4365792552509007,0.1722909491404012,495,0.4964955990362122,0.4895405406340021,514,0.4683938521992403,0.3407452847647427
sp_1_2gram_shuffle06,1110,0.477183407615248,0.4747416000100593,0.203349267462148,0.403281420469284,0.1883916109800338,3416,0.3922785455335176,48,0.40683503876048,0.0188629327638827,26,0.5633730061736525,0.8497808627016585,27,0.4368750074353529,0.1783178496712847,495,0.4992019719692083,0.5091551104687466,514,0.4603058387283942,0.3026908574243986
sp_1_2_3gram_shuffle22,1110,0.31380096033701,0.2933204449173539,0.1712499356009059,0.257034569978714,0.144849419593811,3416,0.3918993290928002,48,0.2673541546278984,0.0712435346867302,26,0.4613464820960616,1.4105124666034714,27,0.3020946740035757,0.3110823926752347,495,0.3151542346570685,0.401241957622851,514,0.3099866841713987,0.3655666300988563
sp_1_2_3gram_shuffle12,1110,0.312727674824894,0.2929728396359689,0.171460540005425,0.256240963935852,0.1441571861505508,3416,0.3918411034330955,48,0.2410299416349806,-0.1055169201553761,26,0.4218602111036326,1.1488795778437,27,0.2936910017840701,0.2597861324034656,495,0.3245743016552752,0.474019641643526,514,0.3034941245154235,0.327789143513266
sp_1_2gram_shuffle14,1110,0.4769894918759204,0.4780914441408497,0.2012005667505897,0.4036082029342651,0.188468262553215,3416,0.3893562128049846,48,0.4290780932189418,0.1351415349175042,26,0.5637756620660004,0.8498378292552631,27,0.4456157646346489,0.2228893137300651,495,0.4912491437820945,0.4650169724097898,514,0.4649892382816618,0.3256836695784011
sp_1_2gram_shuffle18,1110,0.4770773012742834,0.4832066444053712,0.2024384867648407,0.4036396741867065,0.1886326521635055,3416,0.3893155625247827,48,0.4031279305792076,-0.002712911055586,26,0.5493498829435102,0.772454859143384,27,0.4416965885474094,0.2017514673319408,495,0.4887237204181269,0.4510568305940482,514,0.4709698780007167,0.3569382238004523
sp_1_2_3gram_shuffle18,1110,0.3131272250697593,0.2937234480205226,0.1686613309231029,0.2570177316665649,0.1448470503091812,3416,0.3873706318729077,48,0.2547475389546262,-0.0156730337766138,26,0.4142260696468025,1.0853402788988162,27,0.2792665648608554,0.1536022524918496,495,0.3143896496416679,0.3960862016357294,514,0.3140279889551074,0.3935893562682294
sp_1_2gram_shuffle11,1110,0.4770804687849551,0.4706529584517886,0.200165154807676,0.4040825963020324,0.1884539723396301,3416,0.3873512008086859,48,0.3794418772180439,-0.1307519219577992,26,0.5708114077350835,0.8847190078465093,27,0.4638575106639411,0.3171857489646479,495,0.4946548439861063,0.4806067314985822,514,0.4652270682542271,0.3244530809995376
sp_1_2_3gram_shuffle27,1110,0.3130119906188561,0.2933890995120497,0.1688675961738253,0.2570824325084686,0.1448538452386856,3416,0.3861102756245683,48,0.2548388749887491,-0.0154884222508742,26,0.3884161884075506,0.9066639251631492,27,0.2960144098647521,0.2687673032920363,495,0.3182714146775516,0.4224187633283586,514,0.310458138827116,0.3684797336977596
sp_1_2_3gram_shuffle08,1110,0.3121939860334335,0.2879547268802742,0.1734581403268091,0.2565036416053772,0.1444580107927322,3416,0.3855123306935231,48,0.2446911117666018,-0.081771372691293,26,0.4029969401766055,1.0140891305876856,27,0.287467746934859,0.2143467514162919,495,0.3236777493066775,0.4650078409128966,514,0.3041441938009261,0.329788233508929
sp_1_2gram_shuffle02,1110,0.4764660248536826,0.4884228879355904,0.1992820414824841,0.4039462804794311,0.1886222660541534,3416,0.3844707514723158,48,0.416946156710576,0.068920157217349,26,0.5849544366182465,0.9596330270300536,27,0.46701060421015,0.3343418836491609,495,0.4808045353398318,0.4074718031344969,514,0.4728551077947761,0.3653271098734504
sp_1_2gram_shuffle20,1110,0.4767596498513393,0.4815022108450743,0.202042137687853,0.4043087363243103,0.188787505030632,3416,0.3837696436280218,48,0.427891763658128,0.1249183696240449,26,0.5500603505556648,0.7720405765609613,27,0.4836267249014683,0.420144270481715,495,0.4878189365806537,0.4423502511079499,514,0.4666041680645642,0.3299764554340925
sp_1_2gram_shuffle21,1110,0.4758755102033846,0.4833531806707197,0.19920944842602,0.4035854041576385,0.1888245344161987,3416,0.3828427607103607,48,0.4138851101841543,0.0545464394145603,26,0.5335611594861092,0.6883414580119328,27,0.4487994580354895,0.2394501012150895,495,0.4882065691668994,0.4481470867696812,514,0.4682935871317222,0.3426894877519294
sp_1_2_3gram_shuffle02,1110,0.3125086067273845,0.2950023677027984,0.1685845364115711,0.2572264075279236,0.1450514644384384,3416,0.3811212759104777,48,0.2706499408487555,0.092543245756261,26,0.4567057129225768,1.375231240628492,27,0.298632077322184,0.2854550276659463,495,0.3076950145610548,0.3479358669594866,514,0.3144881507300553,0.3947684597588765
sp_1_2gram_shuffle17,1110,0.475858790595596,0.4645459977557185,0.2016746943874434,0.4039285480976105,0.1889846324920654,3416,0.3806142412188228,48,0.4067445806131299,0.0149008545212675,26,0.5339872210023457,0.688197083486118,27,0.4418993577309461,0.200920091399124,495,0.4829934970775389,0.4183670806315323,514,0.4742855763297726,0.3722896793479547
sp_1_2_3gram_shuffle16,1110,0.3120978138798459,0.2954386777861293,0.166637325432805,0.2570658028125763,0.1448534429073333,3416,0.3799151056594152,48,0.2485466792212002,-0.058812020069319,26,0.4359848781393593,1.2351730945134825,27,0.2866207246987023,0.2040332717879069,495,0.3140320369285631,0.3932680713183301,514,0.3112414554978294,0.3740032104028808
morph_prs_ps_atomic,1110,0.9436361688906622,0.9804481473337344,0.0960669619818466,0.8957751989364624,0.1266299784183502,3416,0.3779592364462104,48,0.964227381648056,0.540568541245792,26,0.9809465373974092,0.6726001182718718,27,0.9433696030693683,0.3758541597130135,495,0.9538496636470964,0.4586154513804951,514,0.9300040085389296,0.2703057366825481
sp_1_2gram_shuffle05,1110,0.473812553107012,0.4830380298814786,0.1957076377797458,0.4034285247325897,0.1880210191011428,3416,0.3743412769003255,48,0.4021538057398466,-0.0067796621826488,26,0.573955167388535,0.9069552088972204,27,0.4391126897491094,0.1897881693605968,495,0.4893751577445447,0.4571118347450368,514,0.4622742630630218,0.3129742547495553
sp_1_2_3gram_shuffle24,1110,0.3108895800905676,0.2912265643318997,0.1716736038617351,0.2567413449287414,0.1446868032217025,3416,0.3742444642919865,48,0.2409814255615055,-0.108924373310585,26,0.4359266100841198,1.2384354423866428,27,0.2822350091192999,0.1761989595657506,495,0.3153322385267676,0.4049498108562658,514,0.3083199032965361,0.3564841935774973
sp_1_2gram_shuffle24,1110,0.4736568629515393,0.4645459977557185,0.200772848613751,0.4032343626022339,0.1882682889699936,3416,0.3740539669988154,48,0.3855149399688737,-0.0941179352630344,26,0.5703617490264506,0.8877086382340985,27,0.4529911826773896,0.2642867811003798,495,0.4874310931049342,0.4472167403408003,514,0.4648168137427684,0.3270994360093727
sp_1_2gram_shuffle08,1110,0.4733831790936667,0.4645459977557185,0.1988913254847471,0.4030967950820923,0.1882779449224472,3416,0.3733118291711,48,0.3960534809538492,-0.0374091300558028,26,0.5300246183475483,0.6741513102755522,27,0.4374802960026856,0.1826209699429006,495,0.4919280656174791,0.471809221053358,514,0.4617660722926542,0.3116099298551837
sp_1_2_3gram_shuffle05,1110,0.3095456149419533,0.2934561457711339,0.1678958249546348,0.2568468749523163,0.1444745063781738,3416,0.3647615161369285,48,0.2518197939025571,-0.0347956271025445,26,0.476143787890361,1.5178934916310922,27,0.2768648362452311,0.1385570492313449,495,0.3148829392564585,0.4017045343088286,514,0.3030858725341009,0.3200495280513384
morph_gn_sp_plus,1110,0.7617177384188839,0.800047347808843,0.1666794705746376,0.7008310556411743,0.1685245484113693,3416,0.3612926624142903,48,0.739289982290002,0.2282096407399901,26,0.8089582825003334,0.6416111354603363,27,0.7322803267317916,0.1866153707995668,495,0.7787780499355365,0.4625260534987052,514,0.746539205467283,0.2712254698617253
morph_st_sp_plus,1110,0.8220169548741034,0.8586296620629981,0.1432448111447523,0.7702752947807312,0.1448868364095688,3416,0.3571177435823634,48,0.7841455654084349,0.0957317515615773,26,0.8289541680977724,0.4049979609684259,27,0.8170952540690479,0.3231484684776,495,0.8394944403915686,0.4777462696139452,514,0.8086297753821341,0.2647202572149601
morph_vs_sp_plus,1110,0.8526379151929889,0.8838834764831845,0.1164754325429975,0.8109569549560547,0.1214321851730346,3416,0.3432447516079941,48,0.8240803647457198,0.1080719231970082,26,0.8559279286159664,0.3703381734902523,27,0.8471545195234391,0.2980887193605612,495,0.8609284183274006,0.4115174514906337,514,0.8474423406871824,0.3004589407588925
morph_ps_atomic,1110,0.9222671462854266,0.9622504471624052,0.1174491268577043,0.8776764273643494,0.1313425898551941,3416,0.3394993122203449,48,0.9048113233837476,0.206596322253996,26,0.9411571307924632,0.4833215448096581,27,0.9287332110951284,0.3887298384101419,495,0.9353418595010592,0.4390459499868731,514,0.9100106737377566,0.2461824942621878
morph_prs_gn_atomic,1110,0.9454830937495534,0.9805806735553508,0.0940224315827259,0.9054917097091676,0.1214429140090942,3416,0.3293019141272514,48,0.967037919208,0.5067912772104884,26,0.981664695507096,0.6272328560250474,27,0.9433696030693683,0.3118987523418986,495,0.954037269118984,0.3997397444381241,514,0.933513043502074,0.2307366718062118
morph_prs_nu_atomic,1110,0.9488869442435744,0.9805806736677491,0.0885455922314873,0.9079349040985109,0.1289781332015991,3416,0.3175114969376527,48,0.958498445334502,0.3920318892889997,26,0.970875201005425,0.4879919979035168,27,0.941589252517028,0.2609306522208213,495,0.9567859467164324,0.3787544555445314,514,0.9396534514894488,0.245921898569894
morph_vt_atomic,1110,0.922072185376088,0.9506541538418172,0.1087071232635894,0.8901880979537964,0.1122020855545997,3416,0.2841666201184499,48,0.9171648523958784,0.2404300624960709,26,0.9231916138413516,0.2941435154651823,27,0.9000085703503603,0.0875248650506151,495,0.9305120355794496,0.3593867032536645,514,0.915504945294345,0.2256361565421075
morph_nu_atomic,1110,0.8219022140231643,0.8888888888888888,0.1848511068231806,0.7688823938369751,0.2179137915372848,3416,0.2433064002611215,48,0.8292248080154933,0.2769095693890197,26,0.8509286351197876,0.3765077956012455,27,0.776370092640443,0.0343608302652416,495,0.8385610842043747,0.3197534670745134,514,0.8060988192322894,0.1707850849309216
morph_st_atomic,1110,0.8872641900318758,0.9428090415820632,0.1448298045344521,0.8613967895507812,0.1498847007751464,3416,0.1725819936745929,48,0.8694345425663887,0.0536262405304831,26,0.8826593707904996,0.1418595835983019,27,0.8959721629611841,0.2306798040866893,495,0.9012981411840248,0.2662136390631527,514,0.8751895349525262,0.0920223700645502
morph_gn_atomic,1110,0.7885460345213033,0.8528028639783789,0.2058680936856855,0.7515320181846619,0.2185960263013839,3416,0.169326117052143,48,0.789157689207113,0.172124222288358,26,0.8497948627779925,0.4495179818953029,27,0.7524308012587588,0.004111616708246,495,0.8002574669898952,0.2229018048939933,514,0.7760093093589355,0.1119750051655842
morph_vs_atomic,1110,0.916930556121908,0.9486832980505138,0.1080572789266267,0.9026362895965576,0.1091025099158287,3416,0.1310168440339101,48,0.9097945967351924,0.0656108383222089,26,0.9099612031117246,0.0671379010512043,27,0.918572798460054,0.1460691314598659,495,0.9177466654735,0.1384970509716026,514,0.9170772770492605,0.1323616428608644
