model,prevalence,point_ap,ap_ci_low,ap_ci_high,ap_ci_low_pct,ap_ci_high_pct,point_gap,gap_ci_low,gap_ci_high,gap_ci_low_pct,gap_ci_high_pct,point_auc,auc_ci_low,auc_ci_high,auc_ci_low_pct,auc_ci_high_pct,n_valid_resamples,n_valid_jackknife
homograph_binary,0.24975391498881433,0.299991008583523,0.2389250110551334,0.3627043960133553,0.24459435058588855,0.3719544660049972,0.23350032722296368,0.09740220904092867,0.391994618404551,0.09678732295175188,0.3919840443105702,0.5699340984243246,0.5283735790612161,0.6159535248763316,0.5286212696640644,0.6165204127724975,1000,150
homograph_binary_psalm,0.24975391498881433,0.4063360549931022,0.3368698014691246,0.47174847637083406,0.3427665441816238,0.4794085554243871,0.5991202073034858,0.4532916547421806,0.7511965137203852,0.4575705741823074,0.7578091716427544,0.6692201205278143,0.6262595605470186,0.7103313293293121,0.6284511298360398,0.7123484864724204,1000,150
homograph_count,0.24975391498881433,0.29973716131129824,0.24041200025384876,0.36331888127685424,0.24492660302471023,0.3697438308854339,0.22735519936861737,0.09642083058024392,0.39076198014791774,0.08626944483017887,0.3824607830695415,0.5685373310066982,0.5297741891208327,0.614241955807368,0.5287717667387939,0.6139863864216925,1000,150
homograph_count_psalm,0.24975391498881433,0.29973707484356826,0.2404128106121061,0.363319290662609,0.2449266643753774,0.36974650468341064,0.22735519870156548,0.09642083278297975,0.39076197990503103,0.08626944544296841,0.38246078058122907,0.568537138696902,0.5297738920344133,0.6142407900384675,0.5287712572926926,0.6139856671574374,1000,150
homograph_icf,0.24975391498881433,0.32410501933663616,0.259186353219207,0.3856989110780411,0.26549265237418945,0.399329833868291,0.35308138082033913,0.20704744269963207,0.4957501816403977,0.2107333017535696,0.5062629329778535,0.6014048700703735,0.5579692059136571,0.6404079441086692,0.560551553574143,0.6452462715083503,1000,150
homograph_icf_position2,0.24975391498881433,0.3124503118471234,0.248820330694869,0.3729950020179846,0.2561027349011703,0.3837943507472187,0.3237970710059489,0.1653583665919136,0.46370591479447176,0.17681521180627402,0.47793851135990156,0.5951727078723597,0.5503905038216903,0.6366144671347354,0.5536712326267795,0.6397227990473581,1000,150
homograph_icf_position2_psalm,0.24975391498881433,0.31245034205058797,0.24881968356439427,0.3729949141809035,0.25610387280960334,0.3837944287008261,0.32379714045410696,0.16535841688145592,0.4637060066175975,0.17681527385626333,0.4779385443011049,0.5951727933433801,0.5503905035590785,0.6366148772593757,0.5536712326267795,0.6397228892770134,1000,150
homograph_icf_position4,0.24975391498881433,0.3055565992912112,0.24189138103682187,0.3645648606919243,0.25228686896414854,0.3721469810695396,0.3084505480936641,0.1395094620073783,0.4393780557902745,0.15585231417903617,0.46216917250317996,0.595091211254277,0.5468754111365938,0.6337385470688799,0.5517979026661535,0.6397071575221784,1000,150
homograph_icf_position4_psalm,0.24975391498881433,0.305556606211975,0.24189134689919534,0.3645644308455436,0.2522865283921881,0.3721469401911328,0.30845057643367296,0.13950948792769374,0.43937806383433187,0.15585230978378548,0.4621692172733064,0.595091211254277,0.5468754035452975,0.633738555675228,0.5517977814202176,0.6397071575221784,1000,150
homograph_icf_position8,0.24975391498881433,0.30686722234491537,0.24412016687965715,0.3630484388320312,0.257068633185506,0.374877250341456,0.30707691482274724,0.1412670658490307,0.44908811883255983,0.15577659547566727,0.4698299673124656,0.5970659978160445,0.5472890994280333,0.640801720720414,0.5517142349331534,0.6443036671849992,1000,150
homograph_icf_position8_psalm,0.24975391498881433,0.30686716790119584,0.24411992126080434,0.3630484117755979,0.25706863227669935,0.37487724186062454,0.307076959454553,0.14126713391657794,0.4490881889136202,0.15577664673699576,0.46983005035381536,0.5970659123450239,0.5472888229758308,0.640801543423316,0.5517142326080793,0.6443035778956504,1000,150
homograph_icf_position_mean,0.24975391498881433,0.32159830553283286,0.2575158806964936,0.3845533130602585,0.26372554326387543,0.3955448867822493,0.35473520301708644,0.20536570336136575,0.4963540357054518,0.20856637136938927,0.5054503978350655,0.6029786052360231,0.558544857194966,0.6419271927726623,0.5608545296109371,0.6486093693736923,1000,150
homograph_icf_position_mean_psalm,0.24975391498881433,0.4202250576574798,0.34869084203577094,0.49268134671830965,0.35244996960452607,0.49957576706290246,0.630583133082794,0.4759937645899322,0.8146215758806149,0.47715184826484713,0.8149750853825751,0.6741719482059291,0.6263114796289072,0.7203023864604264,0.632053665857564,0.7247070420078945,1000,150
homograph_icf_psalm,0.24975391498881433,0.39489281543897536,0.32671766327617296,0.4631696715647976,0.33094482157387417,0.4730298768342755,0.5794283303555701,0.43309798589666926,0.742400113270747,0.4347389361124777,0.7437930887620792,0.6625746418422356,0.6188611751361859,0.7052664929153423,0.6227124460562452,0.7092258101136617,1000,150
homograph_icf_spacing2,0.24975391498881433,0.2575741135568692,0.21322510524082497,0.3062284938336929,0.214690386015737,0.3094437922308643,0.04567384639998305,-0.07389083486895695,0.19056654797585298,-0.07639972496801693,0.17812557521644856,0.5154438441719704,0.48449084831547856,0.5590134680806197,0.48141701773368223,0.5546860115401548,1000,150
homograph_icf_spacing2_psalm,0.24975391498881433,0.2519419581511503,0.2073384459902231,0.3005681063213849,0.20871840934109023,0.30362966081213333,0.027613464292675142,-0.08925269656480117,0.1785284079776112,-0.09456296695847372,0.16831046227290078,0.5044021849127922,0.4717257870715665,0.5439146662403297,0.47012853111451536,0.5417240445685668,1000,150
homograph_icf_spacing4,0.24975391498881433,0.2567542403193952,0.20709903003687793,0.3047876653660349,0.21158708340568025,0.31277145519182864,0.07940733312178365,-0.034967800493041504,0.19699816310953946,-0.032473758292112416,0.2006246585761803,0.5242190683795515,0.48210741500867643,0.5661854593969787,0.4820999977610822,0.5661845802156142,1000,150
homograph_icf_spacing4_psalm,0.24975391498881433,0.2535315219344948,0.20717528542776853,0.3011974231229243,0.20953998330516768,0.304798821995355,0.09741122622556025,-0.04331766705083014,0.2312795776529947,-0.04134785830287117,0.23493495645900517,0.516115731864417,0.47440860559729997,0.5575350869600457,0.4746949048933382,0.5575478997078838,1000,150
homograph_icf_spacing8,0.24975391498881433,0.2699194982204277,0.21987433366979386,0.31886996852694327,0.22249301362965185,0.32576964817789716,0.1430675221984979,0.029038868983663764,0.28347094696411623,0.024115025528532508,0.27322185794869835,0.5413969913517003,0.4997162146777421,0.5859734930534309,0.49867369592098204,0.5849397255296248,1000,150
homograph_icf_spacing8_psalm,0.24975391498881433,0.2706496190554492,0.21830847213285803,0.32237091183902544,0.22115578917129425,0.3291713912842088,0.14879900126112394,0.022011366005600073,0.30904497064119313,0.01572739107355978,0.29752784362743373,0.5394320125895394,0.4976709981727104,0.5866568621159326,0.4973047014512339,0.5858492716347093,1000,150
homograph_log_count,0.24975391498881433,0.30041343889576955,0.24116458270670846,0.36387937719736013,0.24556082023402453,0.37264364552505425,0.2307665788438626,0.09689846111046815,0.39116968317076267,0.09076186251231326,0.38679725341219545,0.5694956748244767,0.5287252323186246,0.6153107436392987,0.5287699594682221,0.6157651351132905,1000,150
homograph_log_count_psalm,0.24975391498881433,0.3881814331734479,0.3141822728964225,0.45760018587561424,0.32137825793934616,0.46566339970296594,0.4827412914166887,0.34174823957578826,0.6239970168092391,0.34677797760726864,0.631801713378088,0.6400692246889539,0.5976823259084908,0.6802172013150052,0.5994581893736138,0.6826219372132994,1000,150
homograph_tf_icf,0.24975391498881433,0.32334150635981046,0.25974478705075427,0.3863935650861226,0.26489482644004697,0.3987777406250599,0.3461864484672076,0.1974480417333929,0.48677347689828904,0.2058421947506437,0.48953738206990016,0.5998680156500857,0.5559288259168739,0.6391921978224958,0.5591012038438691,0.6436658726187,1000,150
homograph_tf_icf_psalm,0.24975391498881433,0.39445564546054473,0.31399362438163,0.46094817903020935,0.3310252493286155,0.4705558470942335,0.5587456419756696,0.40587063284397573,0.706132693795009,0.41155690646198206,0.7132052003661735,0.6572752248913493,0.6169650748636493,0.6995283049179796,0.6178370346646761,0.7005604168440301,1000,150
lexeme_binary,0.24975391498881433,0.29635209013316216,0.23636949707096627,0.3550101616049145,0.24209829576042088,0.3680307150212445,0.2190963105144632,0.07779245865076227,0.37769213105640626,0.07806887150204332,0.3780118790515123,0.5653422105814491,0.5225375212410083,0.6086307171107074,0.5243666553038854,0.6109803707540687,1000,150
lexeme_binary_psalm,0.24975391498881433,0.41667830499054065,0.34547249212578596,0.4795633213273298,0.35316689241633475,0.49283920488782923,0.6137073001763724,0.46541397686211805,0.7643712310765015,0.4675657216258054,0.7656796493970809,0.6727547745821493,0.6322215874117941,0.7154469717327483,0.6338802112798078,0.7177019719794827,1000,150
lexeme_count,0.24975391498881433,0.29706961260875386,0.2364123513840989,0.35654870414317397,0.24357578939811234,0.3682024860442657,0.21802482469368215,0.08307109631032657,0.3775688201217177,0.07985815770022048,0.3757396053986669,0.565073062337776,0.5242982260082327,0.6095082048472893,0.5246690356835655,0.6099850804367638,1000,150
lexeme_count_psalm,0.24975391498881433,0.29706968473005463,0.23641151504312963,0.3565484626076036,0.2435762147142986,0.36820263422435723,0.2180248238505476,0.08307109660923148,0.37756881853284335,0.07985815773766507,0.3757396035669812,0.5650731905443068,0.5242983664050107,0.6095085710969311,0.5246700698106306,0.6099855402324904,1000,150
lexeme_icf,0.24975391498881433,0.32142564055449385,0.25554727485160594,0.37926193486827914,0.2637416872647623,0.3957060995524341,0.34295703728943444,0.18785447545879067,0.48349210393406744,0.19351328751053457,0.49738035655105683,0.5977811979481485,0.5511069855257643,0.6353943425325839,0.555809500904026,0.6424975181157729,1000,150
lexeme_icf_position2,0.24975391498881433,0.30974412623688946,0.24524140924010907,0.36749896324265363,0.2546781110172054,0.38105818908688216,0.31193612807829685,0.15068349702186734,0.45302950443674017,0.16266249277019393,0.46686149995200266,0.5914951035361754,0.5434516270823053,0.6310479070886469,0.5487688068696407,0.6363135240194616,1000,150
lexeme_icf_position2_psalm,0.24975391498881433,0.3097441071323929,0.24524125781621423,0.36749850786319693,0.2546778686505074,0.38105793056568005,0.3119361874059755,0.15068355812891868,0.45302956621222323,0.16266255157904416,0.4668615583686333,0.5914950608006652,0.5434515946166539,0.6310479107159512,0.5487688068696407,0.6363134468376352,1000,150
lexeme_icf_position4,0.24975391498881433,0.30469201553412717,0.24132567107824965,0.3617869493748081,0.2530435847476443,0.36974032428491294,0.30323982066673416,0.13222026296780856,0.4405147606282059,0.14983399129768332,0.4538525986907195,0.5934382444525889,0.540576046547895,0.6323385501062948,0.5486812307355284,0.63777174260264,1000,150
lexeme_icf_position4_psalm,0.24975391498881433,0.30469198298834654,0.24132557253602827,0.36178695006492606,0.25304358144601624,0.36974018526905106,0.30323984222860473,0.13222029692155837,0.4405147629542487,0.14983404168585301,0.4538526265447371,0.5934382017170786,0.540575525850207,0.6323385520883392,0.5486812236207942,0.63777174260264,1000,150
lexeme_icf_position8,0.24975391498881433,0.30836797212467965,0.24602236916292938,0.3632302535529774,0.2576116953305495,0.3794489090075028,0.31072281429849324,0.1461759006471893,0.4519115979981508,0.15840144616804075,0.4710827105009744,0.5974695919750234,0.5466900877731917,0.6412789858496403,0.5509552253457596,0.6469885794280432,1000,150
lexeme_icf_position8_psalm,0.24975391498881433,0.3083679151530051,0.24602237240810787,0.36323025437053585,0.2576116953305495,0.3794489090075028,0.3107228244659195,0.14617590454866167,0.4519116054822261,0.158401468928038,0.4710827567663704,0.597469549239513,0.5466900880234389,0.6412789863777787,0.5509552253457596,0.6469885794280432,1000,150
lexeme_icf_position_mean,0.24975391498881433,0.3189945078037607,0.2532575148346349,0.3769278422021572,0.2635048562902315,0.39273679641254267,0.34453911479657495,0.18608823315606504,0.4878257985705063,0.19350934434898723,0.4982512400635363,0.5995478839426619,0.5534770245850128,0.6385479088204082,0.5559627066762559,0.6458412444033454,1000,150
lexeme_icf_position_mean_psalm,0.24975391498881433,0.4307028532860195,0.35766503207487554,0.5023488653186665,0.3642714926211758,0.5151619050042561,0.6522433550935711,0.5012186089965381,0.8489021473850007,0.49802647973901076,0.8455087157605204,0.6795133741634096,0.6337264461258013,0.7284879221278581,0.6350796058002266,0.7321117524749884,1000,150
lexeme_icf_psalm,0.24975391498881433,0.4068613884531938,0.33691470139495144,0.4728306303945787,0.3449131421985726,0.4825983458917179,0.6087193496261427,0.46260865483224867,0.772521263563267,0.4697574302391703,0.7771755311909182,0.6709692208598521,0.6295913244130507,0.7155364569567207,0.6317536692218111,0.7179498249479123,1000,150
lexeme_icf_spacing2,0.24975391498881433,0.25662944992019227,0.2114582231663405,0.30529238303363226,0.21339059887005812,0.3082367766877855,0.0347071258880023,-0.07929816398792747,0.1743325691465934,-0.08521384999404859,0.16562775090148515,0.5135190367894623,0.48269443946601565,0.5575388442871325,0.48021648875758816,0.5528262824334395,1000,150
lexeme_icf_spacing2_psalm,0.24975391498881433,0.2511365972068838,0.2044576031511496,0.29712497052536146,0.20846912873718498,0.30064391430742005,0.01338005649253589,-0.09462586201142914,0.16388130325957623,-0.10005785514219509,0.15229148894632136,0.5033727292059264,0.4720694347187929,0.5416927504214556,0.47160292466256803,0.5404314560445652,1000,150
lexeme_icf_spacing4,0.24975391498881433,0.2589228459767142,0.2099563264882703,0.30935087005593354,0.21341808951062413,0.31401539444456394,0.08059243256611398,-0.02649917360064061,0.1973396993771001,-0.02886474742719844,0.19603713613145918,0.5256923750960695,0.48694804174950185,0.5694920680049661,0.48528333052447326,0.5687409879907425,1000,150
lexeme_icf_spacing4_psalm,0.24975391498881433,0.2559082191478933,0.20803188426393404,0.3075639273348645,0.20968223545913825,0.31018882605500553,0.09491712628194204,-0.04181212694006972,0.2246529916935279,-0.04132555793730084,0.23048543018794979,0.5189308053968453,0.4760480433036025,0.5602401965536271,0.4765461299655782,0.5611396310381496,1000,150
lexeme_icf_spacing8,0.24975391498881433,0.2677435437725627,0.21791844514428999,0.3131813916441158,0.22194339705356536,0.32273304929903085,0.13284442810924668,0.02306998905501221,0.272649112377522,0.016340400321666705,0.2617548418554763,0.5370098493385227,0.4968293148784747,0.5793350879668909,0.4956692169090893,0.5791589408030254,1000,150
lexeme_icf_spacing8_psalm,0.24975391498881433,0.2672060469920022,0.21508937276111473,0.31594187720208045,0.219428802154745,0.32158772112506634,0.12632277154289936,0.0030231342567477496,0.26881107254222353,-0.004509772731581812,0.2618325760727688,0.5325707836803685,0.4909973605617984,0.574280457057037,0.49091832766141097,0.5725634590644915,1000,150
lexeme_log_count,0.24975391498881433,0.29716402759998706,0.23698142058523583,0.35850239626612035,0.24311224732789077,0.3687066997125379,0.21871231048823875,0.08290661249734806,0.3804534014627819,0.0803831794684129,0.37620155284176837,0.5653290480442863,0.5245402958549688,0.6103610918026453,0.5250898770649544,0.6105930190466443,1000,150
lexeme_log_count_psalm,0.24975391498881433,0.3897551894943075,0.31918097563414183,0.4546315383698231,0.3237975790567444,0.465714846556028,0.4686418228688216,0.31999754141372266,0.6082405511380413,0.329451732859068,0.6155064487430053,0.6343332645006715,0.5882218248145775,0.6749660468246288,0.5939196769786702,0.6783566956745637,1000,150
lexeme_tf_icf,0.24975391498881433,0.32064719962661314,0.2548505991859212,0.37897574309241916,0.26333533192485514,0.3947228650244554,0.3372928455150222,0.18750405673247314,0.4781994191252005,0.19418000577912958,0.485188343217629,0.5964720810620834,0.5510743853000206,0.6363336216630624,0.554553831707412,0.6408618731968586,1000,150
lexeme_tf_icf_psalm,0.24975391498881433,0.40085689539015396,0.32681596303297533,0.46870480818757665,0.338421322904174,0.47699452348721494,0.572779427814877,0.4164163256755523,0.725591752798695,0.42562391088731183,0.7313552247588133,0.6604253448242853,0.6181827752212775,0.7019671530293863,0.6209602024661788,0.705197833332189,1000,150
word_cantillation_binary,0.24975391498881433,0.277043727444404,0.21935386399591728,0.3368233595262178,0.22518048725254422,0.34446222861577414,0.1498690107220145,0.006539902652441367,0.3125878053413104,0.004998268046061849,0.31165144830724395,0.5426199320813082,0.5013858116553268,0.5888352897224697,0.5013768504329116,0.5888281842241643,1000,150
word_cantillation_binary_psalm,0.24975391498881433,0.33467415376422693,0.27257138910405715,0.3878477196345774,0.2828851909330743,0.3989589696632086,0.33753845234395874,0.198689973213637,0.4807690282397858,0.20215916740152373,0.48481219834358996,0.5929394355767311,0.5534944427001073,0.6340816376808148,0.5538563647101106,0.6356813298345758,1000,150
word_cantillation_count,0.24975391498881433,0.2809605190618534,0.2219129530431388,0.3399059003334623,0.22815801873498495,0.3499689397398962,0.16035536184487253,0.020848710439040588,0.319784867537561,0.018461524567307944,0.31624661131464354,0.5443204421381704,0.5034654727936607,0.5888978699936587,0.5034562736379139,0.588885981826481,1000,150
word_cantillation_count_psalm,0.24975391498881433,0.28096071779270704,0.2219124918318793,0.33990757501608987,0.22815802487338488,0.3499695373134065,0.16035535994804223,0.02084870976339116,0.3197848632729221,0.018461520060844363,0.31624661476842136,0.5443204848736807,0.5034644365306263,0.5888976948350726,0.5034550752856967,0.5888854865026122,1000,150
word_cantillation_icf,0.24975391498881433,0.2892431439481046,0.2295291079360564,0.34532527836812926,0.23890028058479196,0.35647834251760935,0.2095694073461083,0.057393208373789195,0.34916499194331346,0.06487814371897256,0.3630198639050893,0.5654388783056772,0.5190765329416153,0.6058212720292931,0.5219614229401779,0.6120600263186973,1000,150
word_cantillation_icf_position2,0.24975391498881433,0.29570476590457295,0.23422848457262146,0.3525088804911165,0.24434556035045293,0.3628157800397148,0.2372626404738623,0.07463605744541876,0.36751080148150567,0.09463417582345832,0.3819211914012684,0.5777985861725666,0.5293013336468447,0.6193518760335209,0.5339495265187113,0.6235443859926698,1000,150
word_cantillation_icf_position2_psalm,0.24975391498881433,0.29570474499261434,0.2342284490882786,0.35250888117876605,0.24434556035045293,0.3628155098868137,0.23726263787644217,0.07463605125211799,0.36751075324883564,0.09463418796412089,0.38192125210547895,0.5777985861725666,0.5293013342873379,0.619351876205891,0.5339495265187113,0.6235443859926698,1000,150
word_cantillation_icf_position4,0.24975391498881433,0.30663564828224965,0.24442623595144278,0.363430632557407,0.2543421057589813,0.3747318868902782,0.26403409687269697,0.10443472903901438,0.41176044930345523,0.12588924512650534,0.4239258457845463,0.5812593077941366,0.5318393674538654,0.6235929931449841,0.5384847198559304,0.6294255953106915,1000,150
word_cantillation_icf_position4_psalm,0.24975391498881433,0.30663564101207896,0.24442626630838557,0.36343065275969777,0.2543421057589813,0.3747310024816424,0.264034073373583,0.10443474748739477,0.41176043880556407,0.12588921577398066,0.4239259013971021,0.5812593077941366,0.5318393832612327,0.6235929931813112,0.5384847393372173,0.62942572087623,1000,150
word_cantillation_icf_position8,0.24975391498881433,0.3245992656573423,0.2631933250699393,0.3845281820242249,0.271606449932919,0.3963029591365808,0.29975665777834065,0.15182825143836293,0.47959260242827256,0.1568051576307361,0.48324904444473354,0.5871792443541263,0.5383893866468639,0.6320681181448519,0.5439808996975496,0.6365409316345121,1000,150
word_cantillation_icf_position8_psalm,0.24975391498881433,0.32459920235506046,0.2631933247101732,0.38452818134416544,0.271606449932919,0.3963029313080314,0.2997566442393401,0.15182827235710458,0.47959263752469683,0.15680517073253292,0.483249080850293,0.587179201618616,0.5383891539620431,0.632067196545116,0.5439808197754644,0.6365407896345576,1000,150
word_cantillation_icf_position_mean,0.24975391498881433,0.2968902704405502,0.23685684082453057,0.3551021692648847,0.24584653624644232,0.36625727992494916,0.24411171509732155,0.08597096908777463,0.384835856947258,0.09690863341937495,0.4012750332342782,0.5772831531832143,0.5285326268846884,0.62051845581514,0.531253196009706,0.6252824154796106,1000,150
word_cantillation_icf_position_mean_psalm,0.24975391498881433,0.38160299724836266,0.31640705120735874,0.44540350317726163,0.3229165106315784,0.45267972166521375,0.45147960892651384,0.295988101024147,0.6317872926116093,0.301939961884486,0.6423065285836932,0.6235048554377347,0.5840633339540864,0.6675177147376989,0.5851248305010471,0.6685763346596584,1000,150
word_cantillation_icf_psalm,0.24975391498881433,0.36657704131017815,0.30544362269144265,0.42877793051552027,0.31053624469810237,0.43504028359610364,0.41037804933595,0.2655923107319323,0.5611287841304555,0.2719419105642471,0.5695554547688069,0.6151327552985195,0.5751697670146191,0.6551743336827476,0.5769125974150595,0.6572531339422129,1000,150
word_cantillation_icf_spacing2,0.24975391498881433,0.2684297977754079,0.21488024031721886,0.3311931878537276,0.21772863329560246,0.3336713713220136,0.07645601069210833,-0.031950470560843165,0.22142099860073133,-0.04119969340962403,0.20842984775206405,0.5278480397050498,0.4921824568222136,0.5781663712017594,0.4904169569335537,0.5754951466340837,1000,150
word_cantillation_icf_spacing2_psalm,0.24975391498881433,0.26410456236926094,0.2143898050196236,0.32404611381272563,0.21660576276363194,0.3264923260589443,0.10257526307810544,-0.02059200221774292,0.24804374036294552,-0.020664556482598,0.24748999789680104,0.5302271682972258,0.491525711415358,0.5786384018012344,0.49131402587333495,0.5785864022335967,1000,150
word_cantillation_icf_spacing4,0.24975391498881433,0.25417218532050184,0.20692597070550092,0.30155364605135765,0.21098958220144787,0.30728931572833157,0.04909880887294536,-0.06643300270926839,0.18422150920564256,-0.06955677946055074,0.18237774428582107,0.5110567662620582,0.47675658741183674,0.5498996499938791,0.4772317767888819,0.5523577757090946,1000,150
word_cantillation_icf_spacing4_psalm,0.24975391498881433,0.2577105025929469,0.20907901183942926,0.30680535732400815,0.21475921323956157,0.3139394739097647,0.04940391907017963,-0.06499816231363686,0.18330875822631884,-0.06497129940398075,0.1835360483642253,0.5142236385150196,0.4796677880785295,0.5542627618834414,0.48077623638220723,0.5565452346495017,1000,150
word_cantillation_icf_spacing8,0.24975391498881433,0.25899752932498477,0.2117739373760489,0.30826326393989706,0.21415519364519825,0.31402279343552636,0.07116829024852528,-0.05062010986066252,0.2170213782377821,-0.05412271168616933,0.2124219018809464,0.520622490570837,0.4850286350344509,0.5646863342851584,0.4832253057541244,0.5629567874709154,1000,150
word_cantillation_icf_spacing8_psalm,0.24975391498881433,0.26280616869896545,0.21271054220526267,0.3127775966395851,0.21548058369636422,0.3184772487917406,0.06940494160487576,-0.044941181470867654,0.2019666865512795,-0.044973125650179836,0.20188268149486208,0.5204262918431928,0.48728631727933136,0.5610161915393987,0.4867670654544886,0.5603378953430871,1000,150
word_cantillation_log_count,0.24975391498881433,0.2793854280022271,0.22123947442356537,0.33880955276030134,0.22719382929209025,0.3474877840696058,0.15634348632807998,0.01898220757209046,0.32227783490603246,0.014304879319317,0.31359060664089194,0.5437241321956343,0.5027996522881925,0.5888664266775878,0.5027920385476922,0.5888519978201066,1000,150
word_cantillation_log_count_psalm,0.24975391498881433,0.30352263073133257,0.24271903609518233,0.3647877035619419,0.2511135783738174,0.3709225912575226,0.23904462468241205,0.0985350017484201,0.38454165420285535,0.09958278406280686,0.3864763017826925,0.5652402009184374,0.5247374592822187,0.6057208558787979,0.5253567261282298,0.6066674808968476,1000,150
word_cantillation_tf_icf,0.24975391498881433,0.29010839570592345,0.229936461931856,0.34663359049562725,0.2396948359990613,0.35739518506839824,0.21217993076746722,0.0612592943989734,0.3527486683769847,0.06748278800066443,0.36744361670729536,0.5657248643403961,0.5196123228284045,0.6060966818713688,0.5221807275092599,0.612398437020166,1000,150
word_cantillation_tf_icf_psalm,0.24975391498881433,0.3341747136944989,0.27046202155112303,0.39303091324073336,0.27932758738896435,0.4056512518547296,0.3428020245246797,0.19950901143077787,0.4852202731590025,0.20604555521181556,0.49447471476373644,0.5947804386236021,0.5523708269537974,0.6372753258668891,0.5548673377713232,0.639002710276511,1000,150
word_consonantal_binary,0.24975391498881433,0.290032938351011,0.23101325149823257,0.3535428787137993,0.23615578295937048,0.3598572397999521,0.19517982329151423,0.047909427765050895,0.3591898390155385,0.04770400199949189,0.3584392999201611,0.5580278143213875,0.5127924112189455,0.6023732069183543,0.5163861713737264,0.6064906162618311,1000,150
word_consonantal_binary_psalm,0.24975391498881433,0.41633668005914154,0.35146660291115317,0.4817879776660172,0.35645495454428217,0.48712010202301453,0.6214018878067861,0.4813370179566583,0.7962110491085508,0.4758223481931826,0.7762437282084192,0.6744328698638754,0.6326918185109441,0.7186441056745114,0.6327444396371541,0.7187046608513948,1000,150
word_consonantal_count,0.24975391498881433,0.29089774813530117,0.23270840538716364,0.3545112073902328,0.2369738337345272,0.3605671674080543,0.19603236737890012,0.04971130494873603,0.3619759066603826,0.047725379275180425,0.3579408772234792,0.5578336668982361,0.5146111042155972,0.6048525219398387,0.514416861629183,0.6047822532644572,1000,150
word_consonantal_count_psalm,0.24975391498881433,0.2908974702359254,0.23270813599128748,0.35451081959109715,0.2369737473470774,0.3605670867086327,0.19603236674127367,0.0497113050829063,0.3619759061790759,0.04772538233956549,0.35794087760910503,0.5578336882659913,0.5146111509408963,0.6048526387590731,0.5144169229516852,0.6047821764321281,1000,150
word_consonantal_icf,0.24975391498881433,0.3104435926390685,0.24434132884354204,0.36898994195067236,0.256029272045991,0.38079564759320816,0.3071253397038245,0.14849313593545152,0.44852878562847925,0.16106709154416934,0.46053389841357106,0.5895940570973768,0.5425140506578153,0.6299903438260193,0.5465277096767959,0.6340084212186178,1000,150
word_consonantal_icf_position2,0.24975391498881433,0.3028357111802312,0.23778627983520623,0.3576290091083678,0.2497628145141681,0.3705208439585873,0.28659214731698446,0.1209361933071886,0.42708631360614724,0.13342721949913383,0.44114918604185105,0.5881237846020879,0.5365817030945776,0.6288243690275401,0.5439692993391237,0.6339174366282009,1000,150
word_consonantal_icf_position2_psalm,0.24975391498881433,0.30283568833671515,0.23778627590473805,0.35762895882575346,0.24976286189156435,0.37052099831529534,0.2865921584437072,0.12093621696821537,0.42708630048595164,0.133427224398521,0.44114920034736793,0.5881237418665777,0.5365815870767929,0.6288243851051813,0.5439693036517371,0.6339174366282009,1000,150
word_consonantal_icf_position4,0.24975391498881433,0.30334249437179334,0.24229868495728313,0.3578459260519249,0.2507089489801418,0.3721582726941856,0.2922436414464408,0.12173335831551989,0.4290248092199586,0.14405109878297154,0.4492786197659488,0.5948830465837575,0.5401323550193255,0.634931788984834,0.5500027938541797,0.6409569239962091,1000,150
word_consonantal_icf_position4_psalm,0.24975391498881433,0.3033424508888971,0.24229858758930442,0.35784591531488175,0.25070894319532805,0.3721582726941856,0.29224363825170935,0.1217333419769016,0.42902484184787326,0.14405108397186742,0.449278705736771,0.594882961112737,0.5401323096092054,0.634931933028979,0.5500027938541797,0.6409569239962091,1000,150
word_consonantal_icf_position8,0.24975391498881433,0.3131675663855654,0.24765668992484943,0.3657566524169966,0.26207770729627977,0.3888154697388724,0.316329147339774,0.152747493278535,0.4715794945148134,0.16742344770208134,0.48783637712001143,0.6009637541333785,0.5516100832803363,0.6491272587661376,0.553320072877436,0.6520112868721822,1000,150
word_consonantal_icf_position8_psalm,0.24975391498881433,0.31316759374535863,0.24765671702819755,0.36575666325553774,0.26207770847575657,0.3888154697388724,0.3163291555090567,0.15274749631393794,0.4715795354698863,0.16742343778606644,0.4878363624080651,0.6009637968688888,0.5516100829007706,0.6491273343094501,0.553320072877436,0.6520112868721822,1000,150
word_consonantal_icf_position_mean,0.24975391498881433,0.30970302648244513,0.24401883742374414,0.36742339320045925,0.2558318480604557,0.38027867901960133,0.31355983712285673,0.15631398036918007,0.4599892586180129,0.1628440809666096,0.46859921730851506,0.5937966671772136,0.5458988906989435,0.6350866328967728,0.5501930156939846,0.6398152570763235,1000,150
word_consonantal_icf_position_mean_psalm,0.24975391498881433,0.4595491211479258,0.3922280293996793,0.5351170398533966,0.3954924297863994,0.5376471983348284,0.7026379882256114,0.5430504786505153,0.9066896101348808,0.5385364202487807,0.899678921796184,0.6925617647782814,0.6513296364493291,0.7403783377127515,0.6511289781377078,0.7396784221692295,1000,150
word_consonantal_icf_psalm,0.24975391498881433,0.45300211287693987,0.38519224785828543,0.5202818549935124,0.39089341886222734,0.5276844200307399,0.6920193804922723,0.5376642824913899,0.8617574650123994,0.5381518077907099,0.8621226898428838,0.6926254406885819,0.6517213130090982,0.7354460850397375,0.651564159811477,0.7354150213798054,1000,150
word_consonantal_icf_spacing2,0.24975391498881433,0.2554085897254593,0.20770919852425318,0.30203320079850327,0.20987764444689644,0.3071530643890214,0.02913746122590407,-0.08965986580306667,0.135549670823196,-0.08739544382812701,0.13796357330798176,0.5091105270211503,0.47516147387195,0.54674482655856,0.474771261470709,0.5457829438445547,1000,150
word_consonantal_icf_spacing2_psalm,0.24975391498881433,0.25882163869824193,0.2104317198778738,0.30626451126792037,0.21452345778494458,0.31212659921234465,0.03198099875437507,-0.07710066884036762,0.13892798003696252,-0.07425595954658384,0.14224907849226345,0.5154861095916263,0.4817935691691734,0.5533998537337177,0.48208894609990455,0.5534312625592955,1000,150
word_consonantal_icf_spacing4,0.24975391498881433,0.2558830415426308,0.20706852497685835,0.30818607908146334,0.2107359750848525,0.3115183501085117,0.0827878213277652,-0.026578775714198186,0.20061874655003514,-0.02432277753185472,0.20293075610575342,0.5195656841373991,0.4787795859123228,0.5594431759262279,0.48076784486942653,0.5612980884025336,1000,150
word_consonantal_icf_spacing4_psalm,0.24975391498881433,0.256396061713564,0.2094423185940768,0.30704950493805167,0.2119954317965038,0.3124401622770072,0.12188585424865149,-0.009656680078488342,0.2600515839569218,-0.00965318940159283,0.26015979285151997,0.5225046051785865,0.47904743476342293,0.5639176673472247,0.4818562688501748,0.5648450949505232,1000,150
word_consonantal_icf_spacing8,0.24975391498881433,0.26715988327612283,0.2159910012913712,0.3172197648967137,0.22003724441884207,0.3251332090393504,0.13859278700404146,0.018269263488732024,0.2778524275755526,0.018040858089195203,0.2763940702571244,0.538507857179976,0.49492946629169515,0.5814409490504142,0.496357864556696,0.5858818359165868,1000,150
word_consonantal_icf_spacing8_psalm,0.24975391498881433,0.2749493983861855,0.22323660254601346,0.3289692788366305,0.22599195186125348,0.3336796114184849,0.1752105469080064,0.04333401235256738,0.3218453369952227,0.03696160453270116,0.3189973751765091,0.5488276281996931,0.5085138583345822,0.5954023020614935,0.507116976483816,0.5947823560014335,1000,150
word_consonantal_log_count,0.24975391498881433,0.29089596635216297,0.23267994204378203,0.3554876116875841,0.2368222254121715,0.3600450538974606,0.1958474391109261,0.046759877703415234,0.3566859835183029,0.04698210754008634,0.3576734369615057,0.55801550649443,0.5148647826657857,0.6034577365091426,0.5152937551240903,0.604377581156815,1000,150
word_consonantal_log_count_psalm,0.24975391498881433,0.389528825136819,0.3185633802636186,0.456630805409533,0.32413502379987097,0.4673539604349454,0.46736321177952034,0.31842718637259576,0.6191694129631656,0.3186335985389265,0.620636693958422,0.6315544734164613,0.5841545254179148,0.674091629019039,0.5868792889358007,0.6749835107732095,1000,150
word_consonantal_tf_icf,0.24975391498881433,0.3100016138550933,0.24687555761554653,0.36908315430819993,0.2551937651565987,0.3798480134780106,0.3035639809700833,0.14399636839820312,0.44934943456006904,0.15915114079429052,0.45853976078158204,0.5885192162786055,0.5428773014084292,0.630721286226991,0.5453554259785008,0.633138718944896,1000,150
word_consonantal_tf_icf_psalm,0.24975391498881433,0.43626473995406057,0.36627815867280883,0.5083662730063898,0.37115494128756815,0.5152113299858397,0.63762318486427,0.4812843481350676,0.8089015599397992,0.4862566327641873,0.8149428426004617,0.6734674105836371,0.6302960436431138,0.7169831706107644,0.6311579670613479,0.717861599554662,1000,150
word_vocalized_binary,0.24975391498881433,0.28675855512482473,0.22754681646441882,0.3467634800282079,0.23271720442101507,0.3559887885559575,0.19898131278286946,0.060236944172850956,0.3573709979501434,0.06112324715679147,0.3584426415129968,0.5565150840966465,0.5166953550966046,0.600524769718815,0.5175161231902015,0.6019102002889422,1000,150
word_vocalized_binary_psalm,0.24975391498881433,0.4031850336352187,0.3274146379460474,0.46483903353391315,0.34033115657280427,0.4740544050265936,0.5431602601986885,0.40614254767891383,0.7047531812457438,0.40489691480157874,0.7044510282608479,0.6491192382275636,0.6089467923888716,0.690690058784651,0.609410313989061,0.6920872957812698,1000,150
word_vocalized_count,0.24975391498881433,0.2890934128358835,0.2276451747999758,0.3505518755057081,0.23457478827432388,0.35912765817110254,0.19791746141666183,0.054249234963474814,0.3607705323556722,0.05442256406046303,0.36316804658040547,0.5547630991176655,0.5150484417491524,0.5976372796281384,0.515963454392586,0.6007728133868128,1000,150
word_vocalized_count_psalm,0.24975391498881433,0.28909338858764216,0.22764669671253482,0.3505515318741247,0.2345745605952681,0.3591278649157941,0.19791745717338236,0.05424923269549795,0.36077052782512803,0.05442256255438433,0.3631680409805232,0.5547629495433796,0.5150470130237812,0.5976381138279565,0.5159619282858772,0.6007731732419441,1000,150
word_vocalized_icf,0.24975391498881433,0.31159505386086406,0.24568494514973926,0.3718999999328905,0.2543033921105598,0.38047696040558543,0.314076185139022,0.1518629850738157,0.46014119462861564,0.1687713574471484,0.47268737178080705,0.5935138008347441,0.5463051609886331,0.6346190142847516,0.5498684091665397,0.6411490890476008,1000,150
word_vocalized_icf_position2,0.24975391498881433,0.3125331509754642,0.24423023009355677,0.3727202593701109,0.25635249426127243,0.38299660457631923,0.32294145079345954,0.1618725954497998,0.4658675454730356,0.17356579327346047,0.4815239017078152,0.6004305431717544,0.5507541070081263,0.6433183862971358,0.5569021133859934,0.6495080843919773,1000,150
word_vocalized_icf_position2_psalm,0.24975391498881433,0.3125332008158903,0.24423025495391307,0.37272051398900075,0.25635244634336507,0.38299657233460277,0.3229415017856401,0.1618726186597248,0.4658676157625564,0.17356584765860839,0.4815239536368337,0.6004306286427749,0.5507541867917005,0.6433186774180408,0.5569022941214535,0.6495081672438984,1000,150
word_vocalized_icf_position4,0.24975391498881433,0.32371034040628754,0.2550498247108326,0.3829006507533182,0.2665498686112832,0.39814250914476373,0.3561173183755961,0.19440959428838284,0.5156028633807846,0.2093142339096681,0.5319563003519363,0.6111226900601989,0.5630560139391317,0.6567859389204568,0.5665363739774487,0.6641043976800418,1000,150
word_vocalized_icf_position4_psalm,0.24975391498881433,0.32371034040628754,0.2550498247108326,0.3829006507533182,0.2665498686112832,0.39814250914476373,0.3561173328402901,0.19440962131437592,0.5156028846792382,0.2093142366309966,0.5319563315446592,0.6111226900601989,0.5630560139391317,0.6567859389204568,0.5665363739774487,0.6641043976800418,1000,150
word_vocalized_icf_position8,0.24975391498881433,0.34493194521770965,0.2720138880391524,0.40829464478664523,0.2858079194818061,0.42470120445399945,0.39553418604614315,0.24227946916212156,0.5954418797790964,0.24246778129649232,0.5955917306842752,0.6164664451029892,0.5697406666163874,0.6696893060822013,0.5711501167466774,0.6711482057088027,1000,150
word_vocalized_icf_position8_psalm,0.24975391498881433,0.34493178800797997,0.27201389534209036,0.4082945835688144,0.2858079194818061,0.4247011735863963,0.39553424576406426,0.24227954183579234,0.5954418977020598,0.24246783611395842,0.5955917406660709,0.6164663596319686,0.5697406698278548,0.6696893060911744,0.5711501167466774,0.6711481624684286,1000,150
word_vocalized_icf_position_mean,0.24975391498881433,0.3177696129691418,0.2487483480205376,0.3795329879704251,0.26078559383560157,0.3886355477394065,0.3435658022463096,0.18321222275535076,0.49679445992535126,0.19110736807977352,0.5080042887402899,0.6042207128419866,0.5559019079288863,0.6495931338445781,0.5596514152902111,0.6534371566335465,1000,150
word_vocalized_icf_position_mean_psalm,0.24975391498881433,0.45313440490867435,0.38027295701727,0.5274838945111421,0.38436334305706155,0.5338065221403723,0.657104570400369,0.4927204635198403,0.8674131185802785,0.49243096155842353,0.8668748995650664,0.6768571912581608,0.6349410151706911,0.7261470265282094,0.6355537757996504,0.72776892239703,1000,150
word_vocalized_icf_psalm,0.24975391498881433,0.4433212257754874,0.3690384607921693,0.5114596785421075,0.37980845071625513,0.5185887538278106,0.632239388597231,0.48139653474080385,0.8101023580571283,0.48485487702102076,0.8124449412606192,0.6751750788384694,0.6356419157064593,0.7200741466054723,0.6365087803844758,0.7211449416848565,1000,150
word_vocalized_icf_spacing2,0.24975391498881433,0.25447421616099736,0.20938073366220503,0.3030728215778258,0.2123053942973485,0.3078890062702666,0.05078781757179448,-0.05060261009561931,0.17872944039420513,-0.053512432928063805,0.17448001367482371,0.5125285131324514,0.4804601456035137,0.5544792421213413,0.47949396692028184,0.5528406218416129,1000,150
word_vocalized_icf_spacing2_psalm,0.24975391498881433,0.25669960168363787,0.20926999440661515,0.3049868519538004,0.21392949780174755,0.3103080611919298,0.08160483397253757,-0.02483691425203829,0.19917728545819058,-0.02589409336196076,0.1971295327887587,0.5208333475785034,0.4895585204075067,0.5617463940681354,0.48867348859684007,0.5603930525042494,1000,150
word_vocalized_icf_spacing4,0.24975391498881433,0.2526059921316567,0.20856821638728498,0.2996062465600039,0.21222385057536186,0.30443469581423904,0.08427404128190116,-0.035641731719156085,0.22011230654394237,-0.03781340935613706,0.2130905851180227,0.5165907797965653,0.47722460401741,0.5555228903499052,0.4798900323632563,0.5585388384232408,1000,150
word_vocalized_icf_spacing4_psalm,0.24975391498881433,0.26161737985550093,0.2164547638217558,0.30869431099175954,0.22085480176948352,0.3141906248545831,0.12125611533208347,-0.005284644382526993,0.2618772678333475,-0.0037781182083692776,0.26297889955453013,0.5286410825691085,0.4891813327105461,0.5698473205297618,0.48971467235071064,0.5708183911009183,1000,150
word_vocalized_icf_spacing8,0.24975391498881433,0.26583996565893164,0.21722741977397092,0.31415001989470676,0.22196583536834646,0.32260597938831415,0.11761728946668865,-0.007721809208586223,0.2622482360100394,-0.008513396457131875,0.25930559077144294,0.5316020123980844,0.48843173623164354,0.573937175119735,0.49043315722464853,0.5753815086461991,1000,150
word_vocalized_icf_spacing8_psalm,0.24975391498881433,0.27048586067140123,0.22091348261645416,0.3205803393926463,0.22746098558689543,0.32774257176754645,0.12228253300558739,-0.004684973826025085,0.24528899224560272,0.003101199032979143,0.2526873460244891,0.5324869793447313,0.4930288871864124,0.5695796872214807,0.4946271334694558,0.5725354558651777,1000,150
word_vocalized_log_count,0.24975391498881433,0.2881118304591393,0.2284846030438103,0.3487985685137364,0.23429733314907145,0.3573370416018838,0.19833633528692182,0.051777089382294764,0.3565182388973754,0.05771644824106718,0.3645933827321673,0.5554417603884897,0.5159525623302222,0.5997912735470038,0.516759306591362,0.6006265916277084,1000,150
word_vocalized_log_count_psalm,0.24975391498881433,0.343605746412751,0.27307112891154306,0.40328757887263406,0.2823594217461735,0.41551577084806823,0.3610436007915717,0.22408605196576503,0.5154385733852616,0.22807941935926576,0.5187665788802915,0.5986236857975882,0.5561629668251277,0.6377285296368046,0.5580862862973582,0.642994294362549,1000,150
word_vocalized_tf_icf,0.24975391498881433,0.3110132938688741,0.24597889865659392,0.37165525583800635,0.25308494277759525,0.3809821967937388,0.30915837015514,0.14753751842758545,0.45187355209544533,0.1630702630054155,0.4712774993910333,0.5915075395696636,0.5455063422341073,0.6318334663834606,0.5472877210906136,0.6377832582092222,1000,150
word_vocalized_tf_icf_psalm,0.24975391498881433,0.40685616383947376,0.33056820378277324,0.4733253380510541,0.3394213956125589,0.483966987607284,0.5447616288518722,0.39147270543718843,0.7143594546714286,0.3989925397284578,0.71754998315836,0.6483296996753469,0.6012766420416662,0.692028022500408,0.6054146872315355,0.6960918193825342,1000,150
