model,n_same_genre,n_different_genre,prevalence,average_precision,same_genre_effect_size,different_genre_effect_size,gap,separation_auc,separation_p
syntax_marginal_typ_function,2471,7399,0.250354609929078,0.35678159024789147,0.25276000008016947,-0.0844130783974752,0.33717307847764466,0.6274445652961731,0.0
syntax_signature_inventory,2471,7399,0.250354609929078,0.35664710021210816,0.25853350702156247,-0.0863411621518829,0.34487466917344534,0.6299842596054077,0.0
syntax_full_signature_inventory,2471,7399,0.250354609929078,0.35615014472853185,0.2673343638393756,-0.08928025800864735,0.35661462184802295,0.6307039856910706,0.0
syntax_signature_1_2gram,2471,7399,0.250354609929078,0.35411873479655676,0.2683436588062261,-0.08961692191190355,0.3579605807181297,0.6270717978477478,0.0
syntax_function_1gram,2471,7399,0.250354609929078,0.35388662816099176,0.23778909024810665,-0.07941209580553843,0.3172011860536451,0.6234410405158997,0.0
syntax_signature_1_2gram_shuffle15,2471,7399,0.250354609929078,0.3495971282958221,0.26435869582741284,-0.08828615910306,0.3526448549304728,0.6251869797706604,0.0
syntax_function_1_2gram,2471,7399,0.250354609929078,0.3486305923989202,0.23933006609374227,-0.07992663009065024,0.3192566961843925,0.6150580644607544,0.0
syntax_function_1_2gram_shuffle15,2471,7399,0.250354609929078,0.3481922074322773,0.23751743976586548,-0.07932224514294696,0.3168396849088124,0.6182456016540527,0.0
syntax_signature_1_2gram_shuffle01,2471,7399,0.250354609929078,0.34727269025824603,0.2604439680588245,-0.08697958112879738,0.3474235491876219,0.6238014101982117,0.0
syntax_signature_1_2gram_shuffle22,2471,7399,0.250354609929078,0.34711681465541366,0.2644638137710433,-0.08832096060476133,0.3527847743758046,0.6246427893638611,0.0
syntax_function_1_2gram_shuffle10,2471,7399,0.250354609929078,0.34596000540702565,0.23937568755218624,-0.07994286080051312,0.31931854835269935,0.6178424954414368,0.0
syntax_signature_1_2gram_shuffle16,2471,7399,0.250354609929078,0.34504877652750826,0.26525778615950807,-0.08858622821265996,0.35384401437216806,0.6254693865776062,0.0
syntax_signature_inventory_psalm,2791,8384,0.24975391498881433,0.3445332375978858,0.2028295385208333,-0.06752034186990778,0.2703498803907411,0.6084823608398438,0.0
syntax_signature_1_2_3gram,2471,7399,0.250354609929078,0.3443282211023526,0.2677738432513643,-0.0894269151424459,0.35720075839381016,0.6224095821380615,0.0
syntax_signature_1_2gram_shuffle10,2471,7399,0.250354609929078,0.344261429170316,0.264475652208442,-0.0883257667006393,0.3528014189090813,0.6238241195678711,0.0
syntax_signature_1_2gram_shuffle21,2471,7399,0.250354609929078,0.34413670658750917,0.2586345203210341,-0.08637416252892773,0.34500868284996183,0.6210616230964661,0.0
syntax_function_1_2gram_shuffle01,2471,7399,0.250354609929078,0.34412664829043693,0.2339426367326617,-0.07812774836716915,0.31207038509983087,0.6163729429244995,0.0
syntax_function_1_2gram_shuffle14,2471,7399,0.250354609929078,0.34396297072085114,0.23488481129277902,-0.07844318885811177,0.3133280001508908,0.6170462369918823,0.0
syntax_signature_1_2gram_shuffle14,2471,7399,0.250354609929078,0.3434775127727112,0.25768806770270414,-0.08605919525542688,0.343747262958131,0.6206279993057251,0.0
syntax_function_1_2gram_shuffle22,2471,7399,0.250354609929078,0.3432280381144879,0.23384051742013806,-0.07809419052250989,0.31193470794264794,0.6161826848983765,0.0
syntax_marginal_typ_function_psalm,2791,8384,0.24975391498881433,0.3428724597396083,0.21117893845523705,-0.0703007184301267,0.28147965688536375,0.609046995639801,0.0
syntax_signature_1_2gram_shuffle11,2471,7399,0.250354609929078,0.3427073419458319,0.26124347368504003,-0.0872462037269713,0.3484896774120113,0.6222012639045715,0.0
syntax_signature_1_2gram_shuffle24,2471,7399,0.250354609929078,0.34262855035123235,0.25745152094266865,-0.0859791802567557,0.34343070119942437,0.6212170124053955,0.0
syntax_signature_1_2gram_shuffle03,2471,7399,0.250354609929078,0.34238445568765213,0.26047817567084225,-0.08699029928477266,0.3474684749556149,0.6220177412033081,0.0
syntax_signature_1_2gram_shuffle04,2471,7399,0.250354609929078,0.3420033054675259,0.2617835536342614,-0.08742592578892783,0.34920947942318925,0.6224790811538696,0.0
syntax_function_1_2gram_shuffle28,2471,7399,0.250354609929078,0.34145894989988973,0.24276506601133202,-0.08107406620891437,0.3238391322202464,0.6191902160644531,0.0
syntax_function_1gram_psalm,2791,8384,0.24975391498881433,0.3412255125848111,0.19826382578165136,-0.06600238770624635,0.2642662134878977,0.605038046836853,0.0
syntax_signature_1_2gram_shuffle27,2471,7399,0.250354609929078,0.3411285660144143,0.2611191018781574,-0.08720386948181962,0.34832297135997703,0.6219378113746643,0.0
syntax_signature_1_2gram_shuffle28,2471,7399,0.250354609929078,0.3409809754168574,0.26789153541807303,-0.0894660933012277,0.35735762871930077,0.6258867383003235,0.0
syntax_signature_1_2gram_shuffle12,2471,7399,0.250354609929078,0.3409687693575565,0.2578087858487945,-0.08609928952904287,0.3439080753778374,0.6203418970108032,0.0
syntax_signature_1_2gram_shuffle25,2471,7399,0.250354609929078,0.3405224113206432,0.25391285925918794,-0.08479767593176005,0.33871053519094796,0.619392991065979,0.0
syntax_function_1_2gram_shuffle07,2471,7399,0.250354609929078,0.3402665379320934,0.2343432963198773,-0.07826175559575016,0.3126050519156275,0.6143742799758911,0.0
syntax_function_1_2gram_shuffle16,2471,7399,0.250354609929078,0.34022221380395573,0.23918863012498812,-0.07988002482245053,0.31906865494743863,0.6170299649238586,0.0
syntax_signature_1_2gram_shuffle07,2471,7399,0.250354609929078,0.34019260513868854,0.25790707773047455,-0.08613181556699338,0.34403889329746795,0.620941162109375,0.0
syntax_signature_1_2gram_shuffle29,2471,7399,0.250354609929078,0.340167604347001,0.2642204678200115,-0.08824017098765861,0.35246063880767015,0.6239464282989502,0.0
syntax_function_1_2gram_shuffle13,2471,7399,0.250354609929078,0.3399702147566998,0.23516041189118636,-0.07853452994524818,0.31369494183643454,0.615916907787323,0.0
syntax_signature_1_2gram_shuffle13,2471,7399,0.250354609929078,0.33995814325592333,0.26005100232261613,-0.0868481199506907,0.3468991222733068,0.6224045753479004,0.0
syntax_function_1_2gram_shuffle03,2471,7399,0.250354609929078,0.33985037599928086,0.23414464846027988,-0.07819648637354179,0.31234113483382164,0.613227367401123,0.0
syntax_function_1_2gram_shuffle11,2471,7399,0.250354609929078,0.33967962394767465,0.23474087985201456,-0.0783955529208618,0.31313643277287634,0.6153972744941711,0.0
syntax_signature_1_2gram_shuffle30,2471,7399,0.250354609929078,0.33930099897488497,0.25386637099002596,-0.08478285553887221,0.3386492265288982,0.6195868849754333,0.0
syntax_function_1_2gram_shuffle21,2471,7399,0.250354609929078,0.33918532369093835,0.22939192940116793,-0.07660870939017372,0.30600063879134165,0.6120856404304504,0.0
syntax_function_1_2gram_shuffle04,2471,7399,0.250354609929078,0.33915653184752015,0.23309370722236333,-0.07784519144880096,0.3109388986711643,0.6129493117332458,0.0
syntax_signature_1_2gram_psalm,2791,8384,0.24975391498881433,0.33895773835448995,0.22765418570734774,-0.07578554655844383,0.3034397322657916,0.6117959022521973,0.0
syntax_typ_1_2gram_shuffle15,2471,7399,0.250354609929078,0.3387758964740205,0.2517943678580453,-0.08408928320745711,0.33588365106550244,0.6165364980697632,0.0
syntax_signature_1_2gram_shuffle17,2471,7399,0.250354609929078,0.33872481983867475,0.2598146306336668,-0.08676855553149376,0.34658318616516054,0.6215898394584656,0.0
syntax_signature_1_2gram_shuffle06,2471,7399,0.250354609929078,0.3386150357374611,0.25895537070342206,-0.08648248144083324,0.3454378521442553,0.6215780973434448,0.0
syntax_function_1_2gram_shuffle12,2471,7399,0.250354609929078,0.33841074944509364,0.23338498883858222,-0.07794176079127706,0.3113267496298593,0.6147509217262268,0.0
syntax_function_1_2gram_shuffle24,2471,7399,0.250354609929078,0.33832602672497614,0.22884667443613085,-0.0764272880865382,0.30527396252266903,0.6123431921005249,0.0
syntax_function_1_2_3gram,2471,7399,0.250354609929078,0.3382494974734551,0.23831132174673422,-0.079587612509985,0.3178989342567192,0.610251247882843,0.0
syntax_function_1_2gram_shuffle27,2471,7399,0.250354609929078,0.3378484023449966,0.23502143333920622,-0.07848888699785977,0.313510320337066,0.6140767931938171,0.0
syntax_signature_1_2gram_shuffle18,2471,7399,0.250354609929078,0.33777463696806775,0.25776175691736486,-0.08608314897485758,0.34384490589222244,0.6217360496520996,0.0
syntax_signature_1_2gram_shuffle02,2471,7399,0.250354609929078,0.33731283865828315,0.2599253200000088,-0.0868061315703027,0.3467314515703115,0.6212865710258484,0.0
syntax_signature_1_2gram_shuffle23,2471,7399,0.250354609929078,0.3373023219099279,0.25372099813888643,-0.08473402964782165,0.3384550277867081,0.6196516156196594,0.0
syntax_function_1_2gram_shuffle18,2471,7399,0.250354609929078,0.3371763897029405,0.23695838516611517,-0.07913555482452424,0.3160939399906394,0.6162922978401184,0.0
syntax_signature_1_2gram_shuffle26,2471,7399,0.250354609929078,0.3370118529361352,0.2538819328041301,-0.08478700161604782,0.33866893442017787,0.6188784241676331,0.0
syntax_function_1_2gram_shuffle26,2471,7399,0.250354609929078,0.3369290376198468,0.22747782626437252,-0.07596945874475135,0.3034472850091239,0.6118431091308594,0.0
syntax_function_1_2gram_shuffle17,2471,7399,0.250354609929078,0.3366879006989696,0.23477267545526292,-0.07840565899856772,0.31317833445383064,0.6149251461029053,0.0
syntax_function_1_2gram_shuffle09,2471,7399,0.250354609929078,0.3364472113116933,0.23313071958751527,-0.07785763273432617,0.3109883523218414,0.6121428608894348,0.0
syntax_signature_1_2gram_shuffle09,2471,7399,0.250354609929078,0.3364066352614059,0.2570101053027391,-0.08583216197409121,0.3428422672768303,0.6190018653869629,0.0
syntax_signature_1_2gram_shuffle08,2471,7399,0.250354609929078,0.3360295746834663,0.2537452237424467,-0.08474203661178267,0.3384872603542294,0.6193422675132751,0.0
syntax_function_1_2gram_shuffle29,2471,7399,0.250354609929078,0.3356421138147259,0.23529513945128394,-0.07857975509230634,0.3138748945435903,0.6141735911369324,0.0
syntax_function_1_2gram_shuffle06,2471,7399,0.250354609929078,0.33547373576052186,0.23406424450676352,-0.0781692617050157,0.31223350621177925,0.6143898963928223,0.0
syntax_function_1_2gram_shuffle02,2471,7399,0.250354609929078,0.33535393658181667,0.23214290521453654,-0.0775271954866863,0.3096701007012228,0.6127426624298096,0.0
syntax_signature_1_2gram_shuffle20,2471,7399,0.250354609929078,0.33497954969389915,0.2507280779357464,-0.08373445339466612,0.33446253133041254,0.6167268753051758,0.0
syntax_signature_1_2gram_shuffle05,2471,7399,0.250354609929078,0.33497951237133755,0.24886506307114126,-0.08311201812441064,0.3319770811955519,0.615103006362915,0.0
syntax_function_1_2gram_shuffle23,2471,7399,0.250354609929078,0.3346944133586831,0.23197502128230504,-0.07747133024574342,0.30944635152804845,0.6127534508705139,0.0
syntax_function_1_2gram_shuffle05,2471,7399,0.250354609929078,0.33447581877540017,0.2274528880937145,-0.07596066125508619,0.3034135493488007,0.6107034683227539,0.0
syntax_signature_1_2_3gram_shuffle15,2471,7399,0.250354609929078,0.33432243156833263,0.2561804200429049,-0.08555506381734221,0.3417354838602471,0.6160717010498047,0.0
syntax_function_1_2gram_shuffle25,2471,7399,0.250354609929078,0.3341312474702623,0.222788114062044,-0.07440257640910938,0.2971906904711534,0.60929936170578,0.0
syntax_signature_1_2gram_shuffle19,2471,7399,0.250354609929078,0.3340154734249908,0.254074143913855,-0.08485137789370205,0.3389255218075571,0.6186338067054749,0.0
syntax_typ_1_2gram_shuffle01,2471,7399,0.250354609929078,0.3338987462401068,0.22674791222024457,-0.0757260395701814,0.30247395179042597,0.6045619249343872,0.0
syntax_function_1_2gram_psalm,2791,8384,0.24975391498881433,0.33353674278763473,0.22001307676250803,-0.07324155521054809,0.2932546319730561,0.6058081388473511,0.0
syntax_function_1_2gram_shuffle08,2471,7399,0.250354609929078,0.3335262890089912,0.22528540204815892,-0.07523650916422202,0.3005219112123809,0.6109207272529602,0.0
syntax_function_1_2gram_shuffle20,2471,7399,0.250354609929078,0.33332495907219695,0.2246936055576544,-0.0750397943597056,0.29973339991736003,0.6100062727928162,0.0
syntax_typ_1_2_3gram_shuffle15,2471,7399,0.250354609929078,0.3331997463220659,0.2509896137953036,-0.08382157758353456,0.3348111913788382,0.6109263300895691,0.0
syntax_full_signature_inventory_psalm,2791,8384,0.24975391498881433,0.33257937944369514,0.19697777601557098,-0.06557316228284292,0.2625509382984139,0.6024652123451233,0.0
syntax_signature_1_2_3gram_shuffle01,2471,7399,0.250354609929078,0.33223096332764823,0.25081449890354635,-0.08376292042402438,0.33457741932757074,0.6138125061988831,0.0
syntax_function_1_2_3gram_shuffle15,2471,7399,0.250354609929078,0.33207469415861235,0.23013660834422678,-0.07685734226140722,0.306993950605634,0.6084976196289062,0.0
syntax_typ_1_2_3gram,2471,7399,0.250354609929078,0.3320019856975338,0.22366039321203854,-0.07469475923486339,0.2983551524469019,0.606586217880249,0.0
syntax_function_1_2gram_shuffle30,2471,7399,0.250354609929078,0.33167804911130233,0.22242101247693896,-0.07428091786931966,0.29670193034625864,0.6088754534721375,0.0
syntax_signature_1_2_3gram_shuffle16,2471,7399,0.250354609929078,0.33133214096597674,0.25529051328475494,-0.0852577158840604,0.34054822916881533,0.6159321069717407,0.0
syntax_function_1_2gram_psalm_shuffle10,2791,8384,0.24975391498881433,0.330900497442515,0.21145866625786466,-0.07039297656545335,0.281851642823318,0.6034602522850037,0.0
syntax_signature_1_2_3gram_shuffle21,2471,7399,0.250354609929078,0.33046555858859994,0.25127288384107693,-0.08391625249069178,0.3351891363317687,0.6127379536628723,0.0
syntax_signature_1_2_3gram_shuffle14,2471,7399,0.250354609929078,0.3303497531655869,0.25002784861945815,-0.08350032324389604,0.3335281718633542,0.6123108863830566,0.0
syntax_signature_1_2gram_psalm_shuffle01,2791,8384,0.24975391498881433,0.33011732016043216,0.21043004639898907,-0.0700518677465452,0.28048191414553425,0.6038212180137634,0.0
syntax_signature_1_2_3gram_shuffle03,2471,7399,0.250354609929078,0.3300790188127775,0.2540526159266583,-0.08484433739621867,0.33889695332287695,0.6147313117980957,0.0
syntax_signature_1_2gram_psalm_shuffle15,2791,8384,0.24975391498881433,0.3300586472171688,0.2156671160834384,-0.07179409296846027,0.28746120905189865,0.604205846786499,0.0
syntax_signature_1_2_3gram_shuffle22,2471,7399,0.250354609929078,0.3299462150685586,0.2540160500154858,-0.08483180722557843,0.3388478572410642,0.6148033738136292,0.0
syntax_signature_1_2gram_psalm_shuffle04,2791,8384,0.24975391498881433,0.32963073499929213,0.21698917996879186,-0.07223484187057927,0.2892240218393711,0.6049597859382629,0.0
syntax_signature_1_2_3gram_shuffle10,2471,7399,0.250354609929078,0.32954011394949834,0.25178474072685386,-0.08408678612887717,0.335871526855731,0.6129683256149292,0.0
syntax_signature_1_2_3gram_psalm,2791,8384,0.24975391498881433,0.32914807822788095,0.23682525216850883,-0.07883773454505652,0.31566298671356535,0.6084616184234619,0.0
syntax_function_1_2_3gram_shuffle14,2471,7399,0.250354609929078,0.3289070598431385,0.2280194473137256,-0.07615037832995092,0.3041698256436765,0.6074398159980774,0.0
syntax_function_1_2gram_shuffle19,2471,7399,0.250354609929078,0.3284360229693318,0.22290035817066975,-0.07444057389148019,0.29734093206214995,0.6099399328231812,0.0
syntax_typ_1_2gram_shuffle09,2471,7399,0.250354609929078,0.32833705799308094,0.23639005308364608,-0.07894541050175422,0.3153354635854003,0.6073966026306152,0.0
syntax_typ_1_2gram,2471,7399,0.250354609929078,0.328268519371952,0.2159362366656385,-0.07211504402395061,0.2880512806895891,0.6035282015800476,0.0
syntax_signature_1_2gram_psalm_shuffle21,2791,8384,0.24975391498881433,0.32823357224624694,0.21612536874354954,-0.07194664087832073,0.2880720096218703,0.6037774682044983,0.0
syntax_function_1_2_3gram_shuffle01,2471,7399,0.250354609929078,0.3279247023689751,0.22422264412406565,-0.07488200311130326,0.2991046472353689,0.6051969528198242,0.0
syntax_signature_1_2_3gram_shuffle28,2471,7399,0.250354609929078,0.32790397686762496,0.2573526014192531,-0.0859458873419693,0.3432984887612224,0.6160258054733276,0.0
syntax_signature_1_2_3gram_shuffle24,2471,7399,0.250354609929078,0.3277129594914869,0.24721928295227374,-0.0825622188213488,0.32978150177362253,0.6117864847183228,0.0
syntax_signature_1_2gram_psalm_shuffle10,2791,8384,0.24975391498881433,0.32763523026856695,0.21800712152640442,-0.07257367764231544,0.29058079916871987,0.6049588322639465,0.0
syntax_signature_1_2_3gram_shuffle11,2471,7399,0.250354609929078,0.3275906264519284,0.25198053056451936,-0.0841526681755468,0.33613319874006614,0.6133421063423157,0.0
syntax_signature_1_2_3gram_shuffle27,2471,7399,0.250354609929078,0.32747352022529663,0.2508184723901684,-0.08376416922481557,0.33458264161498397,0.6126608848571777,0.0
syntax_signature_1_2_3gram_shuffle29,2471,7399,0.250354609929078,0.327436343619593,0.2547327472419544,-0.08507121600873142,0.3398039632506858,0.6154507994651794,0.0
syntax_signature_1_2gram_psalm_shuffle06,2791,8384,0.24975391498881433,0.32736797717291555,0.21981009636175558,-0.07317419658239684,0.2929842929441524,0.6061089634895325,0.0
syntax_typ_1_2gram_shuffle12,2471,7399,0.250354609929078,0.3273462119791888,0.23543296437248218,-0.07862736763185671,0.3140603320043389,0.610551118850708,0.0
syntax_signature_1_2_3gram_shuffle25,2471,7399,0.250354609929078,0.32730486035058126,0.24582754776889265,-0.08209746552760896,0.3279250132965016,0.610469400882721,0.0
syntax_signature_1_2gram_psalm_shuffle16,2791,8384,0.24975391498881433,0.32727226994711833,0.21146523424229335,-0.07039551987810752,0.2818607541204009,0.6031820774078369,0.0
syntax_function_1_2_3gram_shuffle10,2471,7399,0.250354609929078,0.32722835519632865,0.22602549195870092,-0.07548454052269409,0.301510032481395,0.6055652499198914,0.0
syntax_signature_1_2gram_psalm_shuffle11,2791,8384,0.24975391498881433,0.3271483759254175,0.21869964235078063,-0.072803569760507,0.2915032121112876,0.6051870584487915,0.0
syntax_signature_1_2_3gram_shuffle13,2471,7399,0.250354609929078,0.32710401509539405,0.25055992494063983,-0.08367836588994977,0.3342382908305896,0.6134886145591736,0.0
syntax_signature_1_2gram_psalm_shuffle14,2791,8384,0.24975391498881433,0.32696355817753564,0.21149071114542106,-0.07040494469083068,0.28189565583625176,0.6025061011314392,0.0
syntax_signature_1_2_3gram_shuffle04,2471,7399,0.250354609929078,0.32680634404317066,0.25186758563425876,-0.08411459604417552,0.3359821816784343,0.6134091019630432,0.0
syntax_signature_1_2gram_psalm_shuffle17,2791,8384,0.24975391498881433,0.3267845246276341,0.21912076185507967,-0.07294374287535828,0.29206450473043793,0.605836808681488,0.0
syntax_function_1_2gram_psalm_shuffle04,2791,8384,0.24975391498881433,0.3267414509501597,0.20647715150235532,-0.06873639813758445,0.27521354963993977,0.6000263690948486,0.0
syntax_typ_1_2gram_shuffle10,2471,7399,0.250354609929078,0.3266599176718876,0.2311369372081981,-0.07719203849090153,0.30832897569909967,0.6066109538078308,0.0
syntax_signature_1_2gram_psalm_shuffle24,2791,8384,0.24975391498881433,0.32662919404404545,0.21450877048225428,-0.07140826498441376,0.285917035466668,0.6036320924758911,0.0
syntax_signature_1_2gram_psalm_shuffle25,2791,8384,0.24975391498881433,0.32662077496766084,0.2109413893149224,-0.07022248687287098,0.28116387618779337,0.6012414693832397,0.0
syntax_function_1_2gram_psalm_shuffle01,2791,8384,0.24975391498881433,0.3265736590502018,0.20114284002590246,-0.06696033800517565,0.2681031780310781,0.5986712574958801,0.0
syntax_signature_1_2_3gram_shuffle12,2471,7399,0.250354609929078,0.32650484774342703,0.24650539260312992,-0.08232349313275869,0.32882888573588864,0.610680878162384,0.0
syntax_signature_1_2gram_psalm_shuffle13,2791,8384,0.24975391498881433,0.3263504713983575,0.21935812806087793,-0.0730241196784465,0.2923822477393244,0.6068852543830872,0.0
syntax_typ_1_2gram_shuffle21,2471,7399,0.250354609929078,0.3262325709888446,0.2194746877193128,-0.07329741740079868,0.2927721051201115,0.6037247776985168,0.0
syntax_typ_1_2_3gram_shuffle01,2471,7399,0.250354609929078,0.3262109441239701,0.21934389417739908,-0.07325309708185537,0.2925969912592544,0.5960426926612854,0.0
syntax_signature_1_2gram_psalm_shuffle28,2791,8384,0.24975391498881433,0.32601104070281983,0.2198871620576048,-0.0731994974336173,0.2930866594912221,0.6067743301391602,0.0
syntax_signature_1_2_3gram_shuffle18,2471,7399,0.250354609929078,0.32596020781854174,0.24866587431157175,-0.08304486380332207,0.3317107381148938,0.6125023365020752,0.0
syntax_signature_1_2gram_psalm_shuffle18,2791,8384,0.24975391498881433,0.3257876104260616,0.21349117742265794,-0.07107060987475593,0.2845617872974139,0.603812575340271,0.0
syntax_signature_1_2gram_psalm_shuffle22,2791,8384,0.24975391498881433,0.32559647285904025,0.2121475565085525,-0.07062345774845986,0.28277101425701234,0.6025243401527405,0.0
syntax_signature_1_2_3gram_shuffle07,2471,7399,0.250354609929078,0.325559444293958,0.24622563219432203,-0.0822305061508509,0.32845613834517295,0.610687255859375,0.0
syntax_function_1_2_3gram_shuffle03,2471,7399,0.250354609929078,0.325390063462779,0.2266067638029841,-0.07567789433688622,0.3022846581398703,0.6051416993141174,0.0
syntax_signature_1_2gram_psalm_shuffle12,2791,8384,0.24975391498881433,0.32533228444867157,0.21129149453957918,-0.07033806814658598,0.2816295626861652,0.6008973717689514,0.0
syntax_signature_1_2gram_psalm_shuffle27,2791,8384,0.24975391498881433,0.3253030759464306,0.21360170759889213,-0.07110691814921354,0.2847086257481057,0.6035079956054688,0.0
syntax_typ_1_2_3gram_shuffle12,2471,7399,0.250354609929078,0.32515149636757024,0.24453978982658203,-0.08166673426854393,0.32620652409512596,0.6103777289390564,0.0
syntax_typ_1_2gram_shuffle03,2471,7399,0.250354609929078,0.3250887782700367,0.20967997194329158,-0.07002675485179324,0.2797067267950848,0.5972965359687805,0.0
syntax_function_1_2gram_psalm_shuffle17,2791,8384,0.24975391498881433,0.32506994940426137,0.20909428318569068,-0.0696061984205472,0.2787004816062379,0.6027212738990784,0.0
syntax_signature_1_2_3gram_shuffle30,2471,7399,0.250354609929078,0.3250250075935963,0.2441710375996652,-0.08154401646762585,0.32571505406729107,0.6104403138160706,0.0
syntax_function_1_2gram_psalm_shuffle15,2791,8384,0.24975391498881433,0.3249388450400499,0.20343976997441138,-0.06772450488080005,0.27116427485521144,0.5979252457618713,0.0
syntax_function_1_2_3gram_psalm,2791,8384,0.24975391498881433,0.32486580059869236,0.22866607705911682,-0.07612199465364934,0.3047880717127662,0.6040886640548706,0.0
syntax_typ_1_2_3gram_shuffle11,2471,7399,0.250354609929078,0.3248558303554528,0.24044762062862832,-0.08030039331587348,0.3207480139445018,0.6066475510597229,0.0
syntax_signature_1_2_3gram_shuffle23,2471,7399,0.250354609929078,0.3246190410990624,0.2441969173689884,-0.08155393378545493,0.32575085115444335,0.6110165119171143,0.0
syntax_function_1_2_3gram_shuffle16,2471,7399,0.250354609929078,0.3244914558812235,0.22702145293100168,-0.07581738477370842,0.3028388377047101,0.6062058806419373,0.0
syntax_function_1_2_3gram_shuffle28,2471,7399,0.250354609929078,0.32448232962180285,0.23201327284866652,-0.07748441892745427,0.3094976917761208,0.6080146431922913,0.0
syntax_typ_1_2gram_shuffle29,2471,7399,0.250354609929078,0.3243956179070445,0.2120565572039701,-0.07081856204033975,0.28287511924430986,0.6007314324378967,0.0
syntax_signature_1_2_3gram_shuffle17,2471,7399,0.250354609929078,0.3243909314407025,0.2486357740853478,-0.08303553474668579,0.33167130883203355,0.6116546392440796,0.0
syntax_function_1_2_3gram_shuffle13,2471,7399,0.250354609929078,0.3243865921353706,0.22349746336842066,-0.07464044595597083,0.2981379093243915,0.6048194766044617,0.0
syntax_function_1_2_3gram_shuffle21,2471,7399,0.250354609929078,0.32423769084539766,0.2205420397672176,-0.07365275655668464,0.2941947963239022,0.6019973158836365,0.0
syntax_function_1_2gram_psalm_shuffle07,2791,8384,0.24975391498881433,0.3241966358714141,0.2121535539535836,-0.07062578107900107,0.2827793350325847,0.6015438437461853,0.0
syntax_signature_1_2gram_psalm_shuffle29,2791,8384,0.24975391498881433,0.32403530729613494,0.20971323944836162,-0.06981305832369136,0.27952629777205296,0.6017723083496094,0.0
syntax_function_1_2gram_psalm_shuffle11,2791,8384,0.24975391498881433,0.3239323077928846,0.21196764806944748,-0.07056305745046515,0.28253070551991266,0.6020484566688538,0.0
syntax_function_1_2gram_psalm_shuffle27,2791,8384,0.24975391498881433,0.323882904401314,0.209633139042741,-0.06978681903170386,0.27941995807444486,0.6024751663208008,0.0
syntax_signature_1_2gram_psalm_shuffle07,2791,8384,0.24975391498881433,0.3238541208750091,0.21454565167433967,-0.07142139718765925,0.2859670488619989,0.6032341122627258,0.0
syntax_signature_1_2gram_psalm_shuffle30,2791,8384,0.24975391498881433,0.3238128697917016,0.20870230379925597,-0.06947622670679227,0.27817853050604824,0.6009075045585632,0.0
syntax_typ_1_2gram_shuffle11,2471,7399,0.250354609929078,0.323648152216636,0.23238472137234195,-0.07760869055505776,0.3099934119273997,0.606904923915863,0.0
syntax_function_1_2_3gram_shuffle18,2471,7399,0.250354609929078,0.32360793394402165,0.22772536243613514,-0.07605249569407498,0.30377785813021013,0.6062982082366943,0.0
syntax_function_1_2gram_psalm_shuffle14,2791,8384,0.24975391498881433,0.3236070018122317,0.20523755992598344,-0.06832280293636002,0.2735603628623435,0.5998344421386719,0.0
syntax_signature_1_2gram_psalm_shuffle19,2791,8384,0.24975391498881433,0.3235968834736582,0.21518402460141683,-0.07163416387463946,0.2868181884760563,0.6024659276008606,0.0
syntax_function_1_2gram_psalm_shuffle24,2791,8384,0.24975391498881433,0.32339329440224657,0.20209626004984882,-0.06727639674675938,0.2693726567966082,0.5976372361183167,0.0
syntax_function_1_2gram_psalm_shuffle18,2791,8384,0.24975391498881433,0.32339062137090313,0.20945363842157752,-0.0697271864190812,0.2791808248406587,0.600667417049408,0.0
syntax_signature_1_2_3gram_shuffle02,2471,7399,0.250354609929078,0.3233869729234523,0.2489413382340746,-0.08313738393509193,0.33207872216916656,0.6121445298194885,0.0
syntax_function_1_2gram_psalm_shuffle21,2791,8384,0.24975391498881433,0.32335673816710514,0.20552592176345932,-0.06841826707456514,0.27394418883802446,0.5986458659172058,0.0
syntax_function_1_2gram_psalm_shuffle28,2791,8384,0.24975391498881433,0.3233045974242754,0.2111623702269142,-0.07029484016315096,0.28145721039006516,0.6024941205978394,0.0
syntax_function_1_2_3gram_shuffle11,2471,7399,0.250354609929078,0.323146687445285,0.22509959833899193,-0.07517584658058662,0.3002754449195786,0.6050031185150146,0.0
syntax_typ_1_2_3gram_shuffle10,2471,7399,0.250354609929078,0.3230965804301372,0.23354567342409743,-0.0779963227744916,0.311541996198589,0.6028478741645813,0.0
syntax_function_1_2gram_psalm_shuffle13,2791,8384,0.24975391498881433,0.3229990366528841,0.20960319822115056,-0.06977710969185243,0.279380307913003,0.6027712821960449,0.0
syntax_typ_1_2gram_shuffle16,2471,7399,0.250354609929078,0.32293825662642717,0.2206215588817399,-0.07367949164903007,0.29430105053076994,0.6027047038078308,0.0
syntax_function_1_2_3gram_shuffle27,2471,7399,0.250354609929078,0.32278404840511543,0.22376548695960408,-0.0747294837093691,0.2984949706689732,0.6036290526390076,0.0
syntax_function_1_2_3gram_shuffle24,2471,7399,0.250354609929078,0.32275420543602373,0.2197851676377926,-0.07340048493359069,0.2931856525713833,0.6025901436805725,0.0
syntax_signature_1_2_3gram_shuffle09,2471,7399,0.250354609929078,0.3227045032842022,0.24594076848595173,-0.08213529850632642,0.32807606699227815,0.6099175214767456,0.0
syntax_signature_1_2gram_psalm_shuffle03,2791,8384,0.24975391498881433,0.32265396268701,0.2080351894884757,-0.06925451983202442,0.2772897093205001,0.6004680395126343,0.0
syntax_signature_1_2gram_psalm_shuffle23,2791,8384,0.24975391498881433,0.3226046535607887,0.20620354780011102,-0.06864325054607506,0.2748467983461861,0.599834144115448,0.0
syntax_function_1_2_3gram_shuffle22,2471,7399,0.250354609929078,0.32256136594320667,0.22106083228970191,-0.07382649781955365,0.29488733010925555,0.6039152145385742,0.0
syntax_typ_1_2_3gram_shuffle09,2471,7399,0.250354609929078,0.3224876777459358,0.2340332788644891,-0.07815886953362058,0.3121921483981097,0.6027187705039978,0.0
syntax_signature_1_2_3gram_shuffle08,2471,7399,0.250354609929078,0.3224857809163191,0.24360023372943418,-0.08135394089349035,0.32495417462292453,0.6099272966384888,0.0
syntax_typ_1_2_3gram_shuffle21,2471,7399,0.250354609929078,0.3224750916654151,0.22137125069784627,-0.07392983142926636,0.29530108212711265,0.6001801490783691,0.0
syntax_signature_1_2gram_psalm_shuffle26,2791,8384,0.24975391498881433,0.3223139243985683,0.21337781129682065,-0.07103277289292924,0.2844105841897499,0.6021914482116699,0.0
syntax_function_1_2_3gram_shuffle07,2471,7399,0.250354609929078,0.3223115309634427,0.22179557861394644,-0.0740716139273618,0.2958671925413082,0.6028072834014893,0.0
syntax_function_1_2gram_psalm_shuffle16,2791,8384,0.24975391498881433,0.32203839548524743,0.20006717844069516,-0.06660155053860847,0.2666687289793036,0.597281813621521,0.0
syntax_signature_1_2_3gram_shuffle06,2471,7399,0.250354609929078,0.3220154040283473,0.2446416762382096,-0.08170147503968116,0.32634315127789076,0.6104624271392822,0.0
syntax_function_1_2gram_psalm_shuffle06,2791,8384,0.24975391498881433,0.32196926646737256,0.20839198680621407,-0.06937359796360293,0.277765584769817,0.6002621054649353,0.0
syntax_function_1_2_3gram_shuffle04,2471,7399,0.250354609929078,0.32196440276987615,0.224507637599626,-0.07497678184096492,0.2994844194405909,0.6038202047348022,0.0
syntax_signature_1_2gram_psalm_shuffle02,2791,8384,0.24975391498881433,0.32194847673874993,0.21651785262245515,-0.07207827976500275,0.2885961323874579,0.6045485138893127,0.0
syntax_typ_1_2gram_shuffle08,2471,7399,0.250354609929078,0.3219294056549553,0.2107653769250701,-0.07038647983953299,0.2811518567646031,0.5971397757530212,0.0
syntax_signature_1_2_3gram_shuffle26,2471,7399,0.250354609929078,0.3217754772506344,0.240680380723378,-0.08037889636207712,0.3210592770854551,0.6079192757606506,0.0
syntax_function_1_2_3gram_shuffle12,2471,7399,0.250354609929078,0.321773078538805,0.22183442506663006,-0.07408467225720827,0.29591909732383836,0.6037583351135254,0.0
syntax_typ_1_2_3gram_shuffle03,2471,7399,0.250354609929078,0.32176324085990415,0.21515521521505332,-0.07185425376211924,0.28700946897717255,0.5955503582954407,0.0
syntax_function_1_2_3gram_shuffle25,2471,7399,0.250354609929078,0.32155388196043366,0.216168090824668,-0.07219232256527806,0.28836041338994606,0.6004425287246704,0.0
syntax_typ_1_2gram_shuffle22,2471,7399,0.250354609929078,0.3215053712875626,0.2216610512769215,-0.0740268681935757,0.2956879194704972,0.6044977307319641,0.0
syntax_signature_1_2gram_psalm_shuffle09,2791,8384,0.24975391498881433,0.32134065811664136,0.21031722914381493,-0.07001331825120945,0.2803305473950244,0.5997107625007629,0.0
syntax_function_1_2gram_psalm_shuffle22,2791,8384,0.24975391498881433,0.32123487059905165,0.19840794168214576,-0.06604957789598194,0.2644575195781277,0.596481204032898,0.0
syntax_function_1_2gram_psalm_shuffle25,2791,8384,0.24975391498881433,0.321120631661431,0.1990229720407478,-0.06625458080916129,0.26527755284990906,0.595651388168335,0.0
syntax_signature_1_2_3gram_shuffle19,2471,7399,0.250354609929078,0.32098420815165746,0.24451671004387704,-0.08165938357949454,0.3261760936233716,0.6095374822616577,0.0
syntax_signature_1_2_3gram_shuffle20,2471,7399,0.250354609929078,0.32088548394093086,0.23845028336093269,-0.07963382765201935,0.31808411101295203,0.6067545413970947,0.0
syntax_function_1_2gram_psalm_shuffle12,2791,8384,0.24975391498881433,0.32073986326812626,0.20211505028395788,-0.06728437776969776,0.26939942805365563,0.5975292921066284,0.0
syntax_signature_1_2_3gram_shuffle05,2471,7399,0.250354609929078,0.32061500804058846,0.23541621921594627,-0.07862059336078735,0.3140368125767336,0.6044592261314392,0.0
syntax_signature_1_2gram_psalm_shuffle05,2791,8384,0.24975391498881433,0.3205911546720598,0.20602380845599824,-0.06858532308665186,0.2746091315426501,0.5977181792259216,0.0
syntax_typ_1_2gram_shuffle26,2471,7399,0.250354609929078,0.3204946645565987,0.22339845062029362,-0.07460772522888563,0.29800617584917927,0.606879711151123,0.0
syntax_typ_1_2_3gram_shuffle16,2471,7399,0.250354609929078,0.32040066388797656,0.22343398443379509,-0.0746191232235542,0.29805310765734927,0.5988638401031494,0.0
syntax_function_1_2gram_psalm_shuffle19,2791,8384,0.24975391498881433,0.3202243887473709,0.20499276517394574,-0.06824143177724713,0.2732341969511929,0.5992564558982849,0.0
syntax_function_1_2_3gram_shuffle17,2471,7399,0.250354609929078,0.3201305229700099,0.22160384530299793,-0.07400762432431486,0.2956114696273128,0.602959930896759,0.0
syntax_signature_1_2gram_psalm_shuffle08,2791,8384,0.24975391498881433,0.3201083875050879,0.20577868473193683,-0.06850320450027968,0.2742818892322165,0.5993743538856506,0.0
syntax_function_1_2_3gram_shuffle09,2471,7399,0.250354609929078,0.3200074257290023,0.22002659164364996,-0.0734802953915114,0.29350688703516137,0.6007943749427795,0.0
syntax_typ_1gram,2471,7399,0.250354609929078,0.31994853159363573,0.20755718591353373,-0.06931862255455332,0.276875808468087,0.5998383164405823,0.0
syntax_function_1_2gram_psalm_shuffle05,2791,8384,0.24975391498881433,0.3198789016807977,0.19912307565900042,-0.06628749053512083,0.26541056619412123,0.5950772762298584,0.0
syntax_function_1_2gram_psalm_shuffle09,2791,8384,0.24975391498881433,0.31962108213863993,0.20176139169077298,-0.06716517588355778,0.26892656757433075,0.595909595489502,0.0
syntax_typ_1_2gram_shuffle28,2471,7399,0.250354609929078,0.31951097170316617,0.2274520135936155,-0.07596130368336473,0.30341331727698023,0.6050806045532227,0.0
syntax_function_1_2_3gram_shuffle29,2471,7399,0.250354609929078,0.31939839452277063,0.22265726485242945,-0.0743599352136318,0.29701720006606125,0.6030532121658325,0.0
syntax_typ_1_2gram_psalm_shuffle01,2791,8384,0.24975391498881433,0.31931455403107456,0.19800804231004024,-0.06591416314800475,0.263922205458045,0.5918540954589844,0.0
syntax_signature_1_2gram_psalm_shuffle20,2791,8384,0.24975391498881433,0.31930572615631436,0.2014926085690617,-0.06707661353720935,0.26856922210627104,0.5965971946716309,0.0
syntax_typ_1_2_3gram_psalm,2791,8384,0.24975391498881433,0.31925121202271356,0.21141754133666563,-0.0703796655368967,0.28179720687356236,0.599208414554596,0.0
syntax_function_1_2gram_psalm_shuffle29,2791,8384,0.24975391498881433,0.31924762863874095,0.19870570066239923,-0.06614763768284349,0.2648533383452427,0.5964223146438599,0.0
syntax_typ_1_2gram_shuffle17,2471,7399,0.250354609929078,0.3191492082481674,0.22432687478960525,-0.0749180771162262,0.29924495190583145,0.6001297831535339,0.0
syntax_typ_1_2gram_shuffle23,2471,7399,0.250354609929078,0.3190793471295466,0.2202814859888526,-0.07356665536263693,0.2938481413514895,0.6046915650367737,0.0
syntax_function_1_2_3gram_shuffle26,2471,7399,0.250354609929078,0.31905598319962175,0.21514834873834182,-0.07185177972104644,0.28700012845938827,0.5998351573944092,0.0
syntax_function_1_2gram_psalm_shuffle23,2791,8384,0.24975391498881433,0.31882203993546965,0.20118053079935233,-0.06697199640301572,0.26815252720236804,0.596717119216919,0.0
syntax_function_1_2gram_psalm_shuffle03,2791,8384,0.24975391498881433,0.3187631159533318,0.1989884273249806,-0.0662419466255488,0.2652303739505294,0.5956217050552368,0.0
syntax_function_1_2gram_psalm_shuffle26,2791,8384,0.24975391498881433,0.3187012541684941,0.20162860386704912,-0.06712054830341203,0.26874915217046114,0.5967427492141724,0.0
syntax_function_1_2_3gram_shuffle23,2471,7399,0.250354609929078,0.3181492909505892,0.21929968761452218,-0.07323879273893744,0.29253848035345964,0.6020802855491638,0.0
syntax_typ_1_2_3gram_shuffle08,2471,7399,0.250354609929078,0.318040920620592,0.22004793403734224,-0.07348863649429954,0.2935365705316418,0.5964599251747131,0.0
syntax_typ_1_2gram_psalm_shuffle15,2791,8384,0.24975391498881433,0.3179196564710786,0.21783481687101655,-0.07251407685083537,0.2903488937218519,0.5972504615783691,0.0
syntax_typ_1_2gram_shuffle19,2471,7399,0.250354609929078,0.3177987961581711,0.21385892465539502,-0.0714206033701011,0.2852795280254961,0.5979081988334656,0.0
syntax_function_1_2_3gram_shuffle02,2471,7399,0.250354609929078,0.3177492555337494,0.21995044496103638,-0.07345617692733082,0.2934066218883672,0.6022383570671082,0.0
syntax_function_1_2_3gram_shuffle06,2471,7399,0.250354609929078,0.31773618995720465,0.21831903491479596,-0.0729104450881871,0.29122948000298304,0.6014539003372192,0.0
syntax_function_1_2gram_psalm_shuffle02,2791,8384,0.24975391498881433,0.3176109732800268,0.2045835605523329,-0.06810579881723682,0.27268935936956973,0.599277675151825,0.0
syntax_function_1_2gram_psalm_shuffle30,2791,8384,0.24975391498881433,0.31756601660339606,0.1957879704548305,-0.06517763609213911,0.26096560654696965,0.5947855710983276,0.0
syntax_function_1_2gram_psalm_shuffle08,2791,8384,0.24975391498881433,0.31752211055128887,0.19441425409644858,-0.06471927199007674,0.2591335260865253,0.5944206714630127,0.0
syntax_typ_1_2gram_psalm,2791,8384,0.24975391498881433,0.3174927614168319,0.19604703415445637,-0.0652633588422362,0.26131039299669256,0.5936176180839539,0.0
syntax_typ_1_2gram_shuffle25,2471,7399,0.250354609929078,0.31744930466352084,0.2080244995147481,-0.06947232620039342,0.27749682571514156,0.593365490436554,2.382207389352189e-44
syntax_signature_1_2_3gram_psalm_shuffle01,2791,8384,0.24975391498881433,0.31735460800658366,0.21370486512747489,-0.07114173841209373,0.2848466035395686,0.597470223903656,0.0
syntax_typ_1_2_3gram_shuffle22,2471,7399,0.250354609929078,0.31733958479789887,0.22331788705121644,-0.07458065167785423,0.2978985387290707,0.6013631820678711,0.0
syntax_typ_1_2gram_shuffle14,2471,7399,0.250354609929078,0.31727845125763254,0.2085786700277066,-0.06965832173170444,0.2782369917594111,0.5975932478904724,0.0
syntax_signature_1_2_3gram_psalm_shuffle15,2791,8384,0.24975391498881433,0.31714092203117106,0.21570337684511187,-0.07180667907898607,0.28751005592409795,0.5977030992507935,0.0
syntax_function_1_2_3gram_shuffle05,2471,7399,0.250354609929078,0.3170426941507997,0.2116246366039895,-0.07067526918089542,0.28229990578488495,0.5973749756813049,0.0
syntax_typ_1_2_3gram_shuffle17,2471,7399,0.250354609929078,0.316955928793917,0.22659686942317475,-0.07567546637004102,0.3022723357932158,0.5982018709182739,0.0
syntax_typ_1_2gram_shuffle02,2471,7399,0.250354609929078,0.31676881709575544,0.21887489467513124,-0.0730968535935374,0.2919717482686687,0.5996639728546143,0.0
syntax_function_1_2_3gram_shuffle08,2471,7399,0.250354609929078,0.31672315797697015,0.21294907870058818,-0.07111720541547338,0.28406628411606155,0.5993565320968628,0.0
syntax_function_1_2_3gram_shuffle20,2471,7399,0.250354609929078,0.3163762139246288,0.21101513028831037,-0.07047217415378902,0.2814873044420994,0.5979440212249756,0.0
syntax_function_1_2_3gram_shuffle30,2471,7399,0.250354609929078,0.3162564184678953,0.2099214702424482,-0.07010584949606288,0.2800273197385111,0.5977242588996887,0.0
syntax_typ_1_2_3gram_shuffle29,2471,7399,0.250354609929078,0.3161161004877122,0.2100941619280092,-0.07016444970383476,0.28025861163184396,0.5948672294616699,1.401298464324817e-45
syntax_typ_1_2gram_shuffle04,2471,7399,0.250354609929078,0.31608905935497766,0.22021631185698776,-0.0735439091440983,0.29376022100108606,0.5999775528907776,0.0
syntax_typ_1_2_3gram_shuffle18,2471,7399,0.250354609929078,0.3160256608662768,0.22060593634991424,-0.07367356794783846,0.2942795042977527,0.5998759269714355,0.0
syntax_signature_1_2_3gram_psalm_shuffle14,2791,8384,0.24975391498881433,0.31601444553971525,0.2151293559995812,-0.07161537798515513,0.2867447339847363,0.5974671244621277,0.0
syntax_signature_1_2_3gram_psalm_shuffle21,2791,8384,0.24975391498881433,0.31597070838025304,0.21576048927113484,-0.07182597454654314,0.287586463817678,0.5971236228942871,0.0
syntax_typ_1_2gram_shuffle13,2471,7399,0.250354609929078,0.3159676120162811,0.21796694189429822,-0.07279420191684328,0.2907611438111415,0.6019946336746216,0.0
syntax_typ_1_2_3gram_shuffle28,2471,7399,0.250354609929078,0.3158120348957934,0.22749173010932072,-0.07597481530094244,0.3034665454102632,0.600304365158081,0.0
syntax_typ_1_2gram_psalm_shuffle17,2791,8384,0.24975391498881433,0.3155752095738865,0.2137606351064386,-0.07115927384183453,0.2849199089482731,0.5943282246589661,0.0
syntax_function_1_2_3gram_shuffle19,2471,7399,0.250354609929078,0.3155091358484209,0.21465010934611073,-0.07168556220897976,0.2863356715550905,0.6003973484039307,0.0
syntax_function_1_2gram_psalm_shuffle20,2791,8384,0.24975391498881433,0.31538855156287754,0.19015578055898416,-0.06330248012131982,0.25345826068030397,0.5923197865486145,0.0
syntax_typ_1_2gram_shuffle30,2471,7399,0.250354609929078,0.3152627864452347,0.2061764967815807,-0.06885639459949933,0.27503289138108,0.5922832489013672,2.284116496849452e-43
syntax_typ_1_2gram_shuffle18,2471,7399,0.250354609929078,0.31524338084037484,0.21411012258852963,-0.07150496689157859,0.2856150894801082,0.5995160937309265,0.0
syntax_typ_1_2gram_psalm_shuffle12,2791,8384,0.24975391498881433,0.3152423067155308,0.20779754406191248,-0.069175131435658,0.2769726754975705,0.5933025479316711,0.0
syntax_signature_1_2_3gram_psalm_shuffle16,2791,8384,0.24975391498881433,0.315183186445971,0.21299157623026535,-0.07090385518160003,0.28389543141186535,0.5968222618103027,0.0
syntax_typ_1_2_3gram_shuffle23,2471,7399,0.250354609929078,0.31486667592843165,0.21836155869862298,-0.07292493467166393,0.2912864933702869,0.5999698042869568,0.0
syntax_typ_1_2_3gram_psalm_shuffle15,2791,8384,0.24975391498881433,0.31472210600716455,0.21721560774669368,-0.07231100899867472,0.2895266167453684,0.5954723358154297,0.0
syntax_signature_1_2_3gram_psalm_shuffle04,2791,8384,0.24975391498881433,0.3147171173893444,0.21490257551595088,-0.0715394259986846,0.2864420015146355,0.5969967842102051,0.0
syntax_typ_1_2_3gram_shuffle14,2471,7399,0.250354609929078,0.31469418512287917,0.20934533065741615,-0.06991330835613721,0.27925863901355336,0.5929261445999146,6.025583396596713e-44
syntax_signature_1_2_3gram_psalm_shuffle24,2791,8384,0.24975391498881433,0.3146537029731051,0.21616526484182955,-0.0719604690210965,0.28812573386292606,0.5979984998703003,0.0
syntax_signature_1_2_3gram_psalm_shuffle28,2791,8384,0.24975391498881433,0.31458746066852505,0.2210052204886478,-0.07357120791394502,0.2945764284025928,0.6002729535102844,0.0
syntax_typ_1_2gram_shuffle24,2471,7399,0.250354609929078,0.3144695053485339,0.21107076871497793,-0.07049032189241924,0.2815610906073972,0.5983229875564575,0.0
syntax_typ_1_2_3gram_shuffle26,2471,7399,0.250354609929078,0.31439800754021346,0.22007227059635245,-0.07349701601390782,0.29356928661026027,0.6007471084594727,0.0
syntax_signature_1_2_3gram_psalm_shuffle25,2791,8384,0.24975391498881433,0.3143932753294283,0.21278867340229285,-0.07083647116087426,0.2836251445631671,0.595162570476532,0.0
syntax_signature_1_2_3gram_psalm_shuffle18,2791,8384,0.24975391498881433,0.314369528113175,0.21570522252746685,-0.0718070862069005,0.28751230873436734,0.5972954034805298,0.0
syntax_signature_1_2_3gram_psalm_shuffle03,2791,8384,0.24975391498881433,0.314327225188789,0.2137236345901823,-0.07114794315576849,0.2848715777459508,0.5966289043426514,0.0
syntax_signature_1_2_3gram_psalm_shuffle10,2791,8384,0.24975391498881433,0.3141446024088441,0.21441793802336714,-0.07137876049725725,0.2857966985206244,0.5961512923240662,0.0
syntax_typ_1_2gram_shuffle27,2471,7399,0.250354609929078,0.3140797004938465,0.20172969416773562,-0.06737168396146043,0.26910137812919604,0.5959351658821106,0.0
syntax_typ_1_2_3gram_shuffle13,2471,7399,0.250354609929078,0.31387491201119655,0.22314169571658385,-0.07452239291267948,0.2976640886292633,0.601177453994751,0.0
syntax_signature_1_2_3gram_psalm_shuffle13,2791,8384,0.24975391498881433,0.31382709183887625,0.2171885664742017,-0.0723011861499013,0.28948975262410304,0.5989801287651062,0.0
syntax_signature_1_2_3gram_psalm_shuffle29,2791,8384,0.24975391498881433,0.3136804723265091,0.2136424369516107,-0.07112090425535568,0.2847633412069664,0.5971161127090454,0.0
syntax_typ_1_2gram_psalm_shuffle10,2791,8384,0.24975391498881433,0.31366354766769305,0.20455745231119796,-0.06809608536581423,0.27265353767701217,0.5918191075325012,0.0
syntax_signature_1_2_3gram_psalm_shuffle06,2791,8384,0.24975391498881433,0.31361751295413254,0.21708597204874397,-0.07226682982566607,0.28935280187441004,0.598251223564148,0.0
syntax_function_1_2_3gram_psalm_shuffle10,2791,8384,0.24975391498881433,0.31350456177632685,0.20669273075294387,-0.06880773650359422,0.2755004672565381,0.5941293239593506,0.0
syntax_typ_1_2_3gram_shuffle25,2471,7399,0.250354609929078,0.31347069903385594,0.2102660091742575,-0.07022234068932297,0.28048834986358046,0.592722475528717,9.248569864543793e-44
syntax_function_1_2_3gram_psalm_shuffle14,2791,8384,0.24975391498881433,0.3133781373064496,0.20824381898683889,-0.06932290935889485,0.2775667283457337,0.595164954662323,0.0
syntax_function_1_2_3gram_psalm_shuffle01,2791,8384,0.24975391498881433,0.3133443102719643,0.2022217583551427,-0.06731851794212125,0.26954027629726396,0.5923939943313599,0.0
syntax_typ_1_2_3gram_shuffle24,2471,7399,0.250354609929078,0.31316583006011145,0.21886473106882232,-0.07309316218230376,0.2919578932511261,0.5970965623855591,0.0
syntax_typ_1_2_3gram_shuffle04,2471,7399,0.250354609929078,0.31311318272358935,0.22371943544947842,-0.07471540180766127,0.2984348372571397,0.5993208885192871,0.0
syntax_signature_1_2_3gram_psalm_shuffle22,2791,8384,0.24975391498881433,0.3129949983202569,0.2126276347530579,-0.0707831216201563,0.2834107563732142,0.5957800149917603,0.0
syntax_signature_1_2_3gram_psalm_shuffle11,2791,8384,0.24975391498881433,0.31298798233665764,0.21661961455947165,-0.07211178619350772,0.2887314007529794,0.5979949235916138,0.0
syntax_typ_1_2gram_psalm_shuffle09,2791,8384,0.24975391498881433,0.31296119384062393,0.2009145977972325,-0.06688136161774284,0.26779595941497536,0.5896170735359192,0.0
syntax_typ_1_2gram_shuffle06,2471,7399,0.250354609929078,0.3129408497371945,0.2112992050124396,-0.07056565874384589,0.2818648637562855,0.5965483784675598,0.0
syntax_signature_1_2_3gram_psalm_shuffle17,2791,8384,0.24975391498881433,0.3129104791060231,0.21748774487454806,-0.07240063969007858,0.2898883845646266,0.598296046257019,0.0
syntax_signature_1_2_3gram_psalm_shuffle23,2791,8384,0.24975391498881433,0.3128915604781842,0.20969483167968436,-0.06980685405897687,0.27950168573866124,0.5950530171394348,0.0
syntax_typ_1_2_3gram_shuffle27,2471,7399,0.250354609929078,0.3127205607023579,0.20811359289245557,-0.06950247208298221,0.2776160649754378,0.5954896211624146,0.0
syntax_typ_1_2_3gram_psalm_shuffle01,2791,8384,0.24975391498881433,0.31259060466435123,0.2013461247918288,-0.06702792467956038,0.2683740494713892,0.5879282355308533,1.8216880036222622e-44
syntax_typ_1_2gram_psalm_shuffle11,2791,8384,0.24975391498881433,0.31253185234542147,0.2032426776910406,-0.06765639256313274,0.27089907025417337,0.5919736623764038,0.0
syntax_function_1_2_3gram_psalm_shuffle15,2791,8384,0.24975391498881433,0.31247762904441934,0.20276342778904863,-0.06749921823948041,0.270262646028529,0.5923852920532227,0.0
syntax_typ_1_2gram_psalm_shuffle21,2791,8384,0.24975391498881433,0.31239956797310015,0.20163860605531786,-0.06712441137813578,0.26876301743345365,0.5907576680183411,0.0
syntax_signature_1_2_3gram_psalm_shuffle30,2791,8384,0.24975391498881433,0.31229364152601713,0.20975408336648013,-0.06982606602013412,0.27958014938661424,0.5946964025497437,0.0
syntax_signature_1_2_3gram_psalm_shuffle12,2791,8384,0.24975391498881433,0.3122146958063727,0.20976276706627026,-0.06982932751667752,0.27959209458294776,0.5941929817199707,0.0
syntax_signature_1_2_3gram_psalm_shuffle27,2791,8384,0.24975391498881433,0.3122007150558281,0.21144953436149488,-0.07038969910442336,0.2818392334659182,0.5954181551933289,0.0
syntax_signature_1_2_3gram_psalm_shuffle19,2791,8384,0.24975391498881433,0.31186884950217975,0.2161464088094322,-0.07195413455853333,0.28810054336796553,0.5964055061340332,0.0
syntax_typ_1_2_3gram_shuffle19,2471,7399,0.250354609929078,0.31171791598664494,0.2137352879763828,-0.07138020183079827,0.28511548980718104,0.5945092439651489,2.802596928649634e-45
syntax_function_1_2_3gram_psalm_shuffle24,2791,8384,0.24975391498881433,0.3113138768963685,0.20554228882068276,-0.06842485115073957,0.2739671399714223,0.5931809544563293,0.0
syntax_function_1_2_3gram_psalm_shuffle18,2791,8384,0.24975391498881433,0.3112785787986782,0.21056785556542448,-0.07009737316867398,0.2806652287340985,0.5947058200836182,0.0
syntax_complexity_core,2471,7399,0.250354609929078,0.31121449936519024,0.20841974322803783,-0.06960120923611295,0.27802095246415076,0.6083568334579468,0.0
syntax_function_1_2_3gram_psalm_shuffle21,2791,8384,0.24975391498881433,0.3111711785259463,0.2041478460030662,-0.06795985061391537,0.2721076966169816,0.5923870205879211,0.0
syntax_typ_1_2_3gram_shuffle02,2471,7399,0.250354609929078,0.31088776482648106,0.21663849077945488,-0.0723492892399925,0.28898778001944736,0.5957138538360596,0.0
syntax_signature_1_2_3gram_psalm_shuffle02,2791,8384,0.24975391498881433,0.3108064633838167,0.2168435399206332,-0.07218636916356005,0.28902990908419324,0.5981554388999939,0.0
syntax_function_1_2_3gram_psalm_shuffle04,2791,8384,0.24975391498881433,0.3106712161028091,0.20363913320780794,-0.06779094878010884,0.2714300819879168,0.5926090478897095,0.0
syntax_typ_1_2_3gram_psalm_shuffle11,2791,8384,0.24975391498881433,0.3106141745270712,0.21327047981088992,-0.07099831319933785,0.2842687930102278,0.5937582850456238,0.0
syntax_signature_1_2_3gram_psalm_shuffle07,2791,8384,0.24975391498881433,0.3105969660568735,0.21097994653850716,-0.07023433632973411,0.28121428286824124,0.5949222445487976,0.0
syntax_function_1_2_3gram_psalm_shuffle28,2791,8384,0.24975391498881433,0.3105434032775105,0.21104730119330245,-0.07025675587822415,0.2813040570715266,0.5961699485778809,0.0
syntax_function_1_2_3gram_psalm_shuffle27,2791,8384,0.24975391498881433,0.3101944426456249,0.20700707048523984,-0.0689115663054538,0.2759186367906936,0.594020426273346,0.0
syntax_typ_1_2_3gram_psalm_shuffle21,2791,8384,0.24975391498881433,0.3101309243364494,0.206908127778723,-0.06887848343336744,0.27578661121209047,0.5909570455551147,0.0
syntax_function_1_2_3gram_psalm_shuffle25,2791,8384,0.24975391498881433,0.3098062389618015,0.201273702505121,-0.06700332685978953,0.26827702936491055,0.5909278392791748,0.0
syntax_signature_1_2_3gram_psalm_shuffle26,2791,8384,0.24975391498881433,0.30970308262043567,0.2109717930947248,-0.07023179886599384,0.28120359196071865,0.5948759317398071,0.0
syntax_function_1_2_3gram_psalm_shuffle16,2791,8384,0.24975391498881433,0.309646816942487,0.19799605795141118,-0.06591247892689661,0.2639085368783078,0.5908614993095398,0.0
syntax_function_1_2_3gram_psalm_shuffle13,2791,8384,0.24975391498881433,0.3096245453636042,0.20498963477235427,-0.06824077640070714,0.2732304111730614,0.5943962335586548,0.0
syntax_typ_1_2_3gram_psalm_shuffle16,2791,8384,0.24975391498881433,0.30962173629602374,0.20115571752722677,-0.06696381448422253,0.26811953201144934,0.5886654853820801,4.203895392974451e-45
syntax_signature_1_2_3gram_psalm_shuffle09,2791,8384,0.24975391498881433,0.30955851483497315,0.2088026591704375,-0.06950968762723386,0.27831234679767136,0.5931621193885803,0.0
syntax_function_1_2_3gram_psalm_shuffle11,2791,8384,0.24975391498881433,0.3095559365905389,0.20868561728391086,-0.06947051311690879,0.27815613040081966,0.5943777561187744,0.0
syntax_typ_1_2_3gram_psalm_shuffle17,2791,8384,0.24975391498881433,0.3095531986857458,0.21457748059062798,-0.07143076671246575,0.2860082473030937,0.5917764902114868,0.0
syntax_function_1_2_3gram_psalm_shuffle03,2791,8384,0.24975391498881433,0.3095482352448725,0.20282604940224586,-0.06752029353665367,0.27034634293889953,0.5922978520393372,0.0
syntax_typ_1_2gram_psalm_shuffle04,2791,8384,0.24975391498881433,0.3094872456697212,0.1859767417307328,-0.06191276954863566,0.24788951127936848,0.5849093794822693,1.3652850937916693e-41
syntax_function_1_2_3gram_psalm_shuffle17,2791,8384,0.24975391498881433,0.3093082939046751,0.20594441411564904,-0.06855809842984496,0.274502512545494,0.5946109294891357,0.0
syntax_typ_1_2_3gram_psalm_shuffle12,2791,8384,0.24975391498881433,0.30930262603558867,0.21495654137472242,-0.07155835101979582,0.2865148923945182,0.5939942598342896,0.0
syntax_typ_1gram_psalm,2791,8384,0.24975391498881433,0.309095216893516,0.17544915991371818,-0.05840496902985686,0.23385412894357505,0.5817299485206604,1.1020913945341785e-38
syntax_function_1_2_3gram_psalm_shuffle06,2791,8384,0.24975391498881433,0.3089937503282421,0.20486673053733745,-0.06819967346002478,0.27306640399736226,0.5929934978485107,0.0
syntax_signature_1_2_3gram_psalm_shuffle08,2791,8384,0.24975391498881433,0.3089636968282268,0.20679480795344504,-0.0688411056618959,0.27563591361534096,0.5931999683380127,0.0
syntax_typ_1_2gram_psalm_shuffle03,2791,8384,0.24975391498881433,0.3089572827834447,0.17746622666775758,-0.05907753947717485,0.23654376614493242,0.5785883665084839,6.410119066757414e-36
syntax_signature_1_2_3gram_psalm_shuffle05,2791,8384,0.24975391498881433,0.3089273126391062,0.20501563463303568,-0.06824891995682913,0.2732645545898648,0.5916401743888855,0.0
syntax_typ_1_2_3gram_shuffle30,2471,7399,0.250354609929078,0.30873676831147034,0.20417445029618728,-0.06818808917403735,0.2723625394702246,0.5883311629295349,6.633284501620457e-40
syntax_typ_1_2gram_psalm_shuffle08,2791,8384,0.24975391498881433,0.30851214917128317,0.18123393205515956,-0.06033217910294328,0.24156611115810284,0.5830889344215393,6.50279558862253e-40
syntax_typ_1_2gram_psalm_shuffle16,2791,8384,0.24975391498881433,0.30847018344387794,0.18043957082289477,-0.06006721305844683,0.2405067838813416,0.5833922028541565,3.4363341591405327e-40
syntax_signature_1_2_3gram_psalm_shuffle20,2791,8384,0.24975391498881433,0.3082438454134817,0.2026794322734889,-0.0674710579873391,0.270150490260828,0.5911068320274353,0.0
syntax_typ_1_2_3gram_psalm_shuffle03,2791,8384,0.24975391498881433,0.3081203816826066,0.1900801151405206,-0.06327619310758452,0.2533563082481051,0.5828068256378174,1.1746944896588509e-39
syntax_typ_1_2gram_shuffle05,2471,7399,0.250354609929078,0.3080228846606742,0.19621700570007114,-0.06553066826621033,0.26174767396628146,0.5910007357597351,3.150118947802189e-42
syntax_function_1_2_3gram_psalm_shuffle19,2791,8384,0.24975391498881433,0.30788357639749286,0.2041264133157398,-0.06795313089140972,0.2720795442071495,0.5927630066871643,0.0
syntax_function_1_2_3gram_psalm_shuffle22,2791,8384,0.24975391498881433,0.3077985977515969,0.19812337673169284,-0.06595508152898985,0.26407845826068266,0.5899444222450256,0.0
syntax_function_1_2_3gram_psalm_shuffle12,2791,8384,0.24975391498881433,0.3076516589546188,0.19893418895537304,-0.0662239896268216,0.26515817858219465,0.5902959704399109,0.0
syntax_function_1_2_3gram_psalm_shuffle07,2791,8384,0.24975391498881433,0.3076230860307873,0.20388312759847968,-0.06787305443006268,0.27175618202854235,0.591966986656189,0.0
syntax_typ_1_2gram_psalm_shuffle19,2791,8384,0.24975391498881433,0.30756716101928994,0.1943546187369855,-0.06469921762608932,0.25905383636307483,0.587026059627533,1.3732724950383207e-43
syntax_function_1_2_3gram_psalm_shuffle23,2791,8384,0.24975391498881433,0.30753377070096016,0.2003372073094448,-0.06669154470934197,0.26702875201878673,0.5913997888565063,0.0
syntax_typ_1_2_3gram_psalm_shuffle09,2791,8384,0.24975391498881433,0.3074070917032167,0.2053932966030322,-0.06837424957823308,0.2737675461812653,0.5882465839385986,9.80908925027372e-45
syntax_typ_1_2_3gram_psalm_shuffle10,2791,8384,0.24975391498881433,0.30703233702962984,0.20237381699736295,-0.06736981644817513,0.2697436334455381,0.5882221460342407,9.80908925027372e-45
syntax_function_1_2_3gram_psalm_shuffle29,2791,8384,0.24975391498881433,0.30698795927126266,0.198891682758232,-0.06621038268228353,0.2651020654405155,0.5907568335533142,0.0
syntax_typ_1_2_3gram_psalm_shuffle14,2791,8384,0.24975391498881433,0.3068109796191959,0.19881354285398686,-0.06618472891413944,0.2649982717681263,0.5864584445953369,4.778427763347626e-43
syntax_typ_1_2gram_shuffle07,2471,7399,0.250354609929078,0.3067918279876409,0.1973638526902087,-0.06591236820098591,0.2632762208911946,0.5863234996795654,3.341579758281353e-38
syntax_typ_1_2_3gram_psalm_shuffle08,2791,8384,0.24975391498881433,0.3066037432888262,0.1963093882803895,-0.06535037026678811,0.2616597585471776,0.5856332182884216,2.87126055340155e-42
syntax_function_1_2_3gram_psalm_shuffle09,2791,8384,0.24975391498881433,0.30659424615612224,0.19549081013597405,-0.06507763987369039,0.26056845000966444,0.5882930755615234,8.407790785948902e-45
syntax_function_1_2_3gram_psalm_shuffle30,2791,8384,0.24975391498881433,0.30658860367020646,0.19431727423150372,-0.0646871707297359,0.25900444496123964,0.5887383818626404,2.802596928649634e-45
syntax_typ_1_2gram_psalm_shuffle25,2791,8384,0.24975391498881433,0.306524999893689,0.18157019348576395,-0.060443460197625455,0.2420136536833894,0.5801434516906738,2.829857004247469e-37
syntax_typ_1_2_3gram_shuffle07,2471,7399,0.250354609929078,0.30633259618865416,0.20031000357696435,-0.06689685687598973,0.26720686045295405,0.585652768611908,1.2134568714673726e-37
syntax_typ_1_2gram_psalm_shuffle27,2791,8384,0.24975391498881433,0.3060947959048957,0.17802994232624383,-0.059266719385917335,0.23729666171216118,0.5829264521598816,9.143444453750145e-40
syntax_typ_1_2_3gram_psalm_shuffle25,2791,8384,0.24975391498881433,0.3060030273171479,0.1912604498599321,-0.06367074477246444,0.25493119463239655,0.5841165781021118,7.419735238753474e-41
syntax_typ_1_2gram_psalm_shuffle28,2791,8384,0.24975391498881433,0.3059210161488032,0.19378506391109787,-0.06450904683333096,0.2582941107444288,0.5882104635238647,9.80908925027372e-45
syntax_typ_1_2gram_psalm_shuffle13,2791,8384,0.24975391498881433,0.305903008817081,0.2004899687797757,-0.06674188483670303,0.2672318536164787,0.5901020765304565,0.0
syntax_typ_1_2gram_psalm_shuffle23,2791,8384,0.24975391498881433,0.3058075151074859,0.18554305178704222,-0.06176639920850725,0.24730945099554946,0.5861862301826477,8.646011524884121e-43
syntax_function_1_2_3gram_psalm_shuffle26,2791,8384,0.24975391498881433,0.3055686133303571,0.19732596834892574,-0.06568877832706622,0.26301474667599195,0.5902278423309326,0.0
syntax_typ_1_2_3gram_psalm_shuffle04,2791,8384,0.24975391498881433,0.3055659296763492,0.19813588462605095,-0.06595731118591243,0.2640931958119634,0.588468074798584,5.605193857299268e-45
syntax_function_1_2_3gram_psalm_shuffle05,2791,8384,0.24975391498881433,0.305542263854479,0.1936497584958028,-0.06446464812596094,0.2581144066217637,0.5872304439544678,8.828180325246348e-44
syntax_typ_1_2gram_shuffle20,2471,7399,0.250354609929078,0.3052693043370788,0.19527456052388428,-0.06521322748299874,0.260487788006883,0.5899519920349121,2.62561293260541e-41
syntax_typ_1_2_3gram_shuffle06,2471,7399,0.250354609929078,0.3051843577507982,0.1989655084996901,-0.06644771649108984,0.26541322499077996,0.5879934430122375,1.2904781765721532e-39
syntax_typ_1_2gram_psalm_shuffle22,2791,8384,0.24975391498881433,0.30512819259689766,0.19275020441303137,-0.06416804994694782,0.25691825435997917,0.5870252251625061,1.3732724950383207e-43
syntax_typ_1_2_3gram_shuffle20,2471,7399,0.250354609929078,0.3051132709788056,0.19971601173912454,-0.06669774937240244,0.266413761111527,0.5891385078430176,1.3374693192748217e-40
syntax_function_1_2_3gram_psalm_shuffle02,2791,8384,0.24975391498881433,0.3050611618098348,0.2025231218572935,-0.06741844416195121,0.2699415660192447,0.5929720401763916,0.0
syntax_typ_1_2gram_psalm_shuffle14,2791,8384,0.24975391498881433,0.30502286080591445,0.1838445416037792,-0.0612012748242016,0.2450458164279808,0.5833514332771301,3.744535743384133e-40
syntax_typ_1_2gram_psalm_shuffle02,2791,8384,0.24975391498881433,0.3048222014736709,0.20381159423550602,-0.06784790733420674,0.27165950156971275,0.5896179676055908,0.0
syntax_typ_1_2_3gram_psalm_shuffle27,2791,8384,0.24975391498881433,0.30471989120411647,0.18951828791251643,-0.06309018959705485,0.25260847750957127,0.5859121084213257,1.569454280043795e-42
syntax_complexity_core_psalm,2791,8384,0.24975391498881433,0.3047192050065487,0.14186567997634736,-0.04722648898243308,0.18909216895878045,0.5971384048461914,0.0
syntax_function_1_2_3gram_psalm_shuffle08,2791,8384,0.24975391498881433,0.30460257025127624,0.1920801870050406,-0.06394314520599188,0.25602333221103246,0.5878465175628662,2.2420775429197073e-44
syntax_typ_1_2gram_psalm_shuffle18,2791,8384,0.24975391498881433,0.3045699081343169,0.17700002178979535,-0.05892065993193026,0.23592068172172562,0.5817669630050659,1.020967704097179e-38
syntax_typ_1_2_3gram_psalm_shuffle13,2791,8384,0.24975391498881433,0.3045316805864179,0.20638666840072256,-0.06870484787865158,0.2750915162793741,0.5913654565811157,0.0
syntax_typ_1_2gram_psalm_shuffle24,2791,8384,0.24975391498881433,0.303736697246153,0.19065706253067277,-0.06346874101398291,0.2541258035446557,0.5863388776779175,6.20775219695894e-43
syntax_function_1_2_3gram_psalm_shuffle20,2791,8384,0.24975391498881433,0.30363837119999026,0.1894744500163304,-0.0630750790850641,0.2525495291013945,0.5862274169921875,7.903323338791968e-43
syntax_typ_1_2_3gram_psalm_shuffle18,2791,8384,0.24975391498881433,0.30355948198095006,0.18939256676860108,-0.06304825679318458,0.25244082356178565,0.5854912996292114,3.9026162231446155e-42
syntax_typ_1_2_3gram_psalm_shuffle23,2791,8384,0.24975391498881433,0.3034063678297767,0.18864463985767252,-0.06279931024559873,0.25144395010327125,0.584671676158905,2.271644940516961e-41
syntax_typ_1_2gram_psalm_shuffle06,2791,8384,0.24975391498881433,0.3032550815494836,0.17882568422287265,-0.059530540634118584,0.23835622485699123,0.5812757611274719,2.808882032521824e-38
syntax_typ_1_2_3gram_psalm_shuffle22,2791,8384,0.24975391498881433,0.30315135380731456,0.19959762116070162,-0.0664452511361282,0.2660428722968298,0.5885173082351685,5.605193857299268e-45
syntax_typ_1_2_3gram_psalm_shuffle28,2791,8384,0.24975391498881433,0.3029617967799482,0.19408880441605467,-0.06461150849152004,0.2587003129075747,0.5856888294219971,2.5461593096781926e-42
syntax_typ_1_2_3gram_psalm_shuffle30,2791,8384,0.24975391498881433,0.30295929153783796,0.1910242953388364,-0.06359186125963386,0.25461615659847026,0.5832362174987793,4.772037842350305e-40
syntax_typ_1_2gram_psalm_shuffle30,2791,8384,0.24975391498881433,0.3026686308389024,0.18230223110349658,-0.06068753519829539,0.24298976630179198,0.5805838108062744,1.1568311852511467e-37
syntax_typ_1_2_3gram_shuffle05,2471,7399,0.250354609929078,0.30254717610252513,0.19415485427062193,-0.06484066193353052,0.25899551620415245,0.5861790776252747,4.414631063830403e-38
syntax_typ_1_2_3gram_psalm_shuffle19,2791,8384,0.24975391498881433,0.30247870733964655,0.19682504340001067,-0.06552154456848361,0.2623465879684943,0.5861412882804871,9.542842542052004e-43
syntax_typ_1_2gram_psalm_shuffle29,2791,8384,0.24975391498881433,0.3023101647771389,0.15995380979731555,-0.05324790271865226,0.2132017125159678,0.5739944577217102,4.5387976284967017e-32
syntax_typ_1_2gram_psalm_shuffle26,2791,8384,0.24975391498881433,0.3022815772506714,0.18870677770806507,-0.06282036387416115,0.2515271415822262,0.5869332551956177,1.6955711418330287e-43
syntax_typ_1_2_3gram_psalm_shuffle24,2791,8384,0.24975391498881433,0.30135813882357765,0.2011461436325736,-0.06696157277140649,0.2681077164039801,0.5859544277191162,1.4307257320756382e-42
syntax_typ_1_2_3gram_psalm_shuffle20,2791,8384,0.24975391498881433,0.30125958695565647,0.18167073374807144,-0.060476902032811586,0.24214763578088302,0.5798900127410889,4.724818792465399e-37
syntax_typ_1_2_3gram_psalm_shuffle26,2791,8384,0.24975391498881433,0.30091109358805124,0.1975203978579409,-0.06575427234627217,0.2632746702042131,0.5877571105957031,2.802596928649634e-44
syntax_det_1gram,2471,7399,0.250354609929078,0.3002031210235574,0.1924144005541296,-0.06425865885786816,0.25667305941199775,0.5818061232566833,1.6316098065815957e-34
syntax_typ_1_2_3gram_psalm_shuffle02,2791,8384,0.24975391498881433,0.2997583353223524,0.2053906658229827,-0.0683732289119759,0.2737638947349586,0.5885472297668457,4.203895392974451e-45
syntax_typ_1_2gram_psalm_shuffle05,2791,8384,0.24975391498881433,0.29940144203849517,0.17319675001231516,-0.0576551573555421,0.23085190736785727,0.577075183391571,1.2598214916087716e-34
syntax_typ_1_2_3gram_psalm_shuffle29,2791,8384,0.24975391498881433,0.2989684378776863,0.1742585460628945,-0.058012159562079994,0.2322707056249745,0.5780500769615173,1.8614026226681924e-35
syntax_typ_1_2_3gram_psalm_shuffle06,2791,8384,0.24975391498881433,0.2988190023451226,0.18104082286164705,-0.060268827517639005,0.24130965037928606,0.5805172324180603,1.3247956396518366e-37
syntax_typ_1_2gram_psalm_shuffle20,2791,8384,0.24975391498881433,0.29819602963995595,0.1649272001030795,-0.05490507047133367,0.21983227057441318,0.5731646418571472,2.1282595585338204e-31
syntax_typ_1_2gram_psalm_shuffle07,2791,8384,0.24975391498881433,0.2965471664973241,0.18500732393821515,-0.06158653688807979,0.24659386082629492,0.5794377326965332,1.1748952677028194e-36
syntax_typ_1_2_3gram_psalm_shuffle05,2791,8384,0.24975391498881433,0.2963842794342792,0.17945125450340288,-0.05973900152855603,0.23919025603195893,0.5777153968811035,3.5985377567242734e-35
syntax_typ_1_2_3gram_psalm_shuffle07,2791,8384,0.24975391498881433,0.29631764804621585,0.19113035419479835,-0.06362475518355036,0.2547551093783487,0.5804296731948853,1.5829566315266433e-37
syntax_det_1gram_psalm,2791,8384,0.24975391498881433,0.28020762528527055,0.1432462844059861,-0.047682702229404045,0.19092898663539015,0.5545893311500549,2.5108811068057264e-18
syntax_signature_posmean_shuffle19,2791,8384,0.24975391498881433,0.27745809772882957,0.11020790123388462,-0.03668750890718677,0.14689541014107138,0.5441150069236755,1.3491125534434434e-12
syntax_signature_posmean_shuffle29,2791,8384,0.24975391498881433,0.27701615134741747,0.11895341265251075,-0.03959815300922677,0.1585515656617375,0.5494526624679565,2.2766435089270837e-15
syntax_rela_1gram,2471,7399,0.250354609929078,0.27664444808576794,0.13210918285969847,-0.04415421135298422,0.1762633942126827,0.5526733994483948,2.033904618551209e-15
syntax_signature_posmean,2791,8384,0.24975391498881433,0.2758244709554827,0.11461729509229081,-0.03815623156652903,0.15277352665881982,0.5476914048194885,2.023223744844569e-14
syntax_signature_posmean_shuffle23,2791,8384,0.24975391498881433,0.27405284741847014,0.11053856728872083,-0.03679821039442219,0.14733677768314302,0.5465661287307739,7.847317088673089e-14
syntax_signature_posmean_shuffle24,2791,8384,0.24975391498881433,0.27390883300798946,0.11385875380309046,-0.03790332865224355,0.151762082455334,0.5470759868621826,4.262629271366454e-14
syntax_signature_posmean_shuffle01,2791,8384,0.24975391498881433,0.27390632982999596,0.11194340945620071,-0.037266223017638024,0.14920963247383873,0.5471569895744324,3.8663310156531946e-14
syntax_signature_posmean_shuffle25,2791,8384,0.24975391498881433,0.273003681816368,0.10738558254846316,-0.03574810105229232,0.14313368360075548,0.5427109599113464,6.436595614139895e-12
syntax_signature_posmean_shuffle10,2791,8384,0.24975391498881433,0.2726022785651051,0.10688385957806623,-0.0355814540306424,0.14246531360870862,0.5448095798492432,6.116917953061241e-13
syntax_signature_posmean_shuffle06,2791,8384,0.24975391498881433,0.27255645996638866,0.105670198651424,-0.035177114192762766,0.14084731284418678,0.5437726378440857,1.9836404654277606e-12
syntax_signature_posmean_shuffle03,2791,8384,0.24975391498881433,0.2724332109590907,0.0928996429542657,-0.03092637057031304,0.12382601352457874,0.5374770760536194,1.4213095145265697e-09
syntax_signature_posmean_shuffle12,2791,8384,0.24975391498881433,0.27235584370000865,0.1021480148955539,-0.034004433057527164,0.13615244795308107,0.5424041152000427,8.998113018576781e-12
syntax_signature_posmean_shuffle14,2791,8384,0.24975391498881433,0.27212290836184666,0.09628860841144839,-0.03205443282486247,0.12834304123631085,0.537940263748169,9.058209737844436e-10
syntax_signature_posmean_shuffle28,2791,8384,0.24975391498881433,0.27175566915884547,0.10532369384570116,-0.03506196015330808,0.14038565399900924,0.542047917842865,1.3237568159685242e-11
syntax_signature_posmean_shuffle11,2791,8384,0.24975391498881433,0.2712485157565736,0.09907327031055271,-0.03298198803172679,0.1320552583422795,0.5388633608818054,3.633320866391898e-10
syntax_signature_posmean_shuffle02,2791,8384,0.24975391498881433,0.27106629069865656,0.10700554265056803,-0.03562149980207115,0.14262704245263919,0.5434213876724243,2.937110407316701e-12
syntax_signature_posmean_shuffle07,2791,8384,0.24975391498881433,0.27052686018536354,0.10013685731569914,-0.033335426179727776,0.13347228349542692,0.5418281555175781,1.6770671656951563e-11
syntax_signature_posmean_shuffle15,2791,8384,0.24975391498881433,0.27004509668742516,0.10044698438129132,-0.03343925207740216,0.13388623645869346,0.5424588322639465,8.477872917578289e-12
syntax_signature_posmean_shuffle05,2791,8384,0.24975391498881433,0.2698086536790649,0.10653080892740205,-0.035463842179574684,0.14199465110697673,0.5433793067932129,3.0780942031349845e-12
syntax_signature_posmean_shuffle27,2791,8384,0.24975391498881433,0.26958121694422965,0.09614201128864505,-0.032005194011269306,0.12814720529991436,0.5399720072746277,1.17974185975811e-10
syntax_signature_posmean_shuffle21,2791,8384,0.24975391498881433,0.26856768087503746,0.0921142018078126,-0.030664514822205922,0.12277871663001852,0.5371798872947693,1.892429768446391e-09
syntax_signature_posmean_shuffle30,2791,8384,0.24975391498881433,0.2680511313981901,0.08888023959379085,-0.029587325705528304,0.11846756529931915,0.5366384983062744,3.1702596103855285e-09
syntax_signature_posmean_shuffle26,2791,8384,0.24975391498881433,0.2679531014556854,0.10029995663691557,-0.03338948213480858,0.13368943877172415,0.5393410921096802,2.2458862547480862e-10
syntax_signature_posmean_shuffle18,2791,8384,0.24975391498881433,0.2671571917811776,0.09049931974061648,-0.030126389387521935,0.12062570912813841,0.5356696844100952,7.83990827812886e-09
syntax_signature_posmean_shuffle13,2791,8384,0.24975391498881433,0.2671527322504065,0.0902827074314667,-0.030054594665623272,0.12033730209708997,0.534949004650116,1.5147941567761336e-08
syntax_signature_posmean_shuffle04,2791,8384,0.24975391498881433,0.2670340314066796,0.09628613314462749,-0.03205393935079793,0.12834007249542542,0.5392160415649414,2.548591615525453e-10
syntax_signature_posmean_shuffle09,2791,8384,0.24975391498881433,0.2667863064115002,0.0905840385001835,-0.03015521656533686,0.12073925506552036,0.5360322594642639,5.60174040487027e-09
syntax_signature_posmean_shuffle22,2791,8384,0.24975391498881433,0.2663269649956991,0.08949046126720815,-0.02978962164073878,0.11928008290794694,0.5363715887069702,4.077830517701386e-09
syntax_signature_posmean_shuffle08,2791,8384,0.24975391498881433,0.2657481769410765,0.09111813785352055,-0.03033274655028048,0.12145088440380103,0.5357247591018677,7.451401273783631e-09
syntax_signature_posmean_shuffle16,2791,8384,0.24975391498881433,0.2630748000040179,0.0743774066028045,-0.02475901804748608,0.09913642465029057,0.5303651094436646,7.429196671182581e-07
syntax_signature_posmean_shuffle17,2791,8384,0.24975391498881433,0.26264383514319894,0.0891904719109135,-0.02969227786868017,0.11888274977959368,0.5354229807853699,9.836747416613889e-09
syntax_rela_1gram_psalm,2791,8384,0.24975391498881433,0.2619399366436673,0.15123479052176325,-0.05031862082280725,0.2015534113445705,0.5307947993278503,5.270662768452894e-07
syntax_signature_posmean_shuffle20,2791,8384,0.24975391498881433,0.26179536138064385,0.07684386025527173,-0.025581130111709528,0.10242499036698126,0.5313998460769653,3.226501519293379e-07
syntax_subphrase_rela_1gram_psalm,2733,8293,0.2478686740431707,0.24805910971433426,0.05806055775541179,-0.019132112907738877,0.07719267066315066,0.5062970519065857,0.1613442301750183
