model,genre,n_same_genre,n_different_genre,prevalence,average_precision,ap_ci_low,ap_ci_high,separation_auc,auc_ci_low,auc_ci_high,separation_p_naive,separation_p_perm,separation_p_maxT,n_permutations,naive_q,naive_q_by,perm_q,perm_q_by,maxT_q,maxT_q_by
alephbert_consonantal,Hymn,136,2261,0.05673758865248227,0.041342351671028205,0.018426516912175832,0.018799503112986397,0.36928609013557434,0.30514307693317416,0.39985486094604134,0.9999998807907104,0.9995002498750625,1.0,2000,1.0,1.0,1.0,1.0,1.0,1.0
alephbert_consonantal,Lament,1711,5369,0.24166666666666667,0.3763443965662045,0.263042466503942,0.45004001541926086,0.6876756548881531,0.6149519453006635,0.7401630264305739,0.0,0.0004997501249375312,0.05147426286856572,2000,0.0,0.0,0.0005510065480080473,0.00239687772377758,0.08939530234882558,0.3888694419056746
alephbert_consonantal,Praise,820,4469,0.15503875968992248,0.18975120207256002,0.12604230698034222,0.21908162819614807,0.550613284111023,0.4836515692380621,0.6138603155232956,1.9688297925313236e-06,0.0734632683658171,0.7741129435282359,2000,4.031413384706996e-06,1.7536642662551176e-05,0.14358729726046068,0.6246045450189485,1.0,1.0
alephbert_consonantal,Royal,45,1400,0.031141868512110725,0.051909741104335355,0.010629326086858714,0.06603357457161628,0.6333968043327332,0.47010400371923344,0.7204282576216975,0.0011442978866398335,0.030984507746126936,0.19090454772613694,2000,0.001822400337981957,0.007927438956405818,0.04934569752160956,0.21465371615163661,0.30403316860088475,1.0
alephbert_consonantal,Thanksgiving,28,1136,0.024054982817869417,0.03767190423673318,0.0072815025279145875,0.0979106486961382,0.6440517902374268,0.40893113317492774,0.7236731521975015,0.004564874339848757,0.03548225887056472,0.14742628685657172,2000,0.006331922471403115,0.02754385401636126,0.04666238309416721,0.20298130209362136,0.19810407296351826,0.8617524441269081
alephbert_consonantal,Trust,15,864,0.017064846416382253,0.02355919617972305,0.008241171252320116,0.12822835362558963,0.613503098487854,0.44789480055959147,0.706656321433477,0.06572818756103516,0.11594202898550725,0.2863568215892054,2000,0.18687847298052576,0.8129210996854629,0.28891110000555276,1.0,0.7568993281137208,1.0
alephbert_consonantal,Wisdom,36,1269,0.027586206896551724,0.041410833561038876,0.0062285201731132195,0.08610243820047843,0.5758471488952637,0.30564427646680875,0.672678946803243,0.060123562812805176,0.13943028485757122,0.5392303848075962,2000,0.06155507621311006,0.2677644966180691,0.14275005354465625,0.6209625360100917,0.5520692034934913,1.0
berel_consonantal,Hymn,136,2261,0.05673758865248227,0.048277918267615655,0.02080165887448584,0.04519728734230958,0.45718318223953247,0.37157897695375014,0.510499307301067,0.9534865021705627,0.8150924537731135,1.0,2000,1.0,1.0,1.0,1.0,1.0,1.0
berel_consonantal,Lament,1711,5369,0.24166666666666667,0.43889604781992614,0.30360366587332305,0.5193286760496251,0.7314310669898987,0.6603723090878271,0.7891037496114346,0.0,0.0004997501249375312,0.021989005497251374,2000,0.0,0.0,0.0005510065480080473,0.00239687772377758,0.08939530234882558,0.3888694419056746
berel_consonantal,Praise,820,4469,0.15503875968992248,0.20197203703767352,0.13911945072797297,0.2382852143032687,0.5855705142021179,0.5098810029591591,0.6489987615169489,3.049987766143812e-15,0.004997501249375313,0.447776111944028,2000,2.1858245657363988e-14,9.508333845830922e-14,0.033427730579154866,0.1454105819091732,1.0,1.0
berel_consonantal,Royal,45,1400,0.031141868512110725,0.05374746068418371,0.00947059634713861,0.06881818564913729,0.6564127206802368,0.4778838358332137,0.7487982795029104,0.00017428530554752797,0.019490254872563718,0.12093953023488256,2000,0.0006622873469799137,0.0028809490458046676,0.04711105985468803,0.2049330453829831,0.3000230653903817,1.0
berel_consonantal,Thanksgiving,28,1136,0.024054982817869417,0.050182760485404085,0.009156130046451811,0.10381966760263922,0.7224283218383789,0.5564186561851702,0.8017197761633041,2.838754517142661e-05,0.006496751624187906,0.026486756621689155,2000,0.00021912009573757783,0.0009531721142046037,0.02148925537231384,0.09347823122732563,0.1353823088455772,0.5889128567321514
berel_consonantal,Trust,15,864,0.017064846416382253,0.019880661115371637,0.007006772731362879,0.12251119232657023,0.5658178925514221,0.38041934265063465,0.6371484104764301,0.1909332275390625,0.2098950524737631,0.6086956521739131,2000,0.25656652450561523,1.0,0.2981634182908546,1.0,0.8541979010494752,1.0
berel_consonantal,Wisdom,36,1269,0.027586206896551724,0.04796374524492846,0.007048842802267635,0.09943537516614324,0.6352114677429199,0.37945975074658794,0.722426746845906,0.002802833216264844,0.034482758620689655,0.18490754622688654,2000,0.012732707313261926,0.05538725924921618,0.11460936198567383,0.4985505665457366,0.48311029670350003,1.0
bge_m3_cantillation,Hymn,136,2261,0.05673758865248227,0.042050789852176425,0.019417057055655162,0.019774803278020673,0.3744666576385498,0.2593435438391267,0.41803072249939055,0.9999995827674866,0.9980009995002499,1.0,2000,1.0,1.0,1.0,1.0,1.0,1.0
bge_m3_cantillation,Lament,1711,5369,0.24166666666666667,0.357552569023296,0.24923397664440003,0.4259794278531537,0.6699261665344238,0.6051495439948079,0.7273268156433018,0.0,0.0004997501249375312,0.07746126936531735,2000,0.0,0.0,0.0005510065480080473,0.00239687772377758,0.10408858070964518,0.4527851825073585
bge_m3_cantillation,Praise,820,4469,0.15503875968992248,0.16291905704447007,0.1177320354511708,0.18391338545772332,0.5100704431533813,0.44787289929613217,0.5654871625130712,0.17926762998104095,0.3793103448275862,0.9975012493753124,2000,0.22024308826242175,0.958057130138621,0.4660098522167488,1.0,1.0,1.0
bge_m3_cantillation,Royal,45,1400,0.031141868512110725,0.04755264566622028,0.009387758084651402,0.0694478403382471,0.636222243309021,0.5088478280476387,0.6871344182631375,0.0009210367570631206,0.02448775612193903,0.17041479260369816,2000,0.0015232530982197763,0.006626148876083487,0.04711105985468803,0.2049330453829831,0.3000230653903817,1.0
bge_m3_cantillation,Thanksgiving,28,1136,0.024054982817869417,0.035331553663213694,0.008152741514786484,0.10481837548232131,0.6264775991439819,0.47029291538283335,0.6948269474438065,0.011038186028599739,0.04597701149425287,0.2128935532233883,2000,0.012490578927099705,0.05433400110340196,0.05202661826981246,0.226315717708262,0.24090586285804463,1.0
bge_m3_cantillation,Trust,15,864,0.017064846416382253,0.026717407140897452,0.008345921060138931,0.12242324575768432,0.6206790208816528,0.47716122417818885,0.691973069627279,0.05438132584095001,0.09895052473763119,0.2413793103448276,2000,0.18687847298052576,0.8129210996854629,0.28891110000555276,1.0,0.7568993281137208,1.0
bge_m3_cantillation,Wisdom,36,1269,0.027586206896551724,0.040044824077674936,0.00622221460623828,0.09317909854847219,0.5955258011817932,0.2947360727711865,0.6970481925022193,0.025178730487823486,0.10094952523738131,0.40379810094952523,2000,0.032195460270432866,0.1400502077660239,0.12057859958909434,0.5245167418866604,0.49049225387306344,1.0
bge_m3_consonantal,Hymn,136,2261,0.05673758865248227,0.04157665983321615,0.018142426365333423,0.018508841785529702,0.37401461601257324,0.3025262268821357,0.40634293142626293,0.9999996423721313,0.999000499750125,1.0,2000,1.0,1.0,1.0,1.0,1.0,1.0
bge_m3_consonantal,Lament,1711,5369,0.24166666666666667,0.3577754607575668,0.2446872325933955,0.4292274123584558,0.6749297976493835,0.5993743754992252,0.7315276102609923,0.0,0.0004997501249375312,0.07096451774112944,2000,0.0,0.0,0.0005510065480080473,0.00239687772377758,0.10408858070964518,0.4527851825073585
bge_m3_consonantal,Praise,820,4469,0.15503875968992248,0.1691687061213578,0.12303317327493497,0.19014954887864557,0.5208671689033508,0.45634325891132876,0.5761629040958391,0.028549645096063614,0.2723638180909545,0.9865067466266867,2000,0.0396011206171205,0.17226482005876076,0.3659888805597201,1.0,1.0,1.0
bge_m3_consonantal,Royal,45,1400,0.031141868512110725,0.04264493990124534,0.01130561835878129,0.06458813185085181,0.5910476446151733,0.43678395689211325,0.6732053094593233,0.01868726871907711,0.0944527736131934,0.4432783608195902,2000,0.020732275234201018,0.09018536867071184,0.10688077014124517,0.4649312026832774,0.501604460927431,1.0
bge_m3_consonantal,Thanksgiving,28,1136,0.024054982817869417,0.05117092955797566,0.008223954378038476,0.11378383050363874,0.6863839030265808,0.4797561881880987,0.7698687866001837,0.00037123169749975204,0.0079960019990005,0.053973013493253376,2000,0.0009399691805490019,0.0040888646387963875,0.022921872397134765,0.09971011330914732,0.1403121968427551,0.6103578627195967
bge_m3_consonantal,Trust,15,864,0.017064846416382253,0.022665335477118048,0.008046023687596708,0.12574892270803384,0.595061719417572,0.46413863426848306,0.6517686574934856,0.10325389355421066,0.1584207896051974,0.4127936031984008,2000,0.19476797658464184,0.8472404294806009,0.29617799795754296,1.0,0.7810877170110597,1.0
bge_m3_consonantal,Wisdom,36,1269,0.027586206896551724,0.04615167685512646,0.006439565872485446,0.09524242121031397,0.6018518805503845,0.3253303458012577,0.701456133003888,0.018465591594576836,0.08895552223888056,0.367816091954023,2000,0.02621042626279016,0.1140153180885231,0.12057859958909434,0.5245167418866604,0.49049225387306344,1.0
bge_m3_vocalized,Hymn,136,2261,0.05673758865248227,0.04146486117718741,0.019215605817384195,0.019561492962258967,0.3687625229358673,0.2625821466010027,0.41192669012477146,0.9999998807907104,0.9985007496251874,1.0,2000,1.0,1.0,1.0,1.0,1.0,1.0
bge_m3_vocalized,Lament,1711,5369,0.24166666666666667,0.35667868975569983,0.24829139102467984,0.42597708862853934,0.668182909488678,0.5972674940317734,0.7293305980989561,0.0,0.0004997501249375312,0.07596201899050475,2000,0.0,0.0,0.0005510065480080473,0.00239687772377758,0.10408858070964518,0.4527851825073585
bge_m3_vocalized,Praise,820,4469,0.15503875968992248,0.17589388991936716,0.12595518565925348,0.19810094442036916,0.542712390422821,0.47237174470098137,0.600116927727739,4.924489257973619e-05,0.095952023988006,0.8545727136431784,2000,8.8230432538694e-05,0.0003838022598384215,0.17191404297851073,0.7478258498186049,1.0,1.0
bge_m3_vocalized,Royal,45,1400,0.031141868512110725,0.04740035316200115,0.010330810375349954,0.06968621317137354,0.6407619118690491,0.5082336520062074,0.697255072586638,0.000644582964014262,0.01999000499750125,0.15242378810594703,2000,0.0013198603548863457,0.005741390723142643,0.04711105985468803,0.2049330453829831,0.3000230653903817,1.0
bge_m3_vocalized,Thanksgiving,28,1136,0.024054982817869417,0.036826880515634944,0.007373089537155696,0.1031449737711524,0.612518846988678,0.41658815351314554,0.694248215541641,0.020855708047747612,0.06946526736631684,0.28235882058970513,2000,0.022419886151328682,0.09752647383232979,0.07658991017311857,0.3331660036050836,0.3113186996245467,1.0
bge_m3_vocalized,Trust,15,864,0.017064846416382253,0.025869551855113405,0.007987194141558442,0.12509107578052892,0.6251543164253235,0.45777284245907673,0.7302103095990418,0.048128820955753326,0.09395302348825588,0.21389305347326337,2000,0.18687847298052576,0.8129210996854629,0.28891110000555276,1.0,0.7568993281137208,1.0
bge_m3_vocalized,Wisdom,36,1269,0.027586206896551724,0.04283848720673607,0.006314069004070031,0.09618028528507597,0.6013921499252319,0.31445493401160335,0.7003819856470039,0.018895888701081276,0.0814592703648176,0.34832583708145926,2000,0.02621042626279016,0.1140153180885231,0.11962352157254705,0.5203621538321126,0.49049225387306344,1.0
bge_multilingual_gemma2_cantillation,Hymn,136,2261,0.05673758865248227,0.043968804177791906,0.019633443784417247,0.020010653017728045,0.4093793034553528,0.33265127849132387,0.4572584216460497,0.9998108744621277,0.9815092453773113,1.0,2000,1.0,1.0,1.0,1.0,1.0,1.0
bge_multilingual_gemma2_cantillation,Lament,1711,5369,0.24166666666666667,0.4071774778011983,0.27975246351708255,0.4837167044925448,0.7094833254814148,0.6484166138893586,0.7646475286788098,0.0,0.0004997501249375312,0.027486256871564217,2000,0.0,0.0,0.0005510065480080473,0.00239687772377758,0.08939530234882558,0.3888694419056746
bge_multilingual_gemma2_cantillation,Praise,820,4469,0.15503875968992248,0.2193860011887067,0.14960904101049435,0.25955699493631046,0.5905462503433228,0.5105506401944965,0.6559243895582464,7.561760905159658e-17,0.0034982508745627187,0.4222888555722139,2000,8.128892973046633e-16,3.536067321977274e-15,0.033427730579154866,0.1454105819091732,1.0,1.0
bge_multilingual_gemma2_cantillation,Royal,45,1400,0.031141868512110725,0.05733032072898667,0.012194663851396179,0.04863721262697267,0.6613174676895142,0.4314903719822396,0.7639158719421134,0.00011283897765679285,0.013493253373313344,0.10444777611194403,2000,0.0006622873469799137,0.0028809490458046676,0.04711105985468803,0.2049330453829831,0.3000230653903817,1.0
bge_multilingual_gemma2_cantillation,Thanksgiving,28,1136,0.024054982817869417,0.07213532854229654,0.009600300623592331,0.12349202058568406,0.6978118419647217,0.49822980009918644,0.8536780723758435,0.00017163107986561954,0.004997501249375313,0.03648175912043978,2000,0.0006285427795470848,0.002734160224019057,0.02148925537231384,0.09347823122732561,0.13788938863901382,0.5998186503753393
bge_multilingual_gemma2_cantillation,Trust,15,864,0.017064846416382253,0.026832892345923485,0.006879725156810595,0.1267138710771011,0.6073302626609802,0.3787160312363736,0.7252518651249312,0.07688760757446289,0.11344327836081959,0.2958520739630185,2000,0.18687847298052576,0.8129210996854629,0.28891110000555276,1.0,0.7568993281137208,1.0
bge_multilingual_gemma2_cantillation,Wisdom,36,1269,0.027586206896551724,0.046343820245987856,0.0065277185871936315,0.09883169665057225,0.6287321448326111,0.33592936335292617,0.7051885585798291,0.004179064184427261,0.04147926036981509,0.1934032983508246,2000,0.013455737294862047,0.058532438671830465,0.11460936198567383,0.4985505665457366,0.48311029670350003,1.0
bge_multilingual_gemma2_consonantal,Hymn,136,2261,0.05673758865248227,0.0417884760672426,0.018216661179092597,0.018595723823958715,0.3787691593170166,0.29732494824517886,0.42604170597376734,0.9999989867210388,0.9980009995002499,1.0,2000,1.0,1.0,1.0,1.0,1.0,1.0
bge_multilingual_gemma2_consonantal,Lament,1711,5369,0.24166666666666667,0.3713519274101888,0.24893101620960992,0.4447464593646194,0.6833356618881226,0.6103052078776054,0.7424029799368036,0.0,0.0004997501249375312,0.05897051474262868,2000,0.0,0.0,0.0005510065480080473,0.00239687772377758,0.09391600496048272,0.4085344920305342
bge_multilingual_gemma2_consonantal,Praise,820,4469,0.15503875968992248,0.18480608748366112,0.12941379197903213,0.21039400752190435,0.5415785908699036,0.4704132837902587,0.6027035763815708,7.504939276259392e-05,0.10344827586206896,0.8655672163918041,2000,0.00012908495555166155,0.0005615193785901759,0.17793103448275863,0.7739997545622561,1.0,1.0
bge_multilingual_gemma2_consonantal,Royal,45,1400,0.031141868512110725,0.058375949505104385,0.009039483154098547,0.06132744162294554,0.6278730034828186,0.44312398243922424,0.7153317881629707,0.0017296428559347987,0.03698150924537731,0.21139430284857572,2000,0.0026562372430427267,0.01155462834322706,0.0548346516396974,0.23853065899386539,0.32464125080316986,1.0
bge_multilingual_gemma2_consonantal,Thanksgiving,28,1136,0.024054982817869417,0.08054710212794121,0.010165184693305915,0.12215718790188718,0.7194416522979736,0.541283171451732,0.8623364468431567,3.567071325960569e-05,0.0024987506246876563,0.018490754622688656,2000,0.00021912009573757783,0.0009531721142046037,0.017907712810261538,0.07789852602277135,0.1353823088455772,0.5889128567321514
bge_multilingual_gemma2_consonantal,Trust,15,864,0.017064846416382253,0.024131200119858573,0.006652424711767917,0.12567067339297555,0.570756196975708,0.35437664121110934,0.681611243649373,0.17358024418354034,0.2098950524737631,0.6031984007996002,2000,0.24925773807110327,1.0,0.2981634182908546,1.0,0.8541979010494752,1.0
bge_multilingual_gemma2_consonantal,Wisdom,36,1269,0.027586206896551724,0.05033115410209078,0.007572908990601324,0.1049657903507618,0.6521101593971252,0.4300838935348205,0.7227150970511961,0.0009159292676486075,0.0239880059970015,0.13393303348325838,2000,0.006594172795303166,0.028684642563578864,0.11460936198567383,0.4985505665457366,0.48311029670350003,1.0
bge_multilingual_gemma2_vocalized,Hymn,136,2261,0.05673758865248227,0.0442897611483689,0.019843950626891607,0.020227507706748322,0.41353708505630493,0.33197008728865635,0.4658655394066172,0.9996527433395386,0.9750124937531235,1.0,2000,1.0,1.0,1.0,1.0,1.0,1.0
bge_multilingual_gemma2_vocalized,Lament,1711,5369,0.24166666666666667,0.39995031523747226,0.2749510217512237,0.47530482907259336,0.7038013339042664,0.6454079862123485,0.7565662365349546,0.0,0.0004997501249375312,0.029985007496251874,2000,0.0,0.0,0.0005510065480080473,0.00239687772377758,0.08939530234882558,0.3888694419056746
bge_multilingual_gemma2_vocalized,Praise,820,4469,0.15503875968992248,0.21814889977054372,0.14477296516329602,0.2614207868939794,0.5827891826629639,0.5077237430841897,0.649042913655039,2.2053287134274867e-14,0.0069965017491254375,0.4867566216891554,2000,1.185364183467274e-13,5.156332562993453e-13,0.033427730579154866,0.1454105819091732,1.0,1.0
bge_multilingual_gemma2_vocalized,Royal,45,1400,0.031141868512110725,0.05587711116479914,0.012266304760348195,0.055870877154920645,0.6634126901626587,0.4437604020871575,0.7690321685042959,9.337472874904051e-05,0.011494252873563218,0.09945027486256872,2000,0.0006622873469799137,0.0028809490458046676,0.04711105985468803,0.2049330453829831,0.3000230653903817,1.0
bge_multilingual_gemma2_vocalized,Thanksgiving,28,1136,0.024054982817869417,0.07262603250254877,0.009337303663324692,0.1231703284559883,0.6919957399368286,0.49064598636321827,0.8419052518530336,0.0002554492384660989,0.005997001499250375,0.0384807596201899,2000,0.0008449474810801733,0.0036755203771797426,0.02148925537231384,0.09347823122732561,0.13788938863901382,0.5998186503753393
bge_multilingual_gemma2_vocalized,Trust,15,864,0.017064846416382253,0.029117584761372314,0.006907038291936327,0.12128284292472352,0.6066358089447021,0.366710795856347,0.7248934008104038,0.07822819799184799,0.12093953023488256,0.3078460769615192,2000,0.18687847298052576,0.8129210996854629,0.28891110000555276,1.0,0.7568993281137208,1.0
bge_multilingual_gemma2_vocalized,Wisdom,36,1269,0.027586206896551724,0.049446261901864665,0.0065305752715369555,0.09939814128390664,0.6413843035697937,0.33906503601440297,0.7276854441911674,0.0018869489431381226,0.030484757621189407,0.15292353823088456,2000,0.010142350569367409,0.044119210986408385,0.11460936198567383,0.4985505665457366,0.48311029670350003,1.0
cohere_embed_v4_cantillation,Hymn,136,2261,0.05673758865248227,0.03831668421414361,0.015641158735333255,0.01601463527466679,0.3244155943393707,0.25495762533568417,0.35701114961471736,1.0,1.0,1.0,2000,1.0,1.0,1.0,1.0,1.0,1.0
cohere_embed_v4_cantillation,Lament,1711,5369,0.24166666666666667,0.3438477702615421,0.22712809790195657,0.4157064320639992,0.6579011082649231,0.5870479647805988,0.7196607019357639,0.0,0.0004997501249375312,0.12543728135932034,2000,0.0,0.0,0.0005510065480080473,0.00239687772377758,0.1457784621202912,0.6341361091367225
cohere_embed_v4_cantillation,Praise,820,4469,0.15503875968992248,0.16270221261336015,0.12137801864428742,0.18413893192480904,0.5029268264770508,0.44416877424681306,0.5555443044667078,0.39479687809944153,0.45577211394302847,1.0,2000,0.4588179934669185,1.0,0.5296811053932493,1.0,1.0,1.0
cohere_embed_v4_cantillation,Royal,45,1400,0.031141868512110725,0.04335341653523253,0.008648504850334445,0.06399543595346079,0.5937063694000244,0.452404518892493,0.6701811427021913,0.016078975051641464,0.0864567716141929,0.4332833583208396,2000,0.018686376411367105,0.08128571161349345,0.10047678863271067,0.4370738919547928,0.501604460927431,1.0
cohere_embed_v4_cantillation,Thanksgiving,28,1136,0.024054982817869417,0.044218000929767444,0.00871206730971331,0.11535024697549291,0.6722837090492249,0.4787834452240984,0.7791091513611589,0.0009098749724216759,0.017491254372813594,0.08695652173913043,2000,0.0018630773244824792,0.008104383791573327,0.03133849741795769,0.13632242053984986,0.16116941529235385,0.7010867342049422
cohere_embed_v4_cantillation,Trust,15,864,0.017064846416382253,0.021392878253053013,0.007221729994869532,0.12388785285415517,0.5581790208816528,0.390030791355411,0.6219248391849813,0.21978722512722015,0.2593703148425787,0.7426286856571714,2000,0.2779661964844255,1.0,0.3330834582708646,1.0,0.939206867154658,1.0
cohere_embed_v4_cantillation,Wisdom,36,1269,0.027586206896551724,0.054536724759506286,0.008839090246212516,0.10427569114890942,0.6548901200294495,0.49174009651946277,0.7287105747472782,0.0007539065554738045,0.026486756621689155,0.13093453273363317,2000,0.006594172795303166,0.028684642563578864,0.11460936198567383,0.4985505665457366,0.48311029670350003,1.0
cohere_embed_v4_consonantal,Hymn,136,2261,0.05673758865248227,0.03785153896302707,0.01601624047885838,0.016373878104631964,0.31417644023895264,0.2341226412488861,0.3587062487691845,1.0,1.0,1.0,2000,1.0,1.0,1.0,1.0,1.0,1.0
cohere_embed_v4_consonantal,Lament,1711,5369,0.24166666666666667,0.35379607129056867,0.2395588049519365,0.426309718654731,0.6654167771339417,0.5954522619177035,0.7262704729714159,0.0,0.0004997501249375312,0.0944527736131934,2000,0.0,0.0,0.0005510065480080473,0.00239687772377758,0.11788391518526452,0.5127948684470434
cohere_embed_v4_consonantal,Praise,820,4469,0.15503875968992248,0.1653737958957672,0.1186865506634171,0.18682858960072699,0.5142567753791809,0.44901775247853976,0.5681381120065194,0.09682721644639969,0.3408295852073963,0.9955022488755623,2000,0.1261687971877329,0.5488340937296299,0.43863362436428843,1.0,1.0,1.0
cohere_embed_v4_consonantal,Royal,45,1400,0.031141868512110725,0.04920958020832506,0.009035796077197714,0.05156350796470652,0.6158888936042786,0.45128070688901567,0.6943000393207128,0.0040287356823682785,0.05347326336831584,0.3053473263368316,2000,0.005588246269091483,0.024308863562131258,0.06967728257083579,0.3030960830704194,0.3978768191661745,1.0
cohere_embed_v4_consonantal,Thanksgiving,28,1136,0.024054982817869417,0.049695499184466675,0.009598553302774452,0.11389788472128874,0.6863682270050049,0.4964711036927948,0.7851516703731373,0.00037161572254262865,0.009495252373813094,0.05547226386806597,2000,0.0009399691805490019,0.0040888646387963875,0.024017403063174295,0.10447567019524628,0.1403121968427551,0.6103578627195967
cohere_embed_v4_consonantal,Trust,15,864,0.017064846416382253,0.022111316281354272,0.007279861877491616,0.12587029327246688,0.5689814686775208,0.4062954542065385,0.6335094418972443,0.1796974390745163,0.22188905547226387,0.6356821589205397,2000,0.24925773807110327,1.0,0.2981634182908546,1.0,0.8541979010494752,1.0
cohere_embed_v4_consonantal,Wisdom,36,1269,0.027586206896551724,0.04880114126562321,0.007758863436536421,0.10235201704254615,0.6471630930900574,0.43964433533913755,0.7101847343034152,0.0012854706728830934,0.028985507246376812,0.15442278860569716,2000,0.007896462704853289,0.034349601873745576,0.11460936198567383,0.4985505665457366,0.48311029670350003,1.0
cohere_embed_v4_vocalized,Hymn,136,2261,0.05673758865248227,0.03889527252063445,0.01613453578118907,0.01650522411533898,0.3350011110305786,0.27113504305666075,0.3695204842452847,1.0,0.9995002498750625,1.0,2000,1.0,1.0,1.0,1.0,1.0,1.0
cohere_embed_v4_vocalized,Lament,1711,5369,0.24166666666666667,0.3417302913106338,0.2245691911354121,0.41200077212525876,0.6528180837631226,0.5833443448421757,0.7161280634492676,0.0,0.0004997501249375312,0.136431784107946,2000,0.0,0.0,0.0005510065480080473,0.00239687772377758,0.15207780725022105,0.661538251762612
cohere_embed_v4_vocalized,Praise,820,4469,0.15503875968992248,0.15861843042558527,0.119224335070059,0.17817675849121037,0.49542567133903503,0.4385024476656693,0.5465392193476168,0.6616886258125305,0.5387306346826587,1.0,2000,0.7487529186826003,1.0,0.6096162445093243,1.0,1.0,1.0
cohere_embed_v4_vocalized,Royal,45,1400,0.031141868512110725,0.044174241789245214,0.008198827377544151,0.061636647828493284,0.5909364819526672,0.4611447087420959,0.6623651836213337,0.018803691491484642,0.09845077461269365,0.4672663668165917,2000,0.020732275234201018,0.09018536867071184,0.10854828995758531,0.47218491158418324,0.5151911223875243,1.0
cohere_embed_v4_vocalized,Thanksgiving,28,1136,0.024054982817869417,0.04890518083907717,0.009572577302584937,0.11704661311764149,0.6974974870681763,0.5166111917656055,0.8075714082251974,0.0001754072873154655,0.0074962518740629685,0.047976011994003,2000,0.0006285427795470848,0.002734160224019057,0.022921872397134765,0.09971011330914732,0.1389638514076295,0.6044925619367056
cohere_embed_v4_vocalized,Trust,15,864,0.017064846416382253,0.021039016532218596,0.007368842062630334,0.12434360089903976,0.5584876537322998,0.3941118891720687,0.6150660503045355,0.21857495605945587,0.263368315842079,0.7361319340329835,2000,0.2779661964844255,1.0,0.3330834582708646,1.0,0.939206867154658,1.0
cohere_embed_v4_vocalized,Wisdom,36,1269,0.027586206896551724,0.05463267400010983,0.00873714557659179,0.10573070830657083,0.6609097123146057,0.4942752783410449,0.727268574228473,0.0004894777666777372,0.02448775612193903,0.11744127936031984,2000,0.006594172795303166,0.028684642563578864,0.11460936198567383,0.4985505665457366,0.48311029670350003,1.0
f2llm_v2_14b_cantillation,Hymn,136,2261,0.05673758865248227,0.048638978581914155,0.02132547887975565,0.0328989383400319,0.46200600266456604,0.36206486801442,0.49983410458463357,0.9319478869438171,0.7961019490254873,1.0,2000,1.0,1.0,1.0,1.0,1.0,1.0
f2llm_v2_14b_cantillation,Lament,1711,5369,0.24166666666666667,0.41349917625602206,0.29895658540454345,0.4917849575736288,0.6939648389816284,0.633316642242035,0.7513518860792386,0.0,0.0004997501249375312,0.038980509745127435,2000,0.0,0.0,0.0005510065480080473,0.00239687772377758,0.08939530234882558,0.3888694419056746
f2llm_v2_14b_cantillation,Praise,820,4469,0.15503875968992248,0.24133665113089509,0.1613387989563409,0.29072069457694677,0.6235511302947998,0.5505999780195685,0.6835409633588746,9.796576690600405e-30,0.0009995002498750624,0.19990004997501248,2000,4.212527976958174e-28,1.8324490889014664e-27,0.02148925537231384,0.09347823122732561,1.0,1.0
f2llm_v2_14b_cantillation,Royal,45,1400,0.031141868512110725,0.05358830708594456,0.009366271917447218,0.0691170241932009,0.6554126739501953,0.488437139907667,0.7657915845580934,0.00019016060105059296,0.009495252373813094,0.09395302348825588,2000,0.0006622873469799137,0.0028809490458046676,0.04711105985468803,0.2049330453829831,0.3000230653903817,1.0
f2llm_v2_14b_cantillation,Thanksgiving,28,1136,0.024054982817869417,0.049218803107065036,0.008361364270191981,0.11118283965006244,0.6527917385101318,0.4718468852545801,0.7543627141047556,0.0028430346865206957,0.020989505247376312,0.09845077461269365,2000,0.004503520213645594,0.01959030671721078,0.033427730579154866,0.1454105819091732,0.16193688869850792,0.7044252424630609
f2llm_v2_14b_cantillation,Trust,15,864,0.017064846416382253,0.0311504654780849,0.006944524475108738,0.12491904341619121,0.6158179044723511,0.3786848187446594,0.782878573102273,0.06188303977251053,0.10044977511244378,0.23638180909545228,2000,0.18687847298052576,0.8129210996854629,0.28891110000555276,1.0,0.7568993281137208,1.0
f2llm_v2_14b_cantillation,Wisdom,36,1269,0.027586206896551724,0.0391129729781305,0.005887989523301631,0.0946828077097669,0.5823920965194702,0.2706160124041292,0.6742538775430819,0.04572185501456261,0.11444277861069466,0.4472763618190905,2000,0.04795218940551688,0.20859195776883596,0.12302598700649675,0.5351628737764392,0.49049225387306344,1.0
f2llm_v2_14b_consonantal,Hymn,136,2261,0.05673758865248227,0.042695233275079264,0.01983696210484884,0.020205299490493593,0.3897644281387329,0.2935051562348142,0.4305042831548029,0.9999923706054688,0.9960019990004998,1.0,2000,1.0,1.0,1.0,1.0,1.0,1.0
f2llm_v2_14b_consonantal,Lament,1711,5369,0.24166666666666667,0.38249742950154675,0.2731348765709814,0.4544608924131506,0.6837589740753174,0.616429711327202,0.7389101903059418,0.0,0.0004997501249375312,0.051974012993503245,2000,0.0,0.0,0.0005510065480080473,0.00239687772377758,0.08939530234882558,0.3888694419056746
f2llm_v2_14b_consonantal,Praise,820,4469,0.15503875968992248,0.2247289547405196,0.15517963179449634,0.26655065614204976,0.5994225740432739,0.521055780169189,0.6629207869007027,6.240327443047614e-20,0.0024987506246876563,0.351824087956022,2000,8.944469335034913e-19,3.890842926941722e-18,0.033427730579154866,0.1454105819091732,1.0,1.0
f2llm_v2_14b_consonantal,Royal,45,1400,0.031141868512110725,0.059980109238371916,0.009542995042140274,0.05956702344225755,0.6453492045402527,0.46314250433625,0.7481699425643983,0.00044484250247478485,0.017491254372813594,0.13243378310844578,2000,0.0010626793114675416,0.0046226535390259055,0.04711105985468803,0.2049330453829831,0.3000230653903817,1.0
f2llm_v2_14b_consonantal,Thanksgiving,28,1136,0.024054982817869417,0.052223577862416215,0.00885086011764532,0.10966689014553999,0.6682909727096558,0.5144884725575356,0.7550847010543423,0.0011599106946960092,0.014992503748125937,0.07596201899050475,2000,0.0020781733279970167,0.00904005111015853,0.03069893624616263,0.13354033032475088,0.15554127698055734,0.6766043403120712
f2llm_v2_14b_consonantal,Trust,15,864,0.017064846416382253,0.024842301886761897,0.007725387535180946,0.12263563510472228,0.6146605014801025,0.43112947621501785,0.748275876045227,0.06378307938575745,0.10644677661169415,0.255872063968016,2000,0.18687847298052576,0.8129210996854629,0.28891110000555276,1.0,0.7568993281137208,1.0
f2llm_v2_14b_consonantal,Wisdom,36,1269,0.027586206896551724,0.04290692491091417,0.006526028334004129,0.09643309578405011,0.5952959656715393,0.33939649818749273,0.6800651741895165,0.025456875562667847,0.09345327336331834,0.37881059470264866,2000,0.032195460270432866,0.1400502077660239,0.12057859958909434,0.5245167418866604,0.49049225387306344,1.0
f2llm_v2_14b_vocalized,Hymn,136,2261,0.05673758865248227,0.04933970097888557,0.021027270999992995,0.04096769220347005,0.4694012403488159,0.38365247472926717,0.5102950238243618,0.8850009441375732,0.7461269365317341,1.0,2000,1.0,1.0,1.0,1.0,1.0,1.0
f2llm_v2_14b_vocalized,Lament,1711,5369,0.24166666666666667,0.41095191928245345,0.29777629851327875,0.48744009528466553,0.6922620534896851,0.6313267576339835,0.7506050733807257,0.0,0.0004997501249375312,0.04447776111944028,2000,0.0,0.0,0.0005510065480080473,0.00239687772377758,0.08939530234882558,0.3888694419056746
f2llm_v2_14b_vocalized,Praise,820,4469,0.15503875968992248,0.24270436401368586,0.1616306853620908,0.29130160574485303,0.622363805770874,0.5503249663723679,0.6847507239701054,3.328574792308184e-29,0.0009995002498750624,0.21039480259870064,2000,7.156435803462596e-28,3.113048587348782e-27,0.02148925537231384,0.09347823122732561,1.0,1.0
f2llm_v2_14b_vocalized,Royal,45,1400,0.031141868512110725,0.05525288044900423,0.009561341928325145,0.06823826655948012,0.6570476293563843,0.49096903375096407,0.7634066470415901,0.00016485863307025284,0.00849575212393803,0.0879560219890055,2000,0.0006622873469799137,0.0028809490458046676,0.04711105985468803,0.2049330453829831,0.3000230653903817,1.0
f2llm_v2_14b_vocalized,Thanksgiving,28,1136,0.024054982817869417,0.055556290675465136,0.008090120442209189,0.11662809474214639,0.6515970826148987,0.44552196269680155,0.7534741302301728,0.003037257818505168,0.02348825587206397,0.10394802598700649,2000,0.004503520213645594,0.01959030671721078,0.0360712500892411,0.1569098881315823,0.16193688869850792,0.7044252424630609
f2llm_v2_14b_vocalized,Trust,15,864,0.017064846416382253,0.030125284059913236,0.006864482288129434,0.12096994993189515,0.6093364357948303,0.3646256069783709,0.7668832397075255,0.07311291247606277,0.11344327836081959,0.2703648175912044,2000,0.18687847298052576,0.8129210996854629,0.28891110000555276,1.0,0.7568993281137208,1.0
f2llm_v2_14b_vocalized,Wisdom,36,1269,0.027586206896551724,0.039483862974626964,0.005880414042151129,0.09569405482592129,0.5851720571517944,0.2702398396587489,0.6763073556278363,0.04051097854971886,0.11044477761119441,0.431784107946027,2000,0.04466595070866439,0.19429682397055925,0.12177244710977846,0.5297099769548452,0.49049225387306344,1.0
gemini_embedding_2_cantillation,Hymn,136,2261,0.05673758865248227,0.04408684473553451,0.019621533028984915,0.029759483146820087,0.4100378453731537,0.31380583837910864,0.459426544996299,0.9997914433479309,0.9730134932533733,1.0,2000,1.0,1.0,1.0,1.0,1.0,1.0
gemini_embedding_2_cantillation,Lament,1711,5369,0.24166666666666667,0.44655973744601074,0.3108326544061987,0.5283505363722134,0.7355971336364746,0.676263460215781,0.7897391736632001,0.0,0.0004997501249375312,0.015992003998001,2000,0.0,0.0,0.0005510065480080473,0.00239687772377758,0.08939530234882558,0.3888694419056746
gemini_embedding_2_cantillation,Praise,820,4469,0.15503875968992248,0.20086550669266234,0.136248065864147,0.23014662725484097,0.5745867490768433,0.4912573428130792,0.6302685442077849,5.215805218283798e-12,0.014492753623188406,0.5777111444277861,2000,1.8689968698850277e-11,8.130133805909002e-11,0.051932367149758456,0.2259057254660369,1.0,1.0
gemini_embedding_2_cantillation,Royal,45,1400,0.031141868512110725,0.06239630743022355,0.01100241976141199,0.059093053817462306,0.6417936682701111,0.42310896385099284,0.7400402715491093,0.0005935285007581115,0.026486756621689155,0.16941529235382308,2000,0.0012760862766299397,0.00555097354310916,0.04711105985468803,0.2049330453829831,0.3000230653903817,1.0
gemini_embedding_2_cantillation,Thanksgiving,28,1136,0.024054982817869417,0.07474018990998273,0.012818016930773297,0.12338246666589156,0.7611292600631714,0.6273492441774875,0.8674519493910074,1.1429960977693554e-06,0.0009995002498750624,0.004497751124437781,2000,2.8574280634074967e-05,0.00012429808134291562,0.014326170248209228,0.062318820818217074,0.10744627686156923,0.4673911561366281
gemini_embedding_2_cantillation,Trust,15,864,0.017064846416382253,0.020160372689458434,0.006750477580600805,0.11513154100727664,0.5179012417793274,0.34319595354601085,0.592265243706719,0.40614840388298035,0.3808095952023988,0.993503248375812,2000,0.43660953417420384,1.0,0.40937031484257874,1.0,1.0,1.0
gemini_embedding_2_cantillation,Wisdom,36,1269,0.027586206896551724,0.05015294382992816,0.007231640041665644,0.10321512001348804,0.623248815536499,0.4064286449288565,0.6861211057894591,0.005786447785794735,0.0544727636181909,0.2478760619690155,2000,0.013823180821620755,0.06013081750637992,0.11460936198567383,0.4985505665457366,0.48311029670350003,1.0
gemini_embedding_2_consonantal,Hymn,136,2261,0.05673758865248227,0.04372640528774857,0.020487878624619323,0.022330445138868456,0.4059922695159912,0.3194346491250746,0.45104696004541667,0.9998868703842163,0.9795102448775612,1.0,2000,1.0,1.0,1.0,1.0,1.0,1.0
gemini_embedding_2_consonantal,Lament,1711,5369,0.24166666666666667,0.4167422968680814,0.28057211108094393,0.49177072296738433,0.7161828875541687,0.6540763642299683,0.7682733816676196,0.0,0.0004997501249375312,0.022988505747126436,2000,0.0,0.0,0.0005510065480080473,0.00239687772377758,0.08939530234882558,0.3888694419056746
gemini_embedding_2_consonantal,Praise,820,4469,0.15503875968992248,0.185288741273252,0.12822312435651137,0.21282841591997562,0.5474563241004944,0.47036927498107745,0.6017755126563236,7.5642542469722684e-06,0.0769615192403798,0.8215892053973014,2000,1.4141866635643806e-05,6.151710035778556e-05,0.14388457944940572,0.6258977221307889,1.0,1.0
gemini_embedding_2_consonantal,Royal,45,1400,0.031141868512110725,0.06656007787359852,0.011069360618103246,0.056523892235905815,0.6545237898826599,0.4555905342830575,0.7460664309093348,0.00020539677643682808,0.019490254872563718,0.127936031984008,2000,0.0006622873469799137,0.0028809490458046676,0.04711105985468803,0.2049330453829831,0.3000230653903817,1.0
gemini_embedding_2_consonantal,Thanksgiving,28,1136,0.024054982817869417,0.07521277144056539,0.01162762212222804,0.1279975948641785,0.7452841997146606,0.5872802202355696,0.8613804139083561,4.507649919105461e-06,0.0014992503748125937,0.011494252873563218,2000,6.460964884051161e-05,0.0002810518833337939,0.01611694152923538,0.07010867342049422,0.1353823088455772,0.5889128567321514
gemini_embedding_2_consonantal,Trust,15,864,0.017064846416382253,0.02040999052308274,0.006633439333232591,0.11577495787356278,0.5243055820465088,0.34263922582967393,0.6006962628587255,0.37349823117256165,0.35932033983008493,0.9795102448775612,2000,0.42169363070756966,1.0,0.40554081933392283,1.0,1.0,1.0
gemini_embedding_2_consonantal,Wisdom,36,1269,0.027586206896551724,0.04859681535236777,0.00735096203349369,0.1005103811069672,0.6257113814353943,0.4159039758394547,0.685401455952999,0.005006785970181227,0.05147426286856572,0.24437781109445278,2000,0.013455737294862047,0.058532438671830465,0.11460936198567383,0.4985505665457366,0.48311029670350003,1.0
gemini_embedding_2_vocalized,Hymn,136,2261,0.05673758865248227,0.04292448143466,0.019662448140350973,0.02157515610579454,0.3960067629814148,0.30983396448359113,0.44597354303806735,0.9999774098396301,0.991504247876062,1.0,2000,1.0,1.0,1.0,1.0,1.0,1.0
gemini_embedding_2_vocalized,Lament,1711,5369,0.24166666666666667,0.4391438941253942,0.2980195882071482,0.5203894931082573,0.7283035516738892,0.6664364139641643,0.7822662458261873,0.0,0.0004997501249375312,0.01649175412293853,2000,0.0,0.0,0.0005510065480080473,0.00239687772377758,0.08939530234882558,0.3888694419056746
gemini_embedding_2_vocalized,Praise,820,4469,0.15503875968992248,0.20302316996004022,0.13688750103987654,0.23501001462712898,0.5755245089530945,0.49241171292429603,0.6314968503203998,2.8708001687666185e-12,0.013493253373313344,0.5697151424287856,2000,1.2344440725696458e-11,5.369830012888062e-11,0.051932367149758456,0.2259057254660369,1.0,1.0
gemini_embedding_2_vocalized,Royal,45,1400,0.031141868512110725,0.06299277790938845,0.011282482712972004,0.06061683405940574,0.6474444270133972,0.4374768904938514,0.7497009565461096,0.00037423623143695295,0.022488755622188907,0.14942528735632185,2000,0.0009465975265758221,0.004117697934869928,0.04711105985468803,0.2049330453829831,0.3000230653903817,1.0
gemini_embedding_2_vocalized,Thanksgiving,28,1136,0.024054982817869417,0.0791182254029264,0.011850078971982939,0.1287292510301076,0.7594316005706787,0.6094679505795965,0.8579992371767052,1.3290363085616264e-06,0.0009995002498750624,0.004997501249375313,2000,2.8574280634074967e-05,0.00012429808134291562,0.014326170248209228,0.062318820818217074,0.10744627686156923,0.4673911561366281
gemini_embedding_2_vocalized,Trust,15,864,0.017064846416382253,0.02048611126673628,0.006592005923014852,0.11368942014694501,0.5225308537483215,0.34173692065556943,0.5989836391248367,0.38246631622314453,0.367816091954023,0.9825087456271864,2000,0.42169363070756966,1.0,0.40554081933392283,1.0,1.0,1.0
gemini_embedding_2_vocalized,Wisdom,36,1269,0.027586206896551724,0.04938627947089258,0.007347524468959144,0.1046932225465617,0.6280097961425781,0.4149631378684414,0.6867022053574863,0.0043650055304169655,0.046476761619190406,0.2223888055972014,2000,0.013455737294862047,0.058532438671830465,0.11460936198567383,0.4985505665457366,0.48311029670350003,1.0
gte_multilingual_base_cantillation,Hymn,136,2261,0.05673758865248227,0.04032839114801052,0.01902950375077356,0.01935906188364809,0.3558647930622101,0.2823121632382112,0.39977586678736415,1.0,1.0,1.0,2000,1.0,1.0,1.0,1.0,1.0,1.0
gte_multilingual_base_cantillation,Lament,1711,5369,0.24166666666666667,0.29215979376841833,0.19282054456809833,0.3459248709575621,0.5985879898071289,0.5304215788845226,0.6532675962981725,4.4756450921907493e-35,0.0034982508745627187,0.39980009995002497,2000,4.5822080705762427e-35,1.9932598786317217e-34,0.003581542562052307,0.01557970520455427,0.40931914994883506,1.0
gte_multilingual_base_cantillation,Praise,820,4469,0.15503875968992248,0.1561027974039463,0.11077984904836329,0.17534560220253045,0.5038905143737793,0.43909254656042995,0.5663447904930996,0.36140644550323486,0.4407796101949025,1.0,2000,0.43167992101775277,1.0,0.5264867566216891,1.0,1.0,1.0
gte_multilingual_base_cantillation,Royal,45,1400,0.031141868512110725,0.037712623938474195,0.006394880352412771,0.05914805147318846,0.5209364891052246,0.3188358780123915,0.5917438268661499,0.3161337077617645,0.36931534232883556,0.9895052473763118,2000,0.3236607008037113,1.0,0.36931534232883556,1.0,0.9895052473763118,1.0
gte_multilingual_base_cantillation,Thanksgiving,28,1136,0.024054982817869417,0.042743634254846855,0.007019794114394984,0.11310855972351087,0.6688569188117981,0.39937009093954745,0.8056434029260078,0.0011210079537704587,0.01699150424787606,0.08995502248875563,2000,0.0020781733279970167,0.00904005111015853,0.03133849741795769,0.13632242053984986,0.16116941529235385,0.7010867342049422
gte_multilingual_base_cantillation,Trust,15,864,0.017064846416382253,0.01803947610466903,0.005269493675347179,0.12005514892368725,0.4770061671733856,0.17076652722949429,0.5958942831112336,0.6202700734138489,0.5747126436781609,1.0,2000,0.6202700734138489,1.0,0.5747126436781609,1.0,1.0,1.0
gte_multilingual_base_cantillation,Wisdom,36,1269,0.027586206896551724,0.0514127633308087,0.007039053408483491,0.09666735477862842,0.616364598274231,0.3914600719505246,0.7028632332103117,0.008566012606024742,0.06346826586706647,0.28385807096451776,2000,0.016429179955435837,0.07146691014376506,0.11460936198567383,0.4985505665457366,0.48311029670350003,1.0
gte_multilingual_base_consonantal,Hymn,136,2261,0.05673758865248227,0.036620656383094856,0.01713165268986114,0.017479794113869216,0.2862362563610077,0.20448783822528233,0.34496537992079007,1.0,1.0,1.0,2000,1.0,1.0,1.0,1.0,1.0,1.0
gte_multilingual_base_consonantal,Lament,1711,5369,0.24166666666666667,0.2887055838360885,0.18689913094019786,0.34845031784701974,0.6107156872749329,0.532663345911673,0.6672767999882062,1.0509738482436128e-43,0.0014992503748125937,0.31134432783608196,2000,1.102240865231106e-43,4.794746243326276e-43,0.001611694152923538,0.007010867342049422,0.3346951524237881,1.0
gte_multilingual_base_consonantal,Praise,820,4469,0.15503875968992248,0.14052775093413913,0.10115296598681157,0.15731282259503424,0.4546358585357666,0.388211774232573,0.5105572898009577,0.9999823570251465,0.8905547226386806,1.0,2000,0.9999823570251465,1.0,0.8905547226386806,1.0,1.0,1.0
gte_multilingual_base_consonantal,Royal,45,1400,0.031141868512110725,0.04511983505366786,0.007527586054717368,0.06085442117710575,0.6097301840782166,0.4294246729361977,0.6805329201438807,0.006056574638932943,0.062468765617191405,0.3193403298350825,2000,0.007659785572768134,0.03332005667564716,0.07900461533938913,0.3436699677475207,0.4038715936149572,1.0
gte_multilingual_base_consonantal,Thanksgiving,28,1136,0.024054982817869417,0.028550408561765515,0.006463367693682413,0.10233710153951646,0.5768988728523254,0.32594751137345734,0.6497401664477219,0.08201560378074646,0.1549225387306347,0.5692153923038481,2000,0.08201560378074646,0.3567677633140731,0.1549225387306347,0.6739128297783941,0.5692153923038481,1.0
gte_multilingual_base_consonantal,Trust,15,864,0.017064846416382253,0.016866149664955005,0.00621887344095665,0.12017425401322604,0.49282407760620117,0.3044261045627342,0.5516565857849666,0.5382034778594971,0.5082458770614693,1.0,2000,0.5510178463799612,1.0,0.5203469693724566,1.0,1.0,1.0
gte_multilingual_base_consonantal,Wisdom,36,1269,0.027586206896551724,0.0717814289894218,0.012296999523122869,0.12121512639828894,0.6789029240608215,0.5127033560042994,0.7862448742140041,0.00012359616812318563,0.013993003498250875,0.07496251874062969,2000,0.005314635229296982,0.02311865591644375,0.11460936198567383,0.4985505665457366,0.48311029670350003,1.0
gte_multilingual_base_vocalized,Hymn,136,2261,0.05673758865248227,0.04040629230626205,0.017110564795064526,0.017478004634948707,0.3591737747192383,0.2823343108844661,0.3971617864493128,1.0,0.9995002498750625,1.0,2000,1.0,1.0,1.0,1.0,1.0,1.0
gte_multilingual_base_vocalized,Lament,1711,5369,0.24166666666666667,0.3067021408074325,0.20631993215814923,0.3658081412687091,0.6115881204605103,0.5390562310640654,0.6698585665730388,2.2420775429197073e-44,0.0024987506246876563,0.3238380809595202,2000,2.4102333586386853e-44,1.0484511785406791e-43,0.002620640899062664,0.01139978429601532,0.3396350605185212,1.0
gte_multilingual_base_vocalized,Praise,820,4469,0.15503875968992248,0.15049074306442972,0.10866510953559151,0.168522273418933,0.4841313362121582,0.42161221280374445,0.5418581098345738,0.9260284304618835,0.6611694152923538,1.0,2000,0.9606342046033768,1.0,0.676911544227886,1.0,1.0,1.0
gte_multilingual_base_vocalized,Royal,45,1400,0.031141868512110725,0.03691966992141983,0.007528039353404673,0.05731559217885343,0.5199920535087585,0.38837440292253483,0.5978573219395574,0.32385602593421936,0.36481759120439783,0.9860069965017492,2000,0.32385602593421936,1.0,0.36931534232883556,1.0,0.9895052473763118,1.0
gte_multilingual_base_vocalized,Thanksgiving,28,1136,0.024054982817869417,0.03661515651022832,0.006335105091291928,0.09840523056270699,0.6368523836135864,0.3252639411665722,0.7382882981570568,0.0066275340504944324,0.04597701149425287,0.19990004997501248,2000,0.00791622122697946,0.03443555141773956,0.05202661826981246,0.226315717708262,0.23231627429528476,1.0
gte_multilingual_base_vocalized,Trust,15,864,0.017064846416382253,0.018577199067214337,0.0071429835037003266,0.1220158063950064,0.5347222089767456,0.37945398911798967,0.6127095335986159,0.3223705291748047,0.3373313343328336,0.9345327336331835,2000,0.37464683120315134,1.0,0.392033712873293,1.0,1.0,1.0
gte_multilingual_base_vocalized,Wisdom,36,1269,0.027586206896551724,0.04679203156062314,0.0073838076441518725,0.09397274729773539,0.6235443353652954,0.39935703057141864,0.7036501360413607,0.005687520373612642,0.0559720139930035,0.2588705647176412,2000,0.013823180821620755,0.06013081750637992,0.11460936198567383,0.4985505665457366,0.48311029670350003,1.0
harrier_oss_v1_27b_cantillation,Hymn,136,2261,0.05673758865248227,0.04454764036772588,0.019774985364952494,0.02015118166110728,0.4153452515602112,0.3190029527553629,0.4611404412956579,0.9995512366294861,0.9660169915042479,1.0,2000,1.0,1.0,1.0,1.0,1.0,1.0
harrier_oss_v1_27b_cantillation,Lament,1711,5369,0.24166666666666667,0.42519081324933805,0.29179616092235283,0.5017533390832367,0.7199273109436035,0.657289806224094,0.7744856159414567,0.0,0.0004997501249375312,0.020989505247376312,2000,0.0,0.0,0.0005510065480080473,0.00239687772377758,0.08939530234882558,0.3888694419056746
harrier_oss_v1_27b_cantillation,Praise,820,4469,0.15503875968992248,0.2072968663508045,0.14400112710362864,0.23982918109038476,0.5693522691726685,0.4921691763872816,0.6262223887885209,1.281261902130737e-10,0.01999000499750125,0.6031984007996002,2000,3.935304413687264e-10,1.7118568771187877e-09,0.06139787249232527,0.26708066064950176,1.0,1.0
harrier_oss_v1_27b_cantillation,Royal,45,1400,0.031141868512110725,0.0682886063343955,0.011371449704270098,0.04895618688028064,0.6578333377838135,0.4528525385982152,0.768569893097523,0.00015385345614049584,0.01899050474762619,0.11444277861069466,2000,0.0006622873469799137,0.0028809490458046676,0.04711105985468803,0.2049330453829831,0.3000230653903817,1.0
harrier_oss_v1_27b_cantillation,Thanksgiving,28,1136,0.024054982817869417,0.07144107170576694,0.011838633507433059,0.12529187624994845,0.7352553009986877,0.5473100042705343,0.858282411782392,1.0312960512237623e-05,0.0009995002498750624,0.012993503248375811,2000,0.00011086432550655445,0.00048225966302746384,0.014326170248209228,0.062318820818217074,0.1353823088455772,0.5889128567321514
harrier_oss_v1_27b_cantillation,Trust,15,864,0.017064846416382253,0.02345461343599238,0.007223574393119579,0.1181417642883386,0.5786265134811401,0.38579451856768543,0.668071776132515,0.14807181060314178,0.1874062968515742,0.5237381309345327,2000,0.2358180687383369,1.0,0.2981634182908546,1.0,0.8388768578673627,1.0
harrier_oss_v1_27b_cantillation,Wisdom,36,1269,0.027586206896551724,0.04465181571457026,0.006891945502844532,0.09768261249056459,0.6159049272537231,0.36271202726096613,0.6731780578933209,0.008787700906395912,0.063968015992004,0.27786106946526734,2000,0.016429179955435837,0.07146691014376506,0.11460936198567383,0.4985505665457366,0.48311029670350003,1.0
harrier_oss_v1_27b_consonantal,Hymn,136,2261,0.05673758865248227,0.04269804941402165,0.019177104140504452,0.01954903015392057,0.38381311297416687,0.299603727316748,0.4374053211553437,0.9999974370002747,0.9980009995002499,1.0,2000,1.0,1.0,1.0,1.0,1.0,1.0
harrier_oss_v1_27b_consonantal,Lament,1711,5369,0.24166666666666667,0.3945542001120805,0.2600657196022412,0.4711042307260573,0.6907716393470764,0.62159772204586,0.7445844153794922,0.0,0.0004997501249375312,0.043478260869565216,2000,0.0,0.0,0.0005510065480080473,0.00239687772377758,0.08939530234882558,0.3888694419056746
harrier_oss_v1_27b_consonantal,Praise,820,4469,0.15503875968992248,0.19932002907476457,0.13754517126947832,0.2282865277476177,0.5611497163772583,0.48592892765139406,0.6188401861339569,1.2355133804931029e-08,0.03298350824587706,0.6926536731634183,2000,3.442643387030486e-08,1.4975493984806617e-07,0.09455272363818092,0.4113042174002327,1.0,1.0
harrier_oss_v1_27b_consonantal,Royal,45,1400,0.031141868512110725,0.06911909951112911,0.010475978492776492,0.0569138130001421,0.657968282699585,0.4720154350432144,0.7649399598426888,0.00015203423390630633,0.01699150424787606,0.11044477761119441,2000,0.0006622873469799137,0.0028809490458046676,0.04711105985468803,0.2049330453829831,0.3000230653903817,1.0
harrier_oss_v1_27b_consonantal,Thanksgiving,28,1136,0.024054982817869417,0.06508281589345703,0.010939733817228153,0.11277755799508109,0.7065517902374268,0.5112236809763985,0.8372932955261753,9.257843339582905e-05,0.005497251374312844,0.030484757621189407,2000,0.0003980872636020649,0.0017316790475481385,0.02148925537231384,0.09347823122732561,0.1353823088455772,0.5889128567321514
harrier_oss_v1_27b_consonantal,Trust,15,864,0.017064846416382253,0.030639610017231315,0.00728729206193815,0.11449700088436619,0.5810185074806213,0.3909950660718335,0.6786282243526274,0.14084342122077942,0.17791104447776113,0.49825087456271866,2000,0.23445323396187562,1.0,0.2981634182908546,1.0,0.8388768578673627,1.0
harrier_oss_v1_27b_consonantal,Wisdom,36,1269,0.027586206896551724,0.04607327091742394,0.007243108773966493,0.10303498602391656,0.6267620921134949,0.4065375050038331,0.7041802840327621,0.0047036451287567616,0.047476261869065464,0.22188905547226387,2000,0.013455737294862047,0.058532438671830465,0.11460936198567383,0.4985505665457366,0.48311029670350003,1.0
harrier_oss_v1_27b_vocalized,Hymn,136,2261,0.05673758865248227,0.04402399906170982,0.01970793860749058,0.02008630965481113,0.40744268894195557,0.31498930508948786,0.455804387006343,0.9998587369918823,0.9870064967516242,1.0,2000,1.0,1.0,1.0,1.0,1.0,1.0
harrier_oss_v1_27b_vocalized,Lament,1711,5369,0.24166666666666667,0.4191188876543397,0.2860552985807759,0.4975087805060194,0.7120307683944702,0.6482253746660961,0.7651261180908482,0.0,0.0004997501249375312,0.0239880059970015,2000,0.0,0.0,0.0005510065480080473,0.00239687772377758,0.08939530234882558,0.3888694419056746
harrier_oss_v1_27b_vocalized,Praise,820,4469,0.15503875968992248,0.2149213256305949,0.14809999236664245,0.25164584540926654,0.5749149918556213,0.4936440167356812,0.6337039230003703,4.235430148963326e-12,0.009995002498750625,0.5497251374312844,2000,1.6556681491402093e-11,7.20215416493429e-11,0.04297851074462768,0.18695646245465128,1.0,1.0
harrier_oss_v1_27b_vocalized,Royal,45,1400,0.031141868512110725,0.06660586676699329,0.010639318307297536,0.06335735058317024,0.653253972530365,0.4422049309889943,0.7626626681148372,0.00022914938745088875,0.020989505247376312,0.12093953023488256,2000,0.0006622873469799137,0.0028809490458046676,0.04711105985468803,0.2049330453829831,0.3000230653903817,1.0
harrier_oss_v1_27b_vocalized,Thanksgiving,28,1136,0.024054982817869417,0.06596814018186523,0.011326921120770092,0.12186076657973388,0.7201018333435059,0.5290448472697231,0.832659682503335,3.392276630620472e-05,0.001999000499750125,0.01899050474762619,2000,0.00021912009573757783,0.0009531721142046037,0.017191404297851074,0.0747825849818605,0.1353823088455772,0.5889128567321514
harrier_oss_v1_27b_vocalized,Trust,15,864,0.017064846416382253,0.024272479253257595,0.006983133138305909,0.1143518273418371,0.5719135999679565,0.37052959836816646,0.6688270714009573,0.16966302692890167,0.2028985507246377,0.5762118940529735,2000,0.24925773807110327,1.0,0.2981634182908546,1.0,0.8541979010494752,1.0
harrier_oss_v1_27b_vocalized,Wisdom,36,1269,0.027586206896551724,0.0454015692560929,0.007278408392957294,0.10190167086039378,0.6196480393409729,0.40005018225443073,0.6855735165447738,0.007120365742594004,0.0544727636181909,0.24987506246876562,2000,0.015308786346577107,0.06659319949069852,0.11460936198567383,0.4985505665457366,0.48311029670350003,1.0
kalm_embedding_gemma3_12b_2511_cantillation,Hymn,136,2261,0.05673758865248227,0.04761511634823572,0.020604126749613372,0.026417287185490173,0.4467277526855469,0.35475767016415094,0.48346902644500167,0.9816811084747314,0.872063968015992,1.0,2000,1.0,1.0,1.0,1.0,1.0,1.0
kalm_embedding_gemma3_12b_2511_cantillation,Lament,1711,5369,0.24166666666666667,0.4328375297940804,0.30629228119887886,0.5139739945486914,0.7234575152397156,0.6610704994349295,0.7789735664740243,0.0,0.0004997501249375312,0.018490754622688656,2000,0.0,0.0,0.0005510065480080473,0.00239687772377758,0.08939530234882558,0.3888694419056746
kalm_embedding_gemma3_12b_2511_cantillation,Praise,820,4469,0.15503875968992248,0.21218861148636659,0.14279388321315106,0.24612884215034503,0.585246741771698,0.5048638305882138,0.6399308971437334,3.852368948067128e-15,0.006496751624187906,0.46326836581709147,2000,2.3664552109555218e-14,1.0294076903372525e-13,0.033427730579154866,0.1454105819091732,1.0,1.0
kalm_embedding_gemma3_12b_2511_cantillation,Royal,45,1400,0.031141868512110725,0.06405198476191418,0.010548254327433998,0.046090710449742854,0.6612777709960938,0.45431070711851357,0.7767680935366503,0.00011324200022500008,0.013493253373313344,0.09695152423788106,2000,0.0006622873469799137,0.0028809490458046676,0.04711105985468803,0.2049330453829831,0.3000230653903817,1.0
kalm_embedding_gemma3_12b_2511_cantillation,Thanksgiving,28,1136,0.024054982817869417,0.05584861698399539,0.009994842595649653,0.11779225327453835,0.7067719101905823,0.5226183601519657,0.8154577089486651,9.112276165978983e-05,0.004997501249375313,0.031484257871064465,2000,0.0003980872636020649,0.0017316790475481385,0.02148925537231384,0.09347823122732561,0.1353823088455772,0.5889128567321514
kalm_embedding_gemma3_12b_2511_cantillation,Trust,15,864,0.017064846416382253,0.029045968739989006,0.00844950862715418,0.12739054491834267,0.6385030746459961,0.4490213477481581,0.761576807941864,0.03283051773905754,0.07146426786606697,0.15642178910544727,2000,0.18687847298052576,0.8129210996854629,0.28891110000555276,1.0,0.7568993281137208,1.0
kalm_embedding_gemma3_12b_2511_cantillation,Wisdom,36,1269,0.027586206896551724,0.04069358215634882,0.005919700408085814,0.09492390597173804,0.5907757878303528,0.267143121090732,0.6541904159215661,0.031471334397792816,0.10094952523738131,0.41379310344827586,2000,0.03759076053069697,0.16351975645590544,0.12057859958909434,0.5245167418866604,0.49049225387306344,1.0
kalm_embedding_gemma3_12b_2511_consonantal,Hymn,136,2261,0.05673758865248227,0.044832560968116116,0.0207145565979027,0.021092231754145357,0.410358190536499,0.31684226896871626,0.45581876790345355,0.9997813105583191,0.9805097451274363,1.0,2000,1.0,1.0,1.0,1.0,1.0,1.0
kalm_embedding_gemma3_12b_2511_consonantal,Lament,1711,5369,0.24166666666666667,0.3935433981767781,0.26708204691522264,0.4675804073019373,0.694576621055603,0.6243042530023677,0.747251627492291,0.0,0.0004997501249375312,0.04247876061969016,2000,0.0,0.0,0.0005510065480080473,0.00239687772377758,0.08939530234882558,0.3888694419056746
kalm_embedding_gemma3_12b_2511_consonantal,Praise,820,4469,0.15503875968992248,0.19602082755564537,0.1365386847703943,0.22776610516275364,0.5521260499954224,0.4793333438730546,0.6101956182899889,1.0042447229352547e-06,0.05997001499250375,0.7791104447776112,2000,2.1591261543107976e-06,9.392195792957298e-06,0.12893553223388304,0.5608693873639538,1.0,1.0
kalm_embedding_gemma3_12b_2511_consonantal,Royal,45,1400,0.031141868512110725,0.060625621652159824,0.009521770484211132,0.068205164007061,0.6362301707267761,0.4439501491668074,0.7495614949400757,0.0009204696980305016,0.027486256871564217,0.18140929535232383,2000,0.0015232530982197763,0.006626148876083487,0.04711105985468803,0.2049330453829831,0.3000230653903817,1.0
kalm_embedding_gemma3_12b_2511_consonantal,Thanksgiving,28,1136,0.024054982817869417,0.056311711286120975,0.009600403486095947,0.09414815843379773,0.6757262349128723,0.5034465489948844,0.7844175316748361,0.000735139474272728,0.014492753623188406,0.06846576711644178,2000,0.0015805498696863651,0.006875389752928086,0.03069893624616263,0.13354033032475088,0.14720139930034984,0.6403258839071806
kalm_embedding_gemma3_12b_2511_consonantal,Trust,15,864,0.017064846416382253,0.03615102050758389,0.008565317835815404,0.12280333702975324,0.6428240537643433,0.4652488084170124,0.7587381601833799,0.02883661910891533,0.07296351824087956,0.15992003998001,2000,0.18687847298052576,0.8129210996854629,0.28891110000555276,1.0,0.7568993281137208,1.0
kalm_embedding_gemma3_12b_2511_consonantal,Wisdom,36,1269,0.027586206896551724,0.041258428531726635,0.007060608356475621,0.09924259590306679,0.6090534925460815,0.3859641270553547,0.67610102891922,0.012739176861941814,0.06846576711644178,0.3008495752123938,2000,0.021068638656288385,0.09164854909281281,0.11540526033279656,0.5020127232578598,0.48311029670350003,1.0
kalm_embedding_gemma3_12b_2511_vocalized,Hymn,136,2261,0.05673758865248227,0.04732146101456815,0.020721791760967407,0.02287552608671732,0.44117972254753113,0.3403537047695531,0.48401033983323877,0.9894840121269226,0.8910544727636182,1.0,2000,1.0,1.0,1.0,1.0,1.0,1.0
kalm_embedding_gemma3_12b_2511_vocalized,Lament,1711,5369,0.24166666666666667,0.4220988119355022,0.29304542902808983,0.502141664313339,0.7156571745872498,0.653023181141717,0.7717031181242765,0.0,0.0004997501249375312,0.025487256371814093,2000,0.0,0.0,0.0005510065480080473,0.00239687772377758,0.08939530234882558,0.3888694419056746
kalm_embedding_gemma3_12b_2511_vocalized,Praise,820,4469,0.15503875968992248,0.21447888317448338,0.1442684464992499,0.2490898068916314,0.5861523151397705,0.5101342226561448,0.6438219105487806,2.0003362793350474e-15,0.004997501249375313,0.4512743628185907,2000,1.7202892002281406e-14,7.483255648028634e-14,0.033427730579154866,0.1454105819091732,1.0,1.0
kalm_embedding_gemma3_12b_2511_vocalized,Royal,45,1400,0.031141868512110725,0.06504548493497223,0.011147997659596632,0.048893447726049935,0.6604762077331543,0.44929998198522747,0.7739454862410775,0.00012167737440904602,0.012993503248375811,0.09745127436281859,2000,0.0006622873469799137,0.0028809490458046676,0.04711105985468803,0.2049330453829831,0.3000230653903817,1.0
kalm_embedding_gemma3_12b_2511_vocalized,Thanksgiving,28,1136,0.024054982817869417,0.05427855588175988,0.009752507922535267,0.1133893281754713,0.6896378397941589,0.5062009851136873,0.796703593389937,0.00029924639966338873,0.009495252373813094,0.04847576211894053,2000,0.0009191139418232655,0.003998144379107112,0.024017403063174295,0.10447567019524628,0.1389638514076295,0.6044925619367056
kalm_embedding_gemma3_12b_2511_vocalized,Trust,15,864,0.017064846416382253,0.029774582128493893,0.008511632277500958,0.12886708787744025,0.6403549313545227,0.4474142033604497,0.765826358821978,0.031066246330738068,0.0704647676161919,0.15592203898050974,2000,0.18687847298052576,0.8129210996854629,0.28891110000555276,1.0,0.7568993281137208,1.0
kalm_embedding_gemma3_12b_2511_vocalized,Wisdom,36,1269,0.027586206896551724,0.03972073218182712,0.0060027693508343995,0.09479096755870506,0.5854566097259521,0.27962698542619957,0.6575770249282925,0.040005940943956375,0.11044477761119441,0.456271864067966,2000,0.04466595070866439,0.19429682397055925,0.12177244710977846,0.5297099769548452,0.49049225387306344,1.0
llama_embed_nemotron_8b_cantillation,Hymn,136,2261,0.05673758865248227,0.043677659116320655,0.018872485848840662,0.019260528586337183,0.40131092071533203,0.3077408453841619,0.44967824371329695,0.999945878982544,0.9855072463768116,1.0,2000,1.0,1.0,1.0,1.0,1.0,1.0
llama_embed_nemotron_8b_cantillation,Lament,1711,5369,0.24166666666666667,0.38652700746033053,0.2544689319097284,0.4644597078356005,0.6972541213035583,0.6229378056191387,0.7531423799638042,0.0,0.0004997501249375312,0.04147926036981509,2000,0.0,0.0,0.0005510065480080473,0.00239687772377758,0.08939530234882558,0.3888694419056746
llama_embed_nemotron_8b_cantillation,Praise,820,4469,0.15503875968992248,0.16002358766298697,0.11721957342737968,0.1779503153142864,0.4837925434112549,0.4264092316154353,0.5270705610943919,0.930259108543396,0.655672163918041,1.0,2000,0.9606342046033768,1.0,0.676911544227886,1.0,1.0,1.0
llama_embed_nemotron_8b_cantillation,Royal,45,1400,0.031141868512110725,0.0466703689174765,0.009081749051760006,0.06472162740499213,0.6151269674301147,0.43777115396466587,0.6900648515440326,0.004241311457008123,0.050474762618690654,0.2943528235882059,2000,0.005699262270354666,0.024791783014490833,0.06967728257083579,0.3030960830704194,0.3978768191661745,1.0
llama_embed_nemotron_8b_cantillation,Thanksgiving,28,1136,0.024054982817869417,0.03864008634121949,0.007816788992786072,0.10137195539817113,0.6410965919494629,0.40290380011714005,0.7421102659153778,0.005329785402864218,0.03798100949525238,0.16691654172913542,2000,0.006842669206006187,0.02976560160736151,0.04666238309416721,0.20298130209362136,0.20235715475595534,0.8802533440573161
llama_embed_nemotron_8b_cantillation,Trust,15,864,0.017064846416382253,0.02309513960279435,0.006480929722317998,0.12715334400526654,0.5853394865989685,0.31803424917543327,0.675681115914843,0.12840138375759125,0.18140929535232383,0.5052473763118441,2000,0.230052479232351,1.0,0.2981634182908546,1.0,0.8388768578673627,1.0
llama_embed_nemotron_8b_cantillation,Wisdom,36,1269,0.027586206896551724,0.04071588635179836,0.007517125467037096,0.09701005709800649,0.613803505897522,0.4236277854126846,0.6773642886624218,0.009866385720670223,0.07096451774112944,0.3008495752123938,2000,0.016970183439552783,0.07382027455341458,0.11540526033279656,0.5020127232578598,0.48311029670350003,1.0
llama_embed_nemotron_8b_consonantal,Hymn,136,2261,0.05673758865248227,0.04347192404076229,0.019252462649053167,0.01961916908776885,0.40463289618492126,0.34124875377530406,0.4433998070628463,0.9999083876609802,0.9815092453773113,1.0,2000,1.0,1.0,1.0,1.0,1.0,1.0
llama_embed_nemotron_8b_consonantal,Lament,1711,5369,0.24166666666666667,0.37169240322674413,0.24671815077360254,0.4493555176998044,0.6873127818107605,0.6102821867878542,0.7420073624460108,0.0,0.0004997501249375312,0.05647176411794103,2000,0.0,0.0,0.0005510065480080473,0.00239687772377758,0.093395609887364,0.4062707741802999
llama_embed_nemotron_8b_consonantal,Praise,820,4469,0.15503875968992248,0.15812472920601361,0.11904801250179012,0.17406602830119172,0.48310282826423645,0.4261161525814912,0.52696612587123,0.9382938742637634,0.6516741629185407,1.0,2000,0.9606342046033768,1.0,0.676911544227886,1.0,1.0,1.0
llama_embed_nemotron_8b_consonantal,Royal,45,1400,0.031141868512110725,0.04537364538368277,0.008674155835344075,0.06363175624963291,0.5851110816001892,0.4256575582837673,0.6659861819622945,0.025832833722233772,0.10844577711144428,0.49825087456271866,2000,0.027770296251401302,0.12080075038729977,0.1165792103948026,0.5071194044082415,0.5356196901549225,1.0
llama_embed_nemotron_8b_consonantal,Thanksgiving,28,1136,0.024054982817869417,0.04471191959052222,0.009099395014447993,0.10708255705324013,0.669674277305603,0.4423851682063528,0.8015863764054783,0.0010669215116649866,0.017491254372813594,0.08845577211394302,2000,0.0020781733279970167,0.00904005111015853,0.03133849741795769,0.13632242053984986,0.16116941529235385,0.7010867342049422
llama_embed_nemotron_8b_consonantal,Trust,15,864,0.017064846416382253,0.024660298447908555,0.006942920720236602,0.13213373574177,0.6168981194496155,0.36513259960754924,0.7113284194089271,0.06014980748295784,0.1089455272363818,0.2843578210894553,2000,0.18687847298052576,0.8129210996854629,0.28891110000555276,1.0,0.7568993281137208,1.0
llama_embed_nemotron_8b_consonantal,Wisdom,36,1269,0.027586206896551724,0.043656294380796296,0.00813373373480408,0.09894821656888103,0.627747118473053,0.4711330884047108,0.7020278799757236,0.004434429574757814,0.051974012993503245,0.22938530734632684,2000,0.013455737294862047,0.058532438671830465,0.11460936198567383,0.4985505665457366,0.48311029670350003,1.0
llama_embed_nemotron_8b_vocalized,Hymn,136,2261,0.05673758865248227,0.043124311563638204,0.018999758472004,0.019370996129096568,0.3966474235057831,0.3083077895566776,0.4442155609630296,0.9999748468399048,0.9905047476261869,1.0,2000,1.0,1.0,1.0,1.0,1.0,1.0
llama_embed_nemotron_8b_vocalized,Lament,1711,5369,0.24166666666666667,0.3889535608803701,0.2603315592820257,0.4694416055093282,0.6993141770362854,0.6233008249056123,0.7547841216972339,0.0,0.0004997501249375312,0.04047976011994003,2000,0.0,0.0,0.0005510065480080473,0.00239687772377758,0.08939530234882558,0.3888694419056746
llama_embed_nemotron_8b_vocalized,Praise,820,4469,0.15503875968992248,0.16464307926502164,0.1210664310483169,0.18371359229843873,0.48694270849227905,0.42927561484257165,0.5322808806950974,0.8830767869949341,0.624687656171914,1.0,2000,0.9606342046033768,1.0,0.676911544227886,1.0,1.0,1.0
llama_embed_nemotron_8b_vocalized,Royal,45,1400,0.031141868512110725,0.04456216995752751,0.009168321136330086,0.06399647298967362,0.5984761714935303,0.4181599239058946,0.6720208068158483,0.012176773510873318,0.0769615192403798,0.39730134932533734,2000,0.014544479471320907,0.06326846563761754,0.09192625909267588,0.3998791002502262,0.4745543894719307,1.0
llama_embed_nemotron_8b_vocalized,Thanksgiving,28,1136,0.024054982817869417,0.03918221571536536,0.009047532413067815,0.1042672186501356,0.6402477622032166,0.3998279703225935,0.7481364544715983,0.005569614470005035,0.0399800099950025,0.16941529235382308,2000,0.006842669206006187,0.02976560160736151,0.047753900827364096,0.20772940272739027,0.20235715475595534,0.8802533440573161
llama_embed_nemotron_8b_vocalized,Trust,15,864,0.017064846416382253,0.024111110086271682,0.006497823325932823,0.12836869355356428,0.5952932238578796,0.3283198609227374,0.6963205134474015,0.10270217061042786,0.15342328835582209,0.4177911044477761,2000,0.19476797658464184,0.8472404294806009,0.29617799795754296,1.0,0.7810877170110597,1.0
llama_embed_nemotron_8b_vocalized,Wisdom,36,1269,0.027586206896551724,0.038940283577971926,0.007083496783260204,0.09474541350116752,0.6061422228813171,0.3892304307043695,0.6714019811988846,0.014836628921329975,0.08095952023988005,0.3453273363318341,2000,0.02278482298632818,0.09911394856118437,0.11962352157254705,0.5203621538321126,0.49049225387306344,1.0
me5_large_instruct_cantillation,Hymn,136,2261,0.05673758865248227,0.04359692772931374,0.018111008310919455,0.01849712837992113,0.39359697699546814,0.2940553671511058,0.45166689647132363,0.9999850392341614,0.991504247876062,1.0,2000,1.0,1.0,1.0,1.0,1.0,1.0
me5_large_instruct_cantillation,Lament,1711,5369,0.24166666666666667,0.3458735944501616,0.22989014038770098,0.41300477161914156,0.6617884635925293,0.5961482895138802,0.7201131531116628,0.0,0.0004997501249375312,0.095952023988006,2000,0.0,0.0,0.0005510065480080473,0.00239687772377758,0.11788391518526452,0.5127948684470434
me5_large_instruct_cantillation,Praise,820,4469,0.15503875968992248,0.1703167643804276,0.12612784526923437,0.19295363526630127,0.5206368565559387,0.45531360760102685,0.5758455991985132,0.029948484152555466,0.2638680659670165,0.984007996001999,2000,0.04024327557999641,0.17505819326148356,0.3659888805597201,1.0,1.0,1.0
me5_large_instruct_cantillation,Royal,45,1400,0.031141868512110725,0.054182989520244564,0.01017601884828946,0.06678039474396509,0.6385396718978882,0.5048983299507026,0.7146558368894744,0.0007685963646508753,0.025487256371814093,0.16441779110444776,2000,0.00143694102956468,0.006250691496492527,0.04711105985468803,0.2049330453829831,0.3000230653903817,1.0
me5_large_instruct_cantillation,Thanksgiving,28,1136,0.024054982817869417,0.040280304836501524,0.006991876451293163,0.10088781155791036,0.603967547416687,0.36900592762889206,0.6940765830935226,0.029944969341158867,0.09245377311344327,0.35582208895552225,2000,0.030657944801662645,0.13336201759771948,0.0946550534256681,0.4117493518346485,0.36429404345446326,1.0
me5_large_instruct_cantillation,Trust,15,864,0.017064846416382253,0.021365470111461907,0.007234756586678774,0.12377120325381369,0.5702160596847534,0.4030990906268885,0.6260809348207816,0.17542780935764313,0.2178910544727636,0.6196901549225388,2000,0.24925773807110327,1.0,0.2981634182908546,1.0,0.8541979010494752,1.0
me5_large_instruct_cantillation,Wisdom,36,1269,0.027586206896551724,0.04509896217446802,0.006680025725783815,0.09878147180667243,0.6181376576423645,0.3545009555505453,0.7135743631862941,0.007756233215332031,0.05997001499250375,0.26686656671664166,2000,0.015881810869489397,0.06908585537493799,0.11460936198567383,0.4985505665457366,0.48311029670350003,1.0
me5_large_instruct_consonantal,Hymn,136,2261,0.05673758865248227,0.04256000730506591,0.017844846157675676,0.01822823108091186,0.3875481188297272,0.30462634060650934,0.43761732531923125,0.9999948740005493,0.9945027486256871,1.0,2000,1.0,1.0,1.0,1.0,1.0,1.0
me5_large_instruct_consonantal,Lament,1711,5369,0.24166666666666667,0.34761183859390254,0.22836255039356487,0.41529774372963085,0.6661555171012878,0.5950340735656184,0.719739972402282,0.0,0.0004997501249375312,0.09195402298850575,2000,0.0,0.0,0.0005510065480080473,0.00239687772377758,0.11788391518526452,0.5127948684470434
me5_large_instruct_consonantal,Praise,820,4469,0.15503875968992248,0.16825574053631642,0.11911616173939145,0.18836848287167435,0.5136532783508301,0.45016395282667604,0.5648845169292932,0.10659860819578171,0.3468265867066467,0.9955022488755623,2000,0.13481588683584156,0.5864489217711228,0.43863362436428843,1.0,1.0,1.0
me5_large_instruct_consonantal,Royal,45,1400,0.031141868512110725,0.05566407887026707,0.010332277997303095,0.06829422590759043,0.6368253827095032,0.4664967930631509,0.7254247326278848,0.0008788900449872017,0.02848575712143928,0.17791104447776113,2000,0.0015232530982197763,0.006626148876083487,0.04711105985468803,0.2049330453829831,0.3000230653903817,1.0
me5_large_instruct_consonantal,Thanksgiving,28,1136,0.024054982817869417,0.04035830735293168,0.007374836601512785,0.09086720976700664,0.6475100517272949,0.4494039423059394,0.7382533408785589,0.0037953441496938467,0.03248375812093953,0.14042978510744628,2000,0.005439993281227847,0.02366396326942434,0.04656005330668,0.2025361676592055,0.19810407296351826,0.8617524441269081
me5_large_instruct_consonantal,Trust,15,864,0.017064846416382253,0.02230556076829404,0.007720274734271279,0.12559149287759924,0.5988426208496094,0.41707296897246604,0.6601598259834714,0.09450913965702057,0.13943028485757122,0.3873063468265867,2000,0.19476797658464184,0.8472404294806009,0.29617799795754296,1.0,0.7810877170110597,1.0
me5_large_instruct_consonantal,Wisdom,36,1269,0.027586206896551724,0.05084421215295467,0.0074204201691932085,0.10254652414181632,0.6520444750785828,0.4195212321146773,0.7598409751363486,0.0009201171342283487,0.022488755622188907,0.12693653173413294,2000,0.006594172795303166,0.028684642563578864,0.11460936198567383,0.4985505665457366,0.48311029670350003,1.0
me5_large_instruct_vocalized,Hymn,136,2261,0.05673758865248227,0.0452783746205344,0.019755706811758197,0.02522722051215662,0.4134996831417084,0.3063452155666355,0.4662473841415147,0.9996545910835266,0.9780109945027486,1.0,2000,1.0,1.0,1.0,1.0,1.0,1.0
me5_large_instruct_vocalized,Lament,1711,5369,0.24166666666666667,0.3402562179294865,0.22747116647609575,0.40748851512489814,0.6512412428855896,0.5820249120006284,0.7102936328668317,0.0,0.0004997501249375312,0.11894052973513243,2000,0.0,0.0,0.0005510065480080473,0.00239687772377758,0.14206785496140817,0.617994973113986
me5_large_instruct_vocalized,Praise,820,4469,0.15503875968992248,0.17962601920276833,0.13137778636125907,0.20536965167189225,0.5341476798057556,0.4636523643895148,0.5940094544832655,0.0009247311390936375,0.15442278860569716,0.9130434782608695,2000,0.0015293630377317849,0.006652727104532685,0.24252159634468481,1.0,1.0,1.0
me5_large_instruct_vocalized,Royal,45,1400,0.031141868512110725,0.051489593378769086,0.009377266321362147,0.07071892390491545,0.6400952339172363,0.48918498795544463,0.7156429437691944,0.0006796960951760411,0.0239880059970015,0.15692153923038482,2000,0.001328496913298626,0.005778959740322808,0.04711105985468803,0.2049330453829831,0.3000230653903817,1.0
me5_large_instruct_vocalized,Thanksgiving,28,1136,0.024054982817869417,0.0441815354915768,0.0068788298747200095,0.10276333146620198,0.6110098361968994,0.3686206977933895,0.6861755131383739,0.02226470783352852,0.07496251874062969,0.29535232383808097,2000,0.02335079114248113,0.10157590925975427,0.07861922697187992,0.3419935288804596,0.317503748125937,1.0
me5_large_instruct_vocalized,Trust,15,864,0.017064846416382253,0.024744217948599538,0.008052476344982764,0.1266037024943207,0.6079475283622742,0.4620606849761284,0.6714714403114135,0.0757107064127922,0.11694152923538231,0.3168415792103948,2000,0.18687847298052576,0.8129210996854629,0.28891110000555276,1.0,0.7568993281137208,1.0
me5_large_instruct_vocalized,Wisdom,36,1269,0.027586206896551724,0.04765038083965558,0.007143370830813064,0.10246376749170079,0.6343358755111694,0.3874095478516781,0.7272303182500183,0.0029610947240144014,0.0399800099950025,0.18340829585207397,2000,0.012732707313261926,0.05538725924921618,0.11460936198567383,0.4985505665457366,0.48311029670350003,1.0
miqrabert_consonantal,Hymn,136,2261,0.05673758865248227,0.04845205549802292,0.021629344227877118,0.04003748693180082,0.41073378920555115,0.32322825933045723,0.4663213580196844,0.999768853187561,0.9780109945027486,1.0,2000,1.0,1.0,1.0,1.0,1.0,1.0
miqrabert_consonantal,Lament,1711,5369,0.24166666666666667,0.3118430757543279,0.20933413175067586,0.3719905698728133,0.5906718969345093,0.5249783267544216,0.6519086877485809,5.641526151856196e-30,0.00399800099950025,0.46276861569215394,2000,5.641526151856196e-30,2.4540630978663585e-29,0.00399800099950025,0.01739129883299081,0.46276861569215394,1.0
miqrabert_consonantal,Praise,820,4469,0.15503875968992248,0.18416569048408415,0.12574018172024398,0.21581333402478517,0.5610806941986084,0.49012531290452555,0.6169713066537472,1.2809835858718088e-08,0.037481259370314844,0.7126436781609196,2000,3.442643387030486e-08,1.4975493984806617e-07,0.09952918277703253,0.43295180778971865,1.0,1.0
miqrabert_consonantal,Royal,45,1400,0.031141868512110725,0.04980232003372158,0.009698974208664082,0.03644061777046399,0.575587272644043,0.43297061798200237,0.6358595169037984,0.041981179267168045,0.14192903548225888,0.5872063968015993,2000,0.04402904167044454,0.19152627053285406,0.14885240306675931,0.6475077480136702,0.6158506112797261,1.0
miqrabert_consonantal,Thanksgiving,28,1136,0.024054982817869417,0.03658399761694893,0.007516837140493423,0.09943791506316865,0.6136820912361145,0.422881085418111,0.6959064280247522,0.019821809604763985,0.07396301849075462,0.31784107946026985,2000,0.021854815718073115,0.09506841822712515,0.07861922697187992,0.3419935288804596,0.3333455223607708,1.0
miqrabert_consonantal,Trust,15,864,0.017064846416382253,0.022751029978221367,0.0069226894913785135,0.11578965143190487,0.499691367149353,0.34681305835826914,0.5662031795620025,0.5018414855003357,0.45077461269365315,1.0,2000,0.5263215579637667,1.0,0.47276361819090457,1.0,1.0,1.0
miqrabert_consonantal,Wisdom,36,1269,0.027586206896551724,0.036957856933527634,0.006110914782188833,0.09267196152701015,0.5624288320541382,0.2925895214043169,0.6611430816686817,0.10047973692417145,0.18490754622688654,0.704647676161919,2000,0.10047973692417145,0.43708671701858026,0.18490754622688654,0.804347571025825,0.704647676161919,1.0
neodictabert_consonantal,Hymn,136,2261,0.05673758865248227,0.03884047038260548,0.015634679158281352,0.016010168241619913,0.33442386984825134,0.27183913467866755,0.3776074903597937,1.0,1.0,1.0,2000,1.0,1.0,1.0,1.0,1.0,1.0
neodictabert_consonantal,Lament,1711,5369,0.24166666666666667,0.39204192617421546,0.2730493288755246,0.46469233825547956,0.6982163190841675,0.6307827305742814,0.7539890833236923,0.0,0.0004997501249375312,0.03798100949525238,2000,0.0,0.0,0.0005510065480080473,0.00239687772377758,0.08939530234882558,0.3888694419056746
neodictabert_consonantal,Praise,820,4469,0.15503875968992248,0.19629857125043215,0.13861573600107668,0.22948053224808598,0.5587939023971558,0.48436145801608416,0.6265136481386088,4.1493258606806194e-08,0.041979010494752625,0.7061469265367316,2000,1.0495353647603919e-07,4.56547738898054e-07,0.09952918277703253,0.43295180778971865,1.0,1.0
neodictabert_consonantal,Royal,45,1400,0.031141868512110725,0.05060121866372105,0.010551728727416852,0.050922384543461666,0.6209999918937683,0.42862906047077004,0.7306510646693319,0.002832913538441062,0.04147926036981509,0.24087956021989004,2000,0.004060509405098856,0.017663210311120767,0.0594536065300683,0.2586231063956009,0.3452607029818424,1.0
neodictabert_consonantal,Thanksgiving,28,1136,0.024054982817869417,0.08082156064013582,0.008748479971068578,0.12661681467220734,0.7120535969734192,0.5032151547569026,0.8137757900162773,6.201071664690971e-05,0.004997501249375313,0.026486756621689155,2000,0.0003333076019771397,0.0014498876088366605,0.02148925537231384,0.09347823122732561,0.1353823088455772,0.5889128567321514
neodictabert_consonantal,Trust,15,864,0.017064846416382253,0.02148098264648505,0.006292858766893502,0.11572969085745116,0.5429784059524536,0.3197300801043088,0.6655130254253087,0.2840551435947418,0.29185407296351823,0.8515742128935532,2000,0.3392880881826083,1.0,0.3585635753551796,1.0,1.0,1.0
neodictabert_consonantal,Wisdom,36,1269,0.027586206896551724,0.04356802292733502,0.007489245946239021,0.0988476075108721,0.6037781238555908,0.4241671411950551,0.6688917648789792,0.016752060502767563,0.08345827086456771,0.344327836081959,2000,0.024839262124793284,0.108050755979618,0.11962352157254705,0.5203621538321126,0.49049225387306344,1.0
openai_text_embedding_3_large_cantillation,Hymn,136,2261,0.05673758865248227,0.04105219072227871,0.017081071977412914,0.01746826028276953,0.3701283931732178,0.29372774690569137,0.3985880487601375,0.9999998211860657,0.9995002498750625,1.0,2000,1.0,1.0,1.0,1.0,1.0,1.0
openai_text_embedding_3_large_cantillation,Lament,1711,5369,0.24166666666666667,0.3867152701548682,0.2705245769713131,0.4600620873639943,0.6847459673881531,0.6171520685736189,0.7446278965563703,0.0,0.0004997501249375312,0.050474762618690654,2000,0.0,0.0,0.0005510065480080473,0.00239687772377758,0.08939530234882558,0.3888694419056746
openai_text_embedding_3_large_cantillation,Praise,820,4469,0.15503875968992248,0.20765173835270864,0.14272500500115576,0.2432172438833504,0.5784575343132019,0.5068669109398345,0.642128766688406,4.234549180488073e-13,0.0069965017491254375,0.5272363818090955,2000,2.0231734973443017e-12,8.800801922685886e-12,0.033427730579154866,0.1454105819091732,1.0,1.0
openai_text_embedding_3_large_cantillation,Royal,45,1400,0.031141868512110725,0.054172037483189564,0.011625350233060674,0.07188422372197865,0.6648412942886353,0.46695953322564066,0.757045630171788,8.196379349101335e-05,0.011494252873563218,0.09195402298850575,2000,0.0006622873469799137,0.0028809490458046676,0.04711105985468803,0.2049330453829831,0.3000230653903817,1.0
openai_text_embedding_3_large_cantillation,Thanksgiving,28,1136,0.024054982817869417,0.04388767383624536,0.008549410799845137,0.108427712920007,0.658450722694397,0.48214796830440637,0.7579756975368193,0.002066766144707799,0.020989505247376312,0.10144927536231885,2000,0.0034181132393244365,0.014868787876122143,0.033427730579154866,0.1454105819091732,0.16193688869850792,0.7044252424630609
openai_text_embedding_3_large_cantillation,Trust,15,864,0.017064846416382253,0.0251714356998734,0.007397754941561589,0.1305625433533277,0.6150463223457336,0.4040333478274831,0.735458355446298,0.063144750893116,0.10744627686156921,0.25987006496751625,2000,0.18687847298052576,0.8129210996854629,0.28891110000555276,1.0,0.7568993281137208,1.0
openai_text_embedding_3_large_cantillation,Wisdom,36,1269,0.027586206896551724,0.03802936602193903,0.005634096498998117,0.09406906649335006,0.5824358463287354,0.2325603753455633,0.670764000761175,0.045635808259248734,0.12343828085957022,0.48575712143928035,2000,0.04795218940551688,0.20859195776883596,0.1294596604136956,0.5631493442231568,0.5094525907777818,1.0
openai_text_embedding_3_large_consonantal,Hymn,136,2261,0.05673758865248227,0.03956260246535497,0.017886317008988795,0.018239009587578795,0.3444012403488159,0.2692560419948584,0.38428194626035717,1.0,1.0,1.0,2000,1.0,1.0,1.0,1.0,1.0,1.0
openai_text_embedding_3_large_consonantal,Lament,1711,5369,0.24166666666666667,0.36255452747859984,0.24678051134959758,0.43234303007335284,0.6735935807228088,0.604627061074715,0.7292196023930925,0.0,0.0004997501249375312,0.07446276861569215,2000,0.0,0.0,0.0005510065480080473,0.00239687772377758,0.10408858070964518,0.4527851825073585
openai_text_embedding_3_large_consonantal,Praise,820,4469,0.15503875968992248,0.17666526348915035,0.12459082547822778,0.20072984357809864,0.5340073108673096,0.46686191166874697,0.5887329493238153,0.0009656534530222416,0.15792103948025987,0.928535732133933,2000,0.001537892536294681,0.006689830411515709,0.24252159634468481,1.0,1.0,1.0
openai_text_embedding_3_large_consonantal,Royal,45,1400,0.031141868512110725,0.05262215311507742,0.010237322409474881,0.06692745208665167,0.6445079445838928,0.47641085693116814,0.7295487631627119,0.00047652015928179026,0.02448775612193903,0.1549225387306347,2000,0.001078440360479841,0.004691214080488646,0.04711105985468803,0.2049330453829831,0.3000230653903817,1.0
openai_text_embedding_3_large_consonantal,Thanksgiving,28,1136,0.024054982817869417,0.042024559169627725,0.009650528202803224,0.10831903775502814,0.6819353699684143,0.5244509654193475,0.7691134357651288,0.0004958401550538838,0.013993003498250875,0.06496751624187906,2000,0.001122164561437737,0.0048814142943424095,0.03069893624616263,0.13354033032475088,0.1470317472842526,0.6395878978711753
openai_text_embedding_3_large_consonantal,Trust,15,864,0.017064846416382253,0.020424715260569475,0.006821686338206069,0.12301224967868649,0.5439814925193787,0.3624471405416406,0.6191540696426947,0.2795524001121521,0.30884557721139433,0.8645677161419291,2000,0.3392880881826083,1.0,0.36889888389138764,1.0,1.0,1.0
openai_text_embedding_3_large_consonantal,Wisdom,36,1269,0.027586206896551724,0.04551233408990432,0.006861526340860776,0.10294133262274123,0.6279879212379456,0.3675892310526262,0.7246240039622777,0.004370753653347492,0.04897551224387806,0.22288855572213892,2000,0.013455737294862047,0.058532438671830465,0.11460936198567383,0.4985505665457366,0.48311029670350003,1.0
openai_text_embedding_3_large_vocalized,Hymn,136,2261,0.05673758865248227,0.04034398916028174,0.017179108447368086,0.017559220554366532,0.35863229632377625,0.2898546833047881,0.39095017975528984,1.0,1.0,1.0,2000,1.0,1.0,1.0,1.0,1.0,1.0
openai_text_embedding_3_large_vocalized,Lament,1711,5369,0.24166666666666667,0.3850549910263379,0.27103770056332943,0.4605206004988842,0.6865650415420532,0.6206593442543441,0.7462109940434821,0.0,0.0004997501249375312,0.050474762618690654,2000,0.0,0.0,0.0005510065480080473,0.00239687772377758,0.08939530234882558,0.3888694419056746
openai_text_embedding_3_large_vocalized,Praise,820,4469,0.15503875968992248,0.2022302906978222,0.14022185781146523,0.23437134915440155,0.5710831880569458,0.49898152674747376,0.6357798183453707,4.5563393336056635e-11,0.017991004497751123,0.5942028985507246,2000,1.5070968565003348e-10,6.555869246889807e-10,0.05950870718486909,0.25886279416797864,1.0,1.0
openai_text_embedding_3_large_vocalized,Royal,45,1400,0.031141868512110725,0.052784990699562,0.011274480189716413,0.07044517348782091,0.6591746211051941,0.4703229897020185,0.7491587439307893,0.00013664105790667236,0.014992503748125937,0.09795102448775612,2000,0.0006622873469799137,0.0028809490458046676,0.04711105985468803,0.2049330453829831,0.3000230653903817,1.0
openai_text_embedding_3_large_vocalized,Thanksgiving,28,1136,0.024054982817869417,0.04329838881065864,0.008394717035072576,0.1042691590679613,0.6407507658004761,0.46227071213918636,0.7354550361633301,0.005426362622529268,0.03648175912043978,0.14642678660669664,2000,0.006842669206006187,0.02976560160736151,0.04666238309416721,0.20298130209362136,0.19810407296351826,0.8617524441269081
openai_text_embedding_3_large_vocalized,Trust,15,864,0.017064846416382253,0.026482188001575563,0.008085085299511264,0.12980249352684783,0.6247684955596924,0.44562705886016535,0.7434706427906265,0.04864410683512688,0.0879560219890055,0.21239380309845077,2000,0.18687847298052576,0.8129210996854629,0.28891110000555276,1.0,0.7568993281137208,1.0
openai_text_embedding_3_large_vocalized,Wisdom,36,1269,0.027586206896551724,0.03897287762279486,0.0056106837645697235,0.09548502240190057,0.5889151692390442,0.2346947565473935,0.6781656507147563,0.03426726534962654,0.11044477761119441,0.43478260869565216,2000,0.03982411919010652,0.17323486354364612,0.12177244710977846,0.5297099769548452,0.49049225387306344,1.0
qwen3_embedding_8b_cantillation,Hymn,136,2261,0.05673758865248227,0.04080327337078913,0.017526483817274566,0.01790778042225686,0.36447954177856445,0.2874478753963845,0.4057065059078437,0.9999999403953552,0.9995002498750625,1.0,2000,1.0,1.0,1.0,1.0,1.0,1.0
qwen3_embedding_8b_cantillation,Lament,1711,5369,0.24166666666666667,0.39038401642641674,0.2603992081760544,0.46337622302347253,0.6920977234840393,0.6274054914789432,0.7501153278758881,0.0,0.0004997501249375312,0.047476261869065464,2000,0.0,0.0,0.0005510065480080473,0.00239687772377758,0.08939530234882558,0.3888694419056746
qwen3_embedding_8b_cantillation,Praise,820,4469,0.15503875968992248,0.19741764018156482,0.13352225738718682,0.22716166059236795,0.5572653412818909,0.48560322545527296,0.6168047549487402,8.890958724805387e-08,0.04297851074462768,0.7241379310344828,2000,2.0121643429822718e-07,8.752912116397063e-07,0.09952918277703253,0.43295180778971865,1.0,1.0
qwen3_embedding_8b_cantillation,Royal,45,1400,0.031141868512110725,0.05727510028051215,0.012943756991927177,0.0605136164672872,0.6496984362602234,0.47861040914087577,0.7336238934976401,0.0003099933674093336,0.01899050474762619,0.1294352823588206,2000,0.000833107174912584,0.0036240150616832258,0.04711105985468803,0.2049330453829831,0.3000230653903817,1.0
qwen3_embedding_8b_cantillation,Thanksgiving,28,1136,0.024054982817869417,0.04747041813545588,0.007873083423569915,0.10415208541348978,0.6406564116477966,0.4359491200229202,0.7431189234626516,0.005452971905469894,0.03498250874562719,0.15642178910544727,2000,0.006842669206006187,0.02976560160736151,0.04666238309416721,0.20298130209362136,0.20235715475595534,0.8802533440573161
qwen3_embedding_8b_cantillation,Trust,15,864,0.017064846416382253,0.02607296717712658,0.007105320921214814,0.12444562427996862,0.5946758985519409,0.3946084896326925,0.7289508183719469,0.10417822003364563,0.14592703648175911,0.3968015992003998,2000,0.19476797658464184,0.8472404294806009,0.29617799795754296,1.0,0.7810877170110597,1.0
qwen3_embedding_8b_cantillation,Wisdom,36,1269,0.027586206896551724,0.04097990735723849,0.006591299187686592,0.09603371607794045,0.6079590320587158,0.3463687754093065,0.6836501988735001,0.013495498336851597,0.07246376811594203,0.30334832583708143,2000,0.021492830684615504,0.09349378383090608,0.11540526033279656,0.5020127232578598,0.48311029670350003,1.0
qwen3_embedding_8b_consonantal,Hymn,136,2261,0.05673758865248227,0.041481795880351856,0.018801425817632538,0.01916135465800968,0.37252679467201233,0.28103445788458026,0.41817949231894724,0.9999997019767761,0.9980009995002499,1.0,2000,1.0,1.0,1.0,1.0,1.0,1.0
qwen3_embedding_8b_consonantal,Lament,1711,5369,0.24166666666666667,0.3493205429542009,0.2298739125106399,0.42071771526012175,0.6526957750320435,0.5874235296527288,0.7090452351755235,0.0,0.0004997501249375312,0.13793103448275862,2000,0.0,0.0,0.0005510065480080473,0.00239687772377758,0.15207780725022105,0.661538251762612
qwen3_embedding_8b_consonantal,Praise,820,4469,0.15503875968992248,0.17463932125392917,0.12459343694737772,0.19758009726697637,0.5326492786407471,0.4638910004596859,0.5871823488230119,0.001456454861909151,0.16891554222888555,0.9330334832583708,2000,0.002159571002141155,0.00939413088040573,0.2435448942195569,1.0,1.0,1.0
qwen3_embedding_8b_consonantal,Royal,45,1400,0.031141868512110725,0.07326602002736002,0.009942773213407433,0.08334644662761427,0.6588095426559448,0.4861597319708457,0.7303693503415843,0.0001411380508216098,0.01899050474762619,0.11794102948525736,2000,0.0006622873469799137,0.0028809490458046676,0.04711105985468803,0.2049330453829831,0.3000230653903817,1.0
qwen3_embedding_8b_consonantal,Thanksgiving,28,1136,0.024054982817869417,0.06232636375613281,0.009904655891519197,0.10882776256868762,0.682752788066864,0.5091039914713806,0.8082287204335049,0.0004703745653387159,0.014992503748125937,0.06296851574212893,2000,0.001122164561437737,0.0048814142943424095,0.03069893624616263,0.13354033032475088,0.1470317472842526,0.6395878978711753
qwen3_embedding_8b_consonantal,Trust,15,864,0.017064846416382253,0.02717506308034177,0.006712766259622584,0.12556731672564755,0.5807098746299744,0.3598224178597681,0.6900684833526611,0.14176242053508759,0.19540229885057472,0.526736631684158,2000,0.23445323396187562,1.0,0.2981634182908546,1.0,0.8388768578673627,1.0
qwen3_embedding_8b_consonantal,Wisdom,36,1269,0.027586206896551724,0.0418433002914243,0.007033716262283908,0.09696571333464943,0.5994002223014832,0.39002068156804554,0.6715882127307347,0.020860373973846436,0.09195402298850575,0.38580709645177413,2000,0.028031127527356148,0.12193536607791315,0.12057859958909434,0.5245167418866604,0.49049225387306344,1.0
qwen3_embedding_8b_vocalized,Hymn,136,2261,0.05673758865248227,0.0414434456536224,0.018023531300146698,0.018395574635477342,0.3752276599407196,0.29200369631954426,0.4182055330288182,0.9999995231628418,0.9995002498750625,1.0,2000,1.0,1.0,1.0,1.0,1.0,1.0
qwen3_embedding_8b_vocalized,Lament,1711,5369,0.24166666666666667,0.3932009719286508,0.26196314219087,0.4674772645572193,0.6957091093063354,0.6296558662269817,0.7534966162220039,0.0,0.0004997501249375312,0.04297851074462768,2000,0.0,0.0,0.0005510065480080473,0.00239687772377758,0.08939530234882558,0.3888694419056746
qwen3_embedding_8b_vocalized,Praise,820,4469,0.15503875968992248,0.19580980720769334,0.1325713931686321,0.2252686806077415,0.5572860836982727,0.4852366044392152,0.6145487344789538,8.800598294556039e-08,0.04397801099450275,0.7296351824087957,2000,2.0121643429822718e-07,8.752912116397063e-07,0.09952918277703253,0.43295180778971865,1.0,1.0
qwen3_embedding_8b_vocalized,Royal,45,1400,0.031141868512110725,0.0576147863797543,0.01322595836879374,0.059385343664931686,0.6531587243080139,0.480390112570596,0.7353217280378128,0.00023103046987671405,0.01699150424787606,0.11894052973513243,2000,0.0006622873469799137,0.0028809490458046676,0.04711105985468803,0.2049330453829831,0.3000230653903817,1.0
qwen3_embedding_8b_vocalized,Thanksgiving,28,1136,0.024054982817869417,0.04665159251146101,0.007943751710251936,0.10064783118464023,0.6359720826148987,0.43756193015327893,0.7493137026117124,0.006929296068847179,0.037481259370314844,0.16691654172913542,2000,0.008052965701633209,0.035030389693858285,0.04666238309416721,0.20298130209362136,0.20235715475595534,0.8802533440573161
qwen3_embedding_8b_vocalized,Trust,15,864,0.017064846416382253,0.024491247425818236,0.00740360449422114,0.12548048450587182,0.596373438835144,0.4144107174440196,0.708864358044516,0.1001557782292366,0.13793103448275862,0.3803098450774613,2000,0.19476797658464184,0.8472404294806009,0.29617799795754296,1.0,0.7810877170110597,1.0
qwen3_embedding_8b_vocalized,Wisdom,36,1269,0.027586206896551724,0.03889999510183448,0.0061848271804420376,0.09500693816669359,0.5935338139533997,0.303738900065904,0.6655253973814264,0.027675939723849297,0.09795102448775612,0.4052973513243378,2000,0.03400186880358628,0.1479080823934846,0.12057859958909434,0.5245167418866604,0.49049225387306344,1.0
voyage_4_cantillation,Hymn,136,2261,0.05673758865248227,0.040022222574094615,0.01769507796669395,0.018067568187692205,0.35285335779190063,0.27827802781381744,0.39155774812025457,1.0,0.9995002498750625,1.0,2000,1.0,1.0,1.0,1.0,1.0,1.0
voyage_4_cantillation,Lament,1711,5369,0.24166666666666667,0.39316023376549447,0.26111085759072766,0.46907660567696163,0.7019245624542236,0.6321037529538189,0.7590219143446452,0.0,0.0004997501249375312,0.03298350824587706,2000,0.0,0.0,0.0005510065480080473,0.00239687772377758,0.08939530234882558,0.3888694419056746
voyage_4_cantillation,Praise,820,4469,0.15503875968992248,0.18096274095736037,0.13348823199523124,0.20398810417302898,0.5333111882209778,0.4720760723910599,0.5915170161693754,0.0011942182900384068,0.1549225387306347,0.9290354822588706,2000,0.0018339780882732678,0.00797780215420269,0.24252159634468481,1.0,1.0,1.0
voyage_4_cantillation,Royal,45,1400,0.031141868512110725,0.04805614057812468,0.010111930176087915,0.051923819285467736,0.6099523901939392,0.4333166962668643,0.7031334329206186,0.005970011930912733,0.05297351324337831,0.2993503248375812,2000,0.007659785572768134,0.03332005667564716,0.06967728257083579,0.3030960830704194,0.3978768191661745,1.0
voyage_4_cantillation,Thanksgiving,28,1136,0.024054982817869417,0.08142133978214529,0.008656051921904884,0.12042756918444049,0.6517228484153748,0.44742660085835906,0.8088590084902652,0.0030162653420120478,0.02448775612193903,0.12843578210894552,2000,0.004503520213645594,0.01959030671721078,0.03630943149115098,0.1579459769013433,0.19043926312705717,0.828410531911127
voyage_4_cantillation,Trust,15,864,0.017064846416382253,0.026272804777037837,0.007974047878610734,0.12689486292124688,0.6324845552444458,0.4510348604844741,0.7239601092686492,0.039142802357673645,0.08395802098950525,0.19090454772613694,2000,0.18687847298052576,0.8129210996854629,0.28891110000555276,1.0,0.7568993281137208,1.0
voyage_4_cantillation,Wisdom,36,1269,0.027586206896551724,0.04172317025581403,0.006750258418722574,0.09906893801344521,0.6147885322570801,0.3540394907057571,0.6724302459418079,0.009347140789031982,0.06296851574212893,0.2748625687156422,2000,0.01674696058034897,0.07284925542379118,0.11460936198567383,0.4985505665457366,0.48311029670350003,1.0
voyage_4_consonantal,Hymn,136,2261,0.05673758865248227,0.04120192064455719,0.017990101345076698,0.018361454129095504,0.3711560368537903,0.30045874016579927,0.41701776729284096,0.9999997615814209,0.9995002498750625,1.0,2000,1.0,1.0,1.0,1.0,1.0,1.0
voyage_4_consonantal,Lament,1711,5369,0.24166666666666667,0.36575851296749196,0.24322912501396324,0.4405829990723646,0.6753739714622498,0.6091913811205258,0.7333119043660212,0.0,0.0004997501249375312,0.06596701649175413,2000,0.0,0.0,0.0005510065480080473,0.00239687772377758,0.1013064896123367,0.44068309007167794
voyage_4_consonantal,Praise,820,4469,0.15503875968992248,0.19503581519157584,0.13584958836072658,0.22581900057434043,0.5484441518783569,0.48272706218840616,0.6075797427077851,5.006907485949341e-06,0.0734632683658171,0.8070964517741129,2000,9.786228267991895e-06,4.257007946665935e-05,0.14358729726046068,0.6246045450189485,1.0,1.0
voyage_4_consonantal,Royal,45,1400,0.031141868512110725,0.048487885127182856,0.009869914948195762,0.05980637745098995,0.6024285554885864,0.40911581333906427,0.7000474810208022,0.009593500755727291,0.07146426786606697,0.3493253373313343,2000,0.011786300928464959,0.0512703927808206,0.08779895766402514,0.38192534472878753,0.4291711287213536,1.0
voyage_4_consonantal,Thanksgiving,28,1136,0.024054982817869417,0.05831117444718561,0.010528428923916639,0.11197428482544912,0.6877829432487488,0.5068569525597189,0.8203840456717552,0.00033850755426101387,0.005497251374312844,0.04397801099450275,2000,0.0009399691805490019,0.0040888646387963875,0.02148925537231384,0.09347823122732561,0.1389638514076295,0.6044925619367056
voyage_4_consonantal,Trust,15,864,0.017064846416382253,0.031220139638797665,0.00764304496928649,0.11883055526072116,0.6115740537643433,0.4289862286731745,0.7177964358668687,0.06907180696725845,0.11544227886056972,0.2938530734632684,2000,0.18687847298052576,0.8129210996854629,0.28891110000555276,1.0,0.7568993281137208,1.0
voyage_4_consonantal,Wisdom,36,1269,0.027586206896551724,0.04820812920327411,0.007259939362767717,0.1042647290954295,0.6547806859016418,0.40394895280424,0.7228035241031643,0.0007597502553835511,0.022488755622188907,0.11144427786106946,2000,0.006594172795303166,0.028684642563578864,0.11460936198567383,0.4985505665457366,0.48311029670350003,1.0
voyage_4_vocalized,Hymn,136,2261,0.05673758865248227,0.03997537769330623,0.01769075889838527,0.01806163813645904,0.3518907427787781,0.28243561868600076,0.39317787620701894,1.0,1.0,1.0,2000,1.0,1.0,1.0,1.0,1.0,1.0
voyage_4_vocalized,Lament,1711,5369,0.24166666666666667,0.39340660468549904,0.26176959986254245,0.47138620411305293,0.7029110789299011,0.632131447875171,0.7611916206943216,0.0,0.0004997501249375312,0.031484257871064465,2000,0.0,0.0,0.0005510065480080473,0.00239687772377758,0.08939530234882558,0.3888694419056746
voyage_4_vocalized,Praise,820,4469,0.15503875968992248,0.1804026285599309,0.13161784895914916,0.20196710564060116,0.5312240123748779,0.4703710238552474,0.590239094421791,0.002207821002230048,0.16991504247876063,0.9400299850074962,2000,0.0031645434365297357,0.013765759583738916,0.2435448942195569,1.0,1.0,1.0
voyage_4_vocalized,Royal,45,1400,0.031141868512110725,0.05257196254089373,0.010513601981037393,0.06298531891021744,0.6266666650772095,0.44974549068455116,0.7180844014837688,0.0018892270745709538,0.03398300849575212,0.22288855572213892,2000,0.00280126773126038,0.012185510766919063,0.05218819161847647,0.22701856155207648,0.33048992745006806,1.0
voyage_4_vocalized,Thanksgiving,28,1136,0.024054982817869417,0.07549633322247418,0.009174212012336565,0.11859652127447866,0.6604313254356384,0.4419690093072433,0.8156138872778893,0.0018442710861563683,0.019490254872563718,0.1054472763618191,2000,0.0031721462681889535,0.013798831890969181,0.033427730579154866,0.1454105819091732,0.16193688869850792,0.7044252424630609
voyage_4_vocalized,Trust,15,864,0.017064846416382253,0.025543356872853133,0.007925156471338424,0.12802668890115637,0.6202160716056824,0.4475261510365863,0.7054138082906062,0.05506322905421257,0.10294852573713144,0.2478760619690155,2000,0.18687847298052576,0.8129210996854629,0.28891110000555276,1.0,0.7568993281137208,1.0
voyage_4_vocalized,Wisdom,36,1269,0.027586206896551724,0.04268294422683467,0.006922158254547023,0.09961093581445132,0.6208081841468811,0.3742424614271919,0.6832222211326839,0.006663633976131678,0.05697151424287856,0.24587706146926536,2000,0.01508085584071906,0.06560170210462292,0.11460936198567383,0.4985505665457366,0.48311029670350003,1.0
