model,scope,prevalence,point_ap,ap_ci_low,ap_ci_high,ap_ci_low_pct,ap_ci_high_pct,point_gap,gap_ci_low,gap_ci_high,gap_ci_low_pct,gap_ci_high_pct,point_auc,auc_ci_low,auc_ci_high,auc_ci_low_pct,auc_ci_high_pct,n_valid_resamples,n_valid_jackknife
alephbert_consonantal,overall,0.2850539291217257,0.33522728269421576,0.2752734156087815,0.3767038531583865,0.29146011043141606,0.3882757753692997,0.1959666840860354,0.020462813209188885,0.3135391953837671,0.029957345247561863,0.3214303824106491,0.5544899425287356,0.5157724876319775,0.586500612949264,0.5147871468924592,0.5863008713162184,1000,150
alephbert_consonantal,Antithetic,0.01694915254237288,0.024550980349006636,0.010557322503353339,0.0500395730162796,0.012807752717576004,0.06437580593642075,0.12314672475701272,-0.4978211091713567,0.5686791747699051,-0.39893182714722475,0.6361290228376683,0.5404244492337165,0.39822349762422243,0.6484748552376176,0.4213792066995619,0.6633461039124345,1000,148
alephbert_consonantal,Emblematic,0.009252669039145907,0.0347329759402988,0.01129752373694196,0.09014412171774706,0.012471340244579061,0.10105843240406596,0.4907581631518985,-0.023771536928521863,1.0845954959349937,-0.03632880488082497,1.0664974290722782,0.6044844164456233,0.4834948341075831,0.7499621237398195,0.4778269367076798,0.7463932998557521,1000,148
alephbert_consonantal,Staircase,0.0096051227321238,0.01717197376032324,0.005729656710828193,0.0629782074328015,0.0067838002430127995,0.07626503892859007,0.010257087489653038,-0.4731894340724351,0.6047404881765162,-0.4431039557710292,0.6151371618135585,0.48261228182205196,0.34714590598786466,0.6277780628739023,0.35891215189354236,0.6414244619249548,1000,146
alephbert_consonantal,Synonymous,0.15096065873741996,0.18615716711626412,0.14529489014780914,0.22939882391919203,0.1479294367966796,0.23334374234243765,0.26580218583734166,0.13200305598779627,0.424349795956216,0.11826828107882303,0.4070352047218533,0.5756276848949263,0.5374831828899465,0.6179513564005163,0.5340441951658014,0.6151769382306029,1000,149
alephbert_consonantal,Synthetic,0.1558520315342632,0.18824383189711955,0.14430932482192535,0.2247485468935716,0.15246982991544203,0.2341860633243101,0.1303564999095494,-0.10119925502776365,0.2723384059419549,-0.06326010311948135,0.3042669185212463,0.5366938369336732,0.4870437713367746,0.5730406375217898,0.49190022312955345,0.5772233128854076,1000,150
berel_consonantal,overall,0.2850539291217257,0.3557331886978836,0.29240103767854464,0.39783874669134667,0.31217615993102016,0.4082900764554439,0.3432852759004298,0.23929499310517757,0.4415565521739443,0.2333887150470265,0.43897185900147156,0.5883365046080563,0.5613687978607133,0.6155960124070077,0.5579056714613487,0.61398804557953,1000,150
berel_consonantal,Antithetic,0.01694915254237288,0.026320644977359087,0.007587639693535436,0.06429187851424227,0.011297079422917702,0.08662034867359492,0.14645897586957568,-0.19067679076758076,0.5982241967863777,-0.21898185346819463,0.5494915354779749,0.5335099377394636,0.43388143676175117,0.6452636378473885,0.4280222722008761,0.6404561941944887,1000,148
berel_consonantal,Emblematic,0.009252669039145907,0.06655607476047116,0.008363997391562131,0.16875076952169255,0.015026027395194931,0.207727361449745,0.7472474239508983,-0.019004066226991516,1.5881827912471125,-0.06263336055174097,1.5682467375655442,0.6152326480990274,0.4648872238380691,0.7721208632686185,0.46483028603486726,0.7718727740844172,1000,148
berel_consonantal,Staircase,0.0096051227321238,0.04808926812872389,0.014754063336786895,0.10980786300736257,0.016514953961406797,0.12502764144521014,0.923136243819764,0.24828689898422318,1.4628267179529895,0.2799515947106981,1.4960375277260978,0.6811010004257131,0.5011007965436922,0.8036153141908182,0.5328774593143683,0.8149174692308211,1000,146
berel_consonantal,Synonymous,0.15096065873741996,0.20514431409410278,0.15948318312066556,0.2511207077469762,0.16143627507221803,0.2557632568208634,0.42395685653651694,0.3116294384555184,0.5582097520285667,0.2896262895804863,0.534839936667459,0.620666434459538,0.5868254716293685,0.6568897956440541,0.5824299554695639,0.6526840394469755,1000,149
berel_consonantal,Synthetic,0.1558520315342632,0.19437284832076238,0.15001774444462948,0.2283119568492124,0.15956273100902096,0.23892256255065347,0.23308340431187913,0.11689614237968053,0.34803641912557526,0.11208836022051767,0.3454596788471234,0.5560882921865915,0.5242213218499682,0.5856762862006488,0.5249341780388809,0.5862907862737647,1000,150
bge_m3_cantillation,overall,0.2850539291217257,0.34039170889581183,0.27430350810894055,0.3838076220246197,0.2936925582754385,0.39301565659033516,0.21527028772049472,0.11599063738404446,0.31719573566222087,0.10961050099515138,0.3117676218417194,0.5427296908977943,0.5181422708900374,0.5661957545958074,0.5183988806272612,0.5663834151702277,1000,150
bge_m3_cantillation,Antithetic,0.01694915254237288,0.03499721842990223,0.01177097348829107,0.08467029074238745,0.014125585433484657,0.09246200506677187,0.2912526515284739,-0.07943604881389331,0.7168336804964848,-0.0812988299594554,0.7165461006059038,0.5471593630268199,0.4466457969048663,0.6373385018802015,0.4544276331832633,0.644264532866421,1000,148
bge_m3_cantillation,Emblematic,0.009252669039145907,0.07880507609787196,0.013886814451414676,0.21283790653119275,0.016974829996522056,0.23691500746137045,0.8325330409715888,0.16018790912346254,1.5452973530107508,0.1655675300253375,1.5465134669963039,0.6378343280282935,0.5091581447151229,0.7592005485917246,0.5108919673375881,0.7597255390638641,1000,148
bge_m3_cantillation,Staircase,0.0096051227321238,0.029903390724456275,0.01052394617834856,0.06200587578600239,0.013304854159971513,0.07284637333745979,0.5808696349972474,-0.1254613640783437,1.1488860876691804,-0.01779384656734785,1.2409036964126994,0.6102463814389102,0.43750812472047484,0.7385306278701711,0.4711919289215302,0.7606946801746516,1000,146
bge_m3_cantillation,Synonymous,0.15096065873741996,0.20133262890707865,0.15690444302766382,0.24357902661419858,0.1618711799171956,0.24753636104277804,0.32878042034324606,0.19670048535000254,0.4814632549435048,0.19321966051137895,0.4743470216049175,0.5799075525368629,0.5471473149296069,0.6167517558031793,0.5453323333941765,0.6153557682987721,1000,149
bge_m3_cantillation,Synthetic,0.1558520315342632,0.17943795242734434,0.13294093440999782,0.21451207193747798,0.14266427515363214,0.22175804790505274,0.04843238291106938,-0.08729574712124978,0.17986747743303197,-0.08412532291880989,0.18036904537368284,0.4981551053267141,0.46564164884498366,0.5319603835359535,0.46530852213891544,0.5311909423821838,1000,150
bge_m3_consonantal,overall,0.2850539291217257,0.3468244028627372,0.28966941852182915,0.39004208773366217,0.3030282376850314,0.39810369367903686,0.25378291922795776,0.1347276110381385,0.3912178468878772,0.12642284700020123,0.3766937915899903,0.54753255410583,0.5189414204382093,0.5782280832197855,0.5165125466094137,0.5768070092191946,1000,150
bge_m3_consonantal,Antithetic,0.01694915254237288,0.022559126430895304,0.010056651801815183,0.03836772012222945,0.012663936463668148,0.044035979300052604,0.17955377168179892,-0.3003559105070528,0.6084379900014373,-0.27059092179804434,0.6359684406284107,0.5344977250957854,0.390525452857907,0.646599754443631,0.4004632730329774,0.6551512038360161,1000,148
bge_m3_consonantal,Emblematic,0.009252669039145907,0.07900686178717417,0.010840994222023087,0.22202667082349162,0.013472953014548374,0.23315550661448578,0.6573869754412125,-0.23889491797346676,1.5335114749824423,-0.241960695810842,1.5190130894325158,0.5720048629531388,0.3783721963116818,0.7385904381640733,0.38071011944634925,0.7419979103757494,1000,148
bge_m3_consonantal,Staircase,0.0096051227321238,0.041737715072765386,0.013745069804168382,0.08115563526456925,0.01806429154556915,0.09404538047281606,0.8347146210510565,-0.13329284769145425,1.4646783471803928,0.09974804318415698,1.5734541012768406,0.6645780119199659,0.45025196180502597,0.8047075770723324,0.49583109515807855,0.8237644577262968,1000,146
bge_m3_consonantal,Synonymous,0.15096065873741996,0.20462487840542923,0.15895514572037012,0.24860030822515394,0.16301501686124029,0.254090712864389,0.323740917353088,0.16217226369592974,0.4763014310690514,0.16351905594189037,0.47776463285695,0.571145361662603,0.5308580100916639,0.6105826686531867,0.530555518891533,0.6103667658199674,1000,149
bge_m3_consonantal,Synthetic,0.1558520315342632,0.1874767292614645,0.14888744637100038,0.2235250472332703,0.15262136006637347,0.22653194457740466,0.1424111849857569,0.009309123904513116,0.2839095830295297,-0.002827534712758434,0.27379213584974804,0.5186236526678295,0.4880841343887275,0.5534438904901904,0.48459514985746566,0.5497402031115988,1000,150
bge_m3_vocalized,overall,0.2850539291217257,0.33489362160122205,0.26784762403309414,0.3775881268547189,0.28912764469637525,0.38494167707234184,0.19122596918665746,0.09181380652167553,0.2829837235969667,0.09021539115284125,0.2811504893140161,0.5373899761830796,0.5144190515149538,0.5593236904532006,0.5141082575835633,0.558978835612643,1000,150
bge_m3_vocalized,Antithetic,0.01694915254237288,0.03098106913674336,0.011591955752854509,0.08293218808066383,0.012801574792508739,0.08690333388349748,0.11506527835528513,-0.24008125300734315,0.5256787669945827,-0.2360371687875686,0.5290551870414482,0.5087404214559387,0.4117320099502663,0.6031197142473624,0.4227564887670347,0.6072819409529256,1000,148
bge_m3_vocalized,Emblematic,0.009252669039145907,0.06851254943392213,0.01390021814110213,0.1896057985771859,0.015255305881632975,0.2105860437669621,0.7032031620223698,0.02997993032833183,1.4633313384975197,-0.014894996216533644,1.4266039184923267,0.6163240495137047,0.4622976621763427,0.7638449241366143,0.4538411612601946,0.7600993745058874,1000,148
bge_m3_vocalized,Staircase,0.0096051227321238,0.036515001488883356,0.01246857841706942,0.08022823269428275,0.013380317044526038,0.08532526001420206,0.5984054191128689,-0.1623387961890443,1.2249662658643814,-0.06448553622709631,1.3527960409840796,0.6083306726266496,0.4236638531962812,0.7537423747507841,0.4582169128603438,0.7798715533554337,1000,146
bge_m3_vocalized,Synonymous,0.15096065873741996,0.19433854014215257,0.1528488783681178,0.23433367603166896,0.15647212562352023,0.23843811206975662,0.2724323667557474,0.14475297109933571,0.41932066679727026,0.1389366497317574,0.4127964562779223,0.5660592998955067,0.534083410235835,0.6007803785255962,0.5327605362789939,0.5995333330035106,1000,149
bge_m3_vocalized,Synthetic,0.1558520315342632,0.1797123071364548,0.13591113744813496,0.21486866824761652,0.14311059462508413,0.2216300425783253,0.07284716413115033,-0.0330058435575579,0.18784836755422069,-0.04144495005538449,0.1773856400713379,0.5047366273089137,0.4761003856692248,0.5328293432971686,0.4752643408658512,0.5319973043595834,1000,150
bge_multilingual_gemma2_cantillation,overall,0.2850539291217257,0.345359754551795,0.278195351797397,0.3881811860416295,0.29807626072106996,0.40107949275573485,0.35213932854574437,0.2019021614387055,0.4817741541252253,0.2033443158317872,0.48209551466219686,0.5726592432950192,0.5371532845461696,0.600318868986724,0.5388867295737262,0.6026830788855735,1000,150
bge_multilingual_gemma2_cantillation,Antithetic,0.01694915254237288,0.017969327434630818,0.008397916417964729,0.02771761351919063,0.010334176267019775,0.030090229853266714,-0.010054382964925335,-0.6512550872054398,0.4136026586714034,-0.5049447711092744,0.4962296294866004,0.51548281848659,0.38010723199151863,0.6224796494086138,0.3947383360727448,0.633799437814342,1000,148
bge_multilingual_gemma2_cantillation,Emblematic,0.009252669039145907,0.03855971587901906,0.009774003992880817,0.09554607468699279,0.012122106381817311,0.11452327497478638,0.7352861534364696,-0.24011377295117914,1.6192176472932576,-0.20447126117587283,1.7116228624625067,0.578180260831123,0.38885597184807535,0.7334435469356676,0.4112508571031304,0.7544721883060735,1000,148
bge_multilingual_gemma2_cantillation,Staircase,0.0096051227321238,0.048054292605475404,0.014598078163173465,0.10988415280131707,0.01765984917995253,0.12073554008628738,1.274203143325012,0.5893260439788114,1.8797215420215005,0.6183833323913664,1.9208690537783968,0.7158365261813537,0.5952241285896485,0.8066216187599837,0.6104641193237407,0.8138432924251746,1000,146
bge_multilingual_gemma2_cantillation,Synonymous,0.15096065873741996,0.21500746751619926,0.16738993492207072,0.25991705668698506,0.16988852085031975,0.265840922830958,0.5350724318828075,0.34956721414137404,0.7040568538652401,0.3433384697526159,0.701337200446333,0.6179213108092418,0.5746399038799711,0.6537517408981326,0.5745227335074988,0.6534333284440208,1000,149
bge_multilingual_gemma2_cantillation,Synthetic,0.1558520315342632,0.17229889383283092,0.13216654347425844,0.20690287129191096,0.1416322843476827,0.21344315786298956,0.1419756545271964,-0.01457223130827014,0.28452534608877433,-0.007395362534077597,0.28770632869251817,0.52660946095532,0.4926380634063696,0.5563068156052685,0.4947435393470223,0.5579946517897139,1000,150
bge_multilingual_gemma2_consonantal,overall,0.2850539291217257,0.32745864224844584,0.25997984477438785,0.3685057214721934,0.28733362090880404,0.3775777028755496,0.19492946043015835,0.04520165518774234,0.3341473484458043,0.03777653103622494,0.3297531549064263,0.5335962578958269,0.49899770649611924,0.5642660566367589,0.49918084903895565,0.5647670095816618,1000,150
bge_multilingual_gemma2_consonantal,Antithetic,0.01694915254237288,0.021375527237068027,0.009251250928442114,0.03626600784220112,0.011907247724611878,0.042221707440031044,0.16441959678435558,-0.39682089407184845,0.5822522279338728,-0.3303321620668009,0.6483509361283414,0.5425272389846744,0.4063357372678619,0.651215686452922,0.41721440593015685,0.657728579295913,1000,148
bge_multilingual_gemma2_consonantal,Emblematic,0.009252669039145907,0.035133955002855516,0.008497628011624441,0.10515831005547957,0.009511862310759612,0.12570458422624375,0.37832481785320715,-0.3532124379265754,1.1867268979617818,-0.34709147551668157,1.1871676671156033,0.49819020778072504,0.34882142806282446,0.6509752986960392,0.3491727851573506,0.6571110652091375,1000,148
bge_multilingual_gemma2_consonantal,Staircase,0.0096051227321238,0.06906821176731014,0.01809393132562179,0.16599079118965698,0.020893010378509838,0.17789265649929714,1.1868432579945238,0.3235420733136388,1.9766582088892117,0.3293170420345847,1.991957908928656,0.6538553639846744,0.49217573682640486,0.7675953779528257,0.5086058820006788,0.7792458550508672,1000,146
bge_multilingual_gemma2_consonantal,Synonymous,0.15096065873741996,0.182074681550911,0.1426481866415134,0.22053095233440595,0.14580964055583556,0.2270178989423168,0.22537916389477608,0.06473109969937017,0.41273118012908533,0.05354193680356218,0.4016893292034293,0.5465263264832231,0.5074085861958333,0.5861924976460774,0.5074047696060164,0.5861891991892252,1000,149
bge_multilingual_gemma2_consonantal,Synthetic,0.1558520315342632,0.17660772235346348,0.13602488496917514,0.21143802529429595,0.14385239088305593,0.21832978295084757,0.1070732705717451,-0.0758565459448083,0.2659028511450331,-0.07188172208801684,0.27241818323797334,0.5157839824008229,0.47334178760432516,0.5514424691589667,0.4774188532984597,0.5539186909481274,1000,150
bge_multilingual_gemma2_vocalized,overall,0.2850539291217257,0.3407050233033134,0.26919024000341335,0.38106450021533955,0.295949573453384,0.39391477277793707,0.32066233514604614,0.18370955306330086,0.45098047770074917,0.1790294898433397,0.4464575445931292,0.5666212009423216,0.5339480908598927,0.5938996693077312,0.5346307542303762,0.5943307200083354,1000,150
bge_multilingual_gemma2_vocalized,Antithetic,0.01694915254237288,0.01976272468099752,0.008964912259052785,0.03144010088424624,0.011381928997051212,0.034373479036885445,0.09491320519580804,-0.4980477861614008,0.5652154776091042,-0.4461724257307942,0.6167416601515766,0.5345501077586207,0.3815508859814138,0.6531183694692672,0.39814811852212173,0.6698531851745078,1000,148
bge_multilingual_gemma2_vocalized,Emblematic,0.009252669039145907,0.03529201551629478,0.009385484861206642,0.09097519588932092,0.0112857974307526,0.11549733645779625,0.5213411649345635,-0.44396145949020405,1.3498920484328503,-0.35776043260427914,1.4322649254038193,0.5396634615384616,0.3653037532666132,0.7003555863324608,0.373951716615489,0.7180440295449819,1000,148
bge_multilingual_gemma2_vocalized,Staircase,0.0096051227321238,0.05337178886375747,0.014147612511968147,0.12435882816586954,0.018298650008458026,0.13721532507602063,1.091989870545035,0.04789933805801302,1.890779173042344,0.18730072232084977,1.9520735388225958,0.6673850574712644,0.48362058482951675,0.787364737435878,0.5167824915596675,0.7996770093918255,1000,146
bge_multilingual_gemma2_vocalized,Synonymous,0.15096065873741996,0.20581895538273937,0.16033616877301068,0.24930700171322773,0.16467457775502825,0.2541009928568254,0.4750248278419763,0.3064868804542789,0.6428495059315888,0.30369907019181447,0.6392556697432151,0.6065010739579705,0.5691139320084329,0.6402107167888379,0.5684910042512235,0.6393564478576755,1000,149
bge_multilingual_gemma2_vocalized,Synthetic,0.1558520315342632,0.17320587624152384,0.13130577571448715,0.20741595351061778,0.14092284317616102,0.2142332641056422,0.14241920542396713,-0.013013702742662147,0.2867153956146244,-0.011812561038834728,0.28771456586047184,0.5272810305693457,0.489770816235101,0.5570512864441639,0.4921502315279013,0.5591339521792146,1000,150
cohere_embed_v4_cantillation,overall,0.2850539291217257,0.33153041080432316,0.26649948561979514,0.37224729713135113,0.2886689700826482,0.38210171368496354,0.2050884758202845,0.07670423470660018,0.33200188431593247,0.07538531145895427,0.3303910409244668,0.5272132585171379,0.49684106911355524,0.5561691830761989,0.497575583632701,0.556598687621466,1000,150
cohere_embed_v4_cantillation,Antithetic,0.01694915254237288,0.025207695894036725,0.010711017551442372,0.05084095536188724,0.013017820127672127,0.06058728654932184,0.24335271167313602,-0.07058493411911558,0.6223407425501271,-0.07666330855321224,0.6093946497527188,0.5380223299808429,0.45417356967943223,0.6238622640591259,0.4561339997972039,0.6298267950674479,1000,148
cohere_embed_v4_cantillation,Emblematic,0.009252669039145907,0.09284600660278026,0.014285130806038073,0.22592397302450481,0.02063385192295587,0.2616339774265742,0.9845278037539166,0.1640166647607759,1.859272971251436,0.18410195101807625,1.868664513996207,0.6027298850574713,0.47194844647438705,0.7111250081835307,0.48839294712844067,0.7252859919383556,1000,148
cohere_embed_v4_cantillation,Staircase,0.0096051227321238,0.046375491962769494,0.014019364091739588,0.12939977718549148,0.015507587918472775,0.14486377209013052,0.8360174778502543,0.2546824928559353,1.4499490492575446,0.2951735241001353,1.4633246799997144,0.6510350148999574,0.524457144237083,0.7558726393481854,0.5353251925351211,0.7612582658735487,1000,146
cohere_embed_v4_cantillation,Synonymous,0.15096065873741996,0.17656108372262944,0.13614979215578338,0.2144237806925676,0.14270079227959945,0.22184781708052104,0.165068998692327,0.0011372736383673198,0.33482367190728624,0.0013373081482565582,0.3355295862226064,0.526193689771276,0.48582328951187725,0.5662600675621121,0.4856537934874984,0.5662362735093823,1000,149
cohere_embed_v4_cantillation,Synthetic,0.1558520315342632,0.19032692286889386,0.14699507934189307,0.22504463497081814,0.1537170813753254,0.2319880468309054,0.1674862428948329,0.027953635752346297,0.3109575301787244,0.025816252082936683,0.30772354854823436,0.5168615686077195,0.4867834856622563,0.54827573682321,0.4866614596247888,0.5478288606326657,1000,150
cohere_embed_v4_consonantal,overall,0.2850539291217257,0.33408508710384993,0.2593517865270079,0.3753913925843908,0.289663069297812,0.3886484653549471,0.21453683376008953,0.10083759393147028,0.34144964938076755,0.09799736129596875,0.3347853877900505,0.5358358897690795,0.5089263794421333,0.5615089133707103,0.5098692708988678,0.5619057189092722,1000,150
cohere_embed_v4_consonantal,Antithetic,0.01694915254237288,0.023748410408827844,0.011236657608811821,0.0500828177710962,0.012630319383088099,0.05735888951716542,0.20229723049788345,-0.10648312578176686,0.7078276476529561,-0.13425194866073595,0.6651322617739309,0.5542908884099617,0.460502818727587,0.6449677743194604,0.46884364583977917,0.6511472673739286,1000,148
cohere_embed_v4_consonantal,Emblematic,0.009252669039145907,0.09128559475542779,0.012589871718316777,0.23070930763863112,0.019628198772631215,0.2571667691825321,0.7442818149919319,-0.2473005026779126,1.7651966170861086,-0.2286675185716629,1.7711505757532482,0.4990743810786914,0.32976755523877327,0.6930734358253562,0.33508678122025953,0.6949404226585225,1000,148
cohere_embed_v4_consonantal,Staircase,0.0096051227321238,0.04780268138590909,0.01616163998054993,0.10599044320499648,0.018695338338098586,0.11312626226610714,1.0042388365906585,0.31452872069719706,1.6487011353034668,0.3627055975299316,1.7014179319210818,0.6696732652192422,0.5118424899540713,0.7783161680794987,0.5410421617365149,0.7991000144298959,1000,146
cohere_embed_v4_consonantal,Synonymous,0.15096065873741996,0.18018738851016677,0.13813107017550533,0.21677567831828667,0.1435766305922798,0.2258188442882773,0.196013756953968,0.03926127769890544,0.34364991204920403,0.047202162616631446,0.3468041726579481,0.5425120457448044,0.5034451421131892,0.5766199000413736,0.5052988814847214,0.5786758807491309,1000,149
cohere_embed_v4_consonantal,Synthetic,0.1558520315342632,0.18924060526629125,0.14209582673551235,0.22507252384068213,0.15001478473169091,0.2324867631196779,0.1652393636962034,0.015003207195747385,0.30516630236532166,0.021936083757631175,0.3127925995474113,0.5225122573683975,0.4921278477169583,0.5518101052476106,0.49453795982685805,0.5544890586006938,1000,150
cohere_embed_v4_vocalized,overall,0.2850539291217257,0.32536494180059344,0.2613306129518192,0.3658221060646518,0.28136001384043224,0.37737109434907246,0.18764479076855028,0.06751404188473768,0.322069640877743,0.06054895625975602,0.3156682719968628,0.5260910155845501,0.49812396786229174,0.5553992572810657,0.49804493424857965,0.5553575736606702,1000,150
cohere_embed_v4_vocalized,Antithetic,0.01694915254237288,0.030470822508888905,0.012125754273882756,0.06575208959123961,0.014228713571212507,0.07735224494249641,0.3169166472149936,-0.07082725539636787,0.7638575668378769,-0.0723073907059315,0.7627386506375806,0.5448021431992337,0.4634308834234459,0.6354069549400229,0.46464761313482544,0.6409017278390264,1000,148
cohere_embed_v4_vocalized,Emblematic,0.009252669039145907,0.07450249475986524,0.012338796665869676,0.19951353970971766,0.016801685654869444,0.21999240343513754,0.8937250316402405,0.06226329333557322,1.8444325915311481,0.05349901756905817,1.8312740104064362,0.5763290229885057,0.44850696437393167,0.7088748366295613,0.4550128639037643,0.7137697209133453,1000,148
cohere_embed_v4_vocalized,Staircase,0.0096051227321238,0.03478118532719739,0.011501443907250202,0.08531037426932983,0.012990234013949819,0.10634386856731866,0.7367218383203767,0.11030202094555881,1.3687879253334003,0.12814306252524196,1.379260868603473,0.6254257130693912,0.49079162468947396,0.7440296785607854,0.4918349528062685,0.7453682324933898,1000,146
cohere_embed_v4_vocalized,Synonymous,0.15096065873741996,0.1709191110161976,0.13201596439378047,0.206118849398618,0.13663649977230347,0.21666539941135868,0.14473782207344604,-0.02086324663070873,0.31157293257105967,-0.020838040455761226,0.3117674853548655,0.5264897538604435,0.48372792300839074,0.5647936646660237,0.48492195046954345,0.5663542737455197,1000,149
cohere_embed_v4_vocalized,Synthetic,0.1558520315342632,0.18471675262757595,0.14201972303507646,0.218862261392805,0.14855514532873326,0.22557366703252535,0.1523349344418646,0.0030740637427367668,0.29845665571496693,0.0020938448997440055,0.29713664654417904,0.516200481349792,0.4858687342617606,0.5479133752560202,0.4850080118484452,0.5473970771441556,1000,150
f2llm_v2_14b_cantillation,overall,0.2850539291217257,0.39381793828843825,0.33821545296765954,0.43781763964530007,0.34988771140521563,0.44826678292037103,0.6502398211576788,0.44715092904414355,0.8106941577459271,0.44699258958910487,0.8092628848584785,0.6192685681371026,0.5781272537069186,0.6489067451059657,0.5793805025075995,0.6495456568754087,1000,150
f2llm_v2_14b_cantillation,Antithetic,0.01694915254237288,0.019311777178777523,0.008823555294906032,0.03316214553164306,0.009989487100184416,0.03810819308144354,-0.0348717050847307,-0.5918864782300775,0.5209326028564106,-0.5790009814177968,0.5552256276885618,0.47827616139846746,0.3609339852146987,0.5805337352499664,0.3711825235061092,0.5941910758967845,1000,148
f2llm_v2_14b_cantillation,Emblematic,0.009252669039145907,0.0434500487658895,0.012808072787433455,0.10024565743982816,0.015709607309843266,0.11601549633717176,1.3378767129039615,0.5563292043517618,2.3066001626470762,0.5103772499825688,2.187549670753079,0.6961345048629531,0.5717757933435954,0.8207682986123729,0.5634969042117653,0.8174953965314685,1000,148
f2llm_v2_14b_cantillation,Staircase,0.0096051227321238,0.02181943398984024,0.008845616331868724,0.04168937289572671,0.010054813750032301,0.04683086987959634,0.758577287499838,0.07706206060931405,1.5505567604656778,0.09998419364486151,1.5747662016423658,0.61504895700298,0.47961266964691257,0.7393751778734278,0.4959119289437307,0.7549864818727787,1000,146
f2llm_v2_14b_cantillation,Synonymous,0.15096065873741996,0.2940222050009601,0.23369816574653962,0.34404292757380417,0.24066136268049743,0.3502367150566213,1.1285600560790987,0.8944226940732477,1.3276465142422957,0.8943739962163603,1.32754204787516,0.7127568791361895,0.6686095900889312,0.7482268447306871,0.6701188189943992,0.7496553272664152,1000,149
f2llm_v2_14b_cantillation,Synthetic,0.1558520315342632,0.18148910208716035,0.14376809766251356,0.2190711184135777,0.14983836531344333,0.2221021397480849,0.2131059032527971,0.008522444653414004,0.3893696762004486,0.009197748162576092,0.392233322840472,0.5387361493134756,0.49843612992552394,0.5706555435300816,0.5010778457999215,0.5720002134357517,1000,150
f2llm_v2_14b_consonantal,overall,0.2850539291217257,0.35319731839144325,0.2901699305296155,0.395216839674533,0.3097573060051269,0.4044517602011931,0.3649333618343743,0.20818690625150177,0.5090723287869462,0.20818539805656086,0.5090651565645309,0.5767058545614581,0.5425257811247259,0.6064582096239659,0.5439664514259546,0.6075122576121236,1000,150
f2llm_v2_14b_consonantal,Antithetic,0.01694915254237288,0.020375829038117445,0.009544782485737004,0.03673184600742224,0.011121029121826142,0.04115313429117324,0.08454172459397968,-0.34257568733475097,0.465271206905397,-0.32010880182874213,0.49115537665323983,0.5144576149425287,0.40900655223861193,0.5992833361890361,0.4207538787355758,0.6133304640228066,1000,148
f2llm_v2_14b_consonantal,Emblematic,0.009252669039145907,0.05694132614840521,0.010225953774125267,0.15575860949917994,0.015013025320045477,0.17632719172744873,1.016149644701998,0.22931707766549578,2.0813191057280944,0.12419160717346993,1.9683222724081524,0.6299320291777188,0.49734214996082804,0.7811090971797563,0.48393449770794383,0.7716699577071527,1000,148
f2llm_v2_14b_consonantal,Staircase,0.0096051227321238,0.03207458101163517,0.009206320739795899,0.08106485064095897,0.011509023082107193,0.09271926236447627,0.8148698740024155,0.07510079329394319,1.59817693371723,0.12318993876741624,1.6199649377354397,0.6219934014474244,0.45902476344836124,0.729250000744244,0.49526662705961705,0.7464366903367723,1000,146
f2llm_v2_14b_consonantal,Synonymous,0.15096065873741996,0.21270166572060786,0.16966041686688224,0.2545921803927914,0.17291417645368495,0.25991009566775825,0.5178821525231797,0.358326306159587,0.6895443449408467,0.3449864701972808,0.6829217297259637,0.6240573841866945,0.5867477679036294,0.6629111348103081,0.5852668335588148,0.6605144848474961,1000,149
f2llm_v2_14b_consonantal,Synthetic,0.1558520315342632,0.1862079743293823,0.14571753804588297,0.2238544319922193,0.15088297900378508,0.22846264603331853,0.18724705446761414,0.025899334646604426,0.3491514062112596,0.022273066729428206,0.3421085274486243,0.5318464460619885,0.4948843657427046,0.5642699995712251,0.49582577555102364,0.5644217035539273,1000,150
f2llm_v2_14b_vocalized,overall,0.2850539291217257,0.3882550985325864,0.3322684698876443,0.4330248238461229,0.3425745408295903,0.4414963358246031,0.6149966737108599,0.4107577478067149,0.7633803288780489,0.4261738392512657,0.7680375012842003,0.6159293452935695,0.5743881756084267,0.644265245147432,0.5784196978760217,0.6461600304253814,1000,150
f2llm_v2_14b_vocalized,Antithetic,0.01694915254237288,0.019201079814900247,0.008763762498584652,0.03145079781679767,0.010186380918823585,0.0355102754449065,-0.00341535426625883,-0.5440340529319041,0.5065648933935497,-0.5301052441640717,0.5457723656040212,0.4905561542145594,0.3689807759208135,0.5940727841597407,0.38074708673456964,0.6095987205143697,1000,148
f2llm_v2_14b_vocalized,Emblematic,0.009252669039145907,0.034489555808429,0.009856145656451156,0.08535323550578959,0.011724316239170949,0.10022573673784965,1.041839403444794,0.2867544497962678,2.011206879736395,0.23926884777813373,1.8633702370644818,0.6542191644562334,0.5417908660004532,0.7956593207724189,0.5230107905585978,0.782521297730502,1000,148
f2llm_v2_14b_vocalized,Staircase,0.0096051227321238,0.023956902738996894,0.009459689640332893,0.04792943020602937,0.010833243984498277,0.05666649599557395,0.8292801049596203,0.11580216035023753,1.621530399476036,0.20106590666986313,1.6850828296054432,0.6254922307364836,0.49364318157652354,0.7441803653298125,0.5106449300504398,0.7599579089830032,1000,146
f2llm_v2_14b_vocalized,Synonymous,0.15096065873741996,0.2815758896809777,0.22366615885836288,0.3346448892829456,0.22776574258370325,0.3386039338218109,1.0453095455610053,0.8143862076216453,1.2372900192950358,0.8215455223628869,1.2392495748504506,0.7040737838151632,0.6593782612144825,0.7383344715349941,0.6607290613089664,0.7399008131877715,1000,149
f2llm_v2_14b_vocalized,Synthetic,0.1558520315342632,0.18448157406721255,0.14637295747366685,0.22296393286945435,0.1524198899691266,0.22789969538510652,0.22549344834175677,0.009857499058267463,0.3942188326657393,0.027264971171146745,0.3994851990643199,0.5403119968469073,0.49896775224234,0.5690347325612967,0.5032215491604975,0.5748128563838727,1000,150
gemini_embedding_2_cantillation,overall,0.2850539291217257,0.3742769283771402,0.305300887934164,0.41599647161379005,0.326475428126746,0.42600769842532565,0.537475096154387,0.36629588700872373,0.6660075596003009,0.3711529678149229,0.6682344334456154,0.6022486926581754,0.5690051601454301,0.626453057096182,0.5708894722347633,0.6270205602279519,1000,150
gemini_embedding_2_cantillation,Antithetic,0.01694915254237288,0.02150134364630567,0.010386740544946645,0.04687066359810444,0.011085484731495291,0.050486860364463274,0.17152741499473656,-0.28097524818141373,0.7592113847727177,-0.29386368433683757,0.7421318667972022,0.5377753831417624,0.44398284314105385,0.6389549183962784,0.4486142698504321,0.640442381129595,1000,148
gemini_embedding_2_cantillation,Emblematic,0.009252669039145907,0.0707747446061539,0.014892650443200452,0.18431266842588045,0.019183243961109486,0.21540317084374158,1.1522925133031736,0.3143041917148222,1.7916553169055465,0.4389240760240476,1.867670194057387,0.681421308576481,0.5316440044327129,0.7796526484824527,0.560436617274246,0.7998575108063903,1000,148
gemini_embedding_2_cantillation,Staircase,0.0096051227321238,0.03840732913586752,0.013595574738442962,0.11909014325398587,0.013070652286479177,0.11299964242662844,1.1909057070671751,0.4661776433982634,1.869438667913166,0.5064229627764082,1.9358831501210505,0.7003379097488293,0.5726544876000454,0.8049774923409606,0.5969096760628207,0.8255457785798772,1000,146
gemini_embedding_2_cantillation,Synonymous,0.15096065873741996,0.23498592423894668,0.1837500403900955,0.28293984760378377,0.1906000794672632,0.2902655768797125,0.7553278628047084,0.5655935341792264,0.9430504500105137,0.5607196384011648,0.9358071621678077,0.6518656391501219,0.6145355424946617,0.6873042131509994,0.6133370468243133,0.6861748825732547,1000,149
gemini_embedding_2_cantillation,Synthetic,0.1558520315342632,0.19685653578859674,0.15253512637567837,0.2372747374814936,0.15687499557789583,0.24314516552588106,0.2964254655381229,0.11355481205253588,0.480626104020494,0.10924522526296435,0.47554883862422725,0.5513293025180017,0.5171399554320111,0.5847077705446282,0.5171320513106027,0.5846610857134472,1000,150
gemini_embedding_2_consonantal,overall,0.2850539291217257,0.3400861078203824,0.26973592109481576,0.38175548753147287,0.2954136720384461,0.3934356818704569,0.22661793933679264,0.07303981648856887,0.34910123488128336,0.07139386851174212,0.34771499775547066,0.544577767422595,0.5110311730833643,0.5689598235983504,0.5114956599640648,0.5707760450195016,1000,150
gemini_embedding_2_consonantal,Antithetic,0.01694915254237288,0.02400963122723957,0.011162303087529277,0.04230023399264066,0.012736624101980938,0.04747675270608552,0.2631889884881402,-0.25934783747265944,0.7240597657728429,-0.21964631752830274,0.7413393855123578,0.5710683069923371,0.45163284289368505,0.6710109147249089,0.46476166832477284,0.6787546268902394,1000,148
gemini_embedding_2_consonantal,Emblematic,0.009252669039145907,0.052946542070402905,0.009771773195800902,0.15249982321542774,0.013701431739426373,0.19823896835027363,0.43917873230113535,-0.2651165048725065,1.0458464660878088,-0.19195339152044108,1.074000350458809,0.5585764809902741,0.4151971316369845,0.6979349831277691,0.42429575988856855,0.6988459062539767,1000,148
gemini_embedding_2_consonantal,Staircase,0.0096051227321238,0.041861233105046455,0.009705242074710893,0.12290702586241387,0.011990882408588739,0.14311856687878505,0.8927590124713904,0.3611548528743912,1.4525707854946368,0.37872140126773646,1.4652256007458573,0.6747685185185185,0.5658713096186326,0.7840158029220579,0.5720429594394775,0.7878630107193879,1000,146
gemini_embedding_2_consonantal,Synonymous,0.15096065873741996,0.19634554846456903,0.14799234696004704,0.24427477706858772,0.15177129909113565,0.25037669280893954,0.2822232897357597,0.094370410468027,0.48002445668551774,0.08872318180120331,0.47245348426661793,0.5633025658887728,0.5204814901153908,0.6076556825927116,0.5159820205485515,0.6055336892120043,1000,149
gemini_embedding_2_consonantal,Synthetic,0.1558520315342632,0.18094054271101634,0.14017958604792166,0.2170623055173147,0.14532867054406948,0.2258843746318347,0.12390889576002351,-0.031516739892604485,0.28018643983145713,-0.03853751274175988,0.27554352062903786,0.5165243861532269,0.4827661822892623,0.5499491936141981,0.4815269532161521,0.5492381629809756,1000,150
gemini_embedding_2_vocalized,overall,0.2850539291217257,0.3742099431781259,0.30537150569811167,0.4185674402911032,0.32463578063969756,0.4266572038515247,0.4446016139817046,0.288257421844345,0.5859377814162958,0.283367845288998,0.5834851518363239,0.5909320958889924,0.5580569769966982,0.6206768510669844,0.5578401685178339,0.6202933058161682,1000,150
gemini_embedding_2_vocalized,Antithetic,0.01694915254237288,0.024145263706546065,0.010469440348274904,0.06263147517867475,0.01169639289110921,0.06973513318506959,0.23361570659951036,-0.17133504940015928,0.7699825378117289,-0.193231205621404,0.738173163159365,0.5451239224137931,0.4409039900542674,0.6427646293366895,0.4499746789471278,0.6474566974981328,1000,148
gemini_embedding_2_vocalized,Emblematic,0.009252669039145907,0.08875213038856034,0.023181688475470134,0.26731226866908975,0.019693282157106626,0.22495713223677258,0.9926038439106792,0.2583512322442086,1.5784661294733022,0.3488647179773627,1.660773927240931,0.6685179045092838,0.5141895656187764,0.7810544583361573,0.5404487193152007,0.8006131359396705,1000,148
gemini_embedding_2_vocalized,Staircase,0.0096051227321238,0.029520115729747,0.009258845595237193,0.07150331306186607,0.010327117793067822,0.07888163375019748,0.6944627468730862,-0.14512968853384783,1.3581876663529318,-0.006158762720142304,1.4241388222562223,0.628605257556407,0.47028385815571316,0.7523175848394561,0.49621265674252757,0.7719424283763615,1000,146
gemini_embedding_2_vocalized,Synonymous,0.15096065873741996,0.23451633627251806,0.18230492755516012,0.28741793239495694,0.18561203652520503,0.29368919431973955,0.6313652586856566,0.44518976871135507,0.8201048538701083,0.44084634966902303,0.814574030238703,0.6396689597120632,0.6009518790582429,0.6825250101164282,0.597500713502636,0.679432040482487,1000,149
gemini_embedding_2_vocalized,Synthetic,0.1558520315342632,0.1995495811451236,0.1549203728461541,0.24105754542009075,0.159479043398145,0.24714934230010913,0.24359968958417633,0.06535300022277722,0.4144599572976226,0.06830468390184039,0.4156055734551532,0.5423710809964667,0.5046673517968258,0.5776208130564714,0.5047307955202545,0.5776895822348894,1000,150
gte_multilingual_base_cantillation,overall,0.2850539291217257,0.30839900376032003,0.22689938071249538,0.3543500731046082,0.2543337715172121,0.36808844471140356,0.049753154458885965,-0.05288353684393541,0.15921390192542878,-0.050491538140067176,0.16076387622415753,0.5112466992854924,0.4823479252907227,0.5400496532118477,0.48279258875762027,0.5416572299434477,1000,150
gte_multilingual_base_cantillation,Antithetic,0.01694915254237288,0.0166251599669887,0.006832475893401472,0.02913351102757274,0.00908922587264743,0.036187499580509805,-0.1672372496418221,-0.6725253125552532,0.15190781615050675,-0.5645479031826338,0.2321906997199248,0.44677173132183906,0.3333613771209279,0.5375386261144267,0.3415872281302666,0.5557095810568238,1000,148
gte_multilingual_base_cantillation,Emblematic,0.009252669039145907,0.021864553080451734,0.007687531977381587,0.07681256378103687,0.007937318778755715,0.07832148055638255,0.2575365205810385,-0.16757825843553723,0.5642204802292151,-0.13375353843213889,0.5848433327186411,0.5567805039787799,0.42435458253031744,0.6525567533146015,0.436875262879104,0.6595886398056702,1000,148
gte_multilingual_base_cantillation,Staircase,0.0096051227321238,0.009808533353686302,0.0038876639779335804,0.018678698670302994,0.0048541212790079,0.021403740130000532,-0.21238055658529467,-1.0159505747468187,0.21100826658727576,-0.8468487938185099,0.2731836264020316,0.4594508301404853,0.31325617861501204,0.5708958977675352,0.3201701070884103,0.5784692939881396,1000,146
gte_multilingual_base_cantillation,Synonymous,0.15096065873741996,0.16042623158312858,0.11294721951075777,0.19493975973306643,0.12201616528383818,0.20655706056987752,0.038050838222490446,-0.08388302404057339,0.15901338053752492,-0.07829993549982903,0.16653357823638532,0.5090560780215952,0.47388838947853146,0.5429428855748969,0.47583658701035947,0.5449282404631042,1000,149
gte_multilingual_base_cantillation,Synthetic,0.1558520315342632,0.18635456034146264,0.13459076708159268,0.22996900826708663,0.1433065635821888,0.23861279393549284,0.08454581712983147,-0.05081469524143576,0.22796146900260594,-0.04822392942532095,0.2313721100979186,0.5197948812558701,0.48267115303364483,0.5566503604513984,0.48483843699769685,0.5585117123490072,1000,150
gte_multilingual_base_consonantal,overall,0.2850539291217257,0.3153446133122161,0.24731612070162784,0.3587593513615645,0.26690814260408213,0.3655839193739583,0.03588641669778536,-0.08340060047724528,0.14393858773618676,-0.087203206209835,0.1427106309537991,0.4958446593144869,0.464929349225593,0.5222952327012597,0.46520374965144956,0.5223519017121865,1000,150
gte_multilingual_base_consonantal,Antithetic,0.01694915254237288,0.024362734739702886,0.008061051806379628,0.07850195974468617,0.008129436144149405,0.07866685716838685,-0.3270943128715902,-0.8462910886943771,0.11603218756322985,-0.8248493158411054,0.12743658312634976,0.39133590756704983,0.2554212034218021,0.5194596097639067,0.25410115146729795,0.5193855443403028,1000,148
gte_multilingual_base_consonantal,Emblematic,0.009252669039145907,0.1572985996764673,0.040701910745681025,0.32902771564404526,0.031351565423296535,0.31672415800720155,0.35915871519637993,-0.259675686397581,1.3033040240531235,-0.3757952526035482,1.1219347111992812,0.48253757736516356,0.3520437108864668,0.6804834418369122,0.3326405717106444,0.6470691548903079,1000,148
gte_multilingual_base_consonantal,Staircase,0.0096051227321238,0.016092523391386393,0.0052819854095981595,0.06899784751319595,0.00517151535932671,0.06617787823063964,-0.16680114843117982,-0.5990142588535954,0.3903632182446943,-0.6104857058222597,0.37676152308419786,0.4309147509578544,0.31218469734557763,0.5788504208572729,0.31027981871665117,0.5736687581127522,1000,146
gte_multilingual_base_consonantal,Synonymous,0.15096065873741996,0.15906361441371603,0.12051200795913555,0.19743993776145152,0.12355855365800003,0.20098225767274094,0.008522584513680077,-0.11681721689332723,0.1311943182427436,-0.11899495398658834,0.12778011547563295,0.4952223383257866,0.4591217257926435,0.5293458090586005,0.4571612577444256,0.5276584644139216,1000,149
gte_multilingual_base_consonantal,Synthetic,0.1558520315342632,0.20194669938968027,0.15570026203188658,0.23980187526517346,0.16262861208897572,0.24557328470607392,0.09043049539035088,-0.045330509623678426,0.2233245176357352,-0.0440114697212668,0.22929719194517298,0.5102873842747887,0.4766785978159111,0.5406915963495413,0.47732987366161483,0.5419857562742793,1000,150
gte_multilingual_base_vocalized,overall,0.2850539291217257,0.31190095663008,0.22899917375925552,0.3557507285690984,0.2605007253280194,0.36956945571626226,0.06162832758441793,-0.034722881823562764,0.1485077269044467,-0.02901334089577226,0.15562334744012207,0.5177885859997929,0.49161360279275756,0.5413081883248455,0.49244265599175757,0.5429558101456399,1000,150
gte_multilingual_base_vocalized,Antithetic,0.01694915254237288,0.01905182518025688,0.007785499513733136,0.04555110682661734,0.00877202673511133,0.05291087458327016,-0.3662454749049111,-0.842277506580761,0.13383860962708863,-0.8219189244635723,0.1436000177125452,0.40163284243295017,0.2767752873711584,0.5277446864864354,0.28611116975675455,0.535331454297982,1000,148
gte_multilingual_base_vocalized,Emblematic,0.009252669039145907,0.10014370950757952,0.01984378656220519,0.24828149304322655,0.016396957356257614,0.23568857482769676,0.27262426396768413,-0.17487400055420718,0.7058307592646046,-0.17500385984922673,0.7045139857398105,0.5513096816976127,0.43624611757674076,0.6477738583789755,0.44294043952861084,0.6497708629703451,1000,148
gte_multilingual_base_vocalized,Staircase,0.0096051227321238,0.010721517724226987,0.0046554686176623825,0.02105126901647043,0.005104247355042703,0.022252349896815328,0.014890882290912018,-0.5512753891479172,0.45073968699996636,-0.524071862745871,0.47797989530551244,0.5162170072371222,0.3611953039897819,0.6435643857419833,0.36702025435004276,0.6457440181903475,1000,146
gte_multilingual_base_vocalized,Synonymous,0.15096065873741996,0.16255853624292554,0.11421134063661752,0.19948313287604955,0.1224040072053241,0.20594990116823994,0.06565941982230156,-0.06269997701294308,0.1918405522499964,-0.061737014789463515,0.19248957562287985,0.5257437884593057,0.48897947446264944,0.5604595666277336,0.48873043086465723,0.5602202456347716,1000,149
gte_multilingual_base_vocalized,Synthetic,0.1558520315342632,0.18241828417388267,0.13515376968537926,0.22095157307203656,0.1422831450134501,0.22975119248521736,0.08948546481923436,-0.03203333539070435,0.20254954105402334,-0.029826654660436307,0.20988828433693327,0.5193616105371439,0.48576464824092197,0.5495068279835277,0.48714131133178495,0.5510017312590502,1000,150
harrier_oss_v1_27b_cantillation,overall,0.2850539291217257,0.38069657827612197,0.3206935904262698,0.4221441042605657,0.33520966622179144,0.4325637560842638,0.5399767810348988,0.37471648842326105,0.6640528226371112,0.3829139754434039,0.6745345211467294,0.6108145322046185,0.5722628656143341,0.6363240690876226,0.5764848338016199,0.6386967002639081,1000,150
harrier_oss_v1_27b_cantillation,Antithetic,0.01694915254237288,0.018145741753684302,0.008222297166532016,0.03538689107701007,0.009460468740208559,0.04062908043898372,-0.1184814309279445,-0.6969319890837293,0.40773321601294366,-0.6603416017020892,0.4550917956112337,0.46941600814176243,0.3320628831130969,0.5868018537399291,0.3424311438482678,0.5965440279539955,1000,148
harrier_oss_v1_27b_cantillation,Emblematic,0.009252669039145907,0.06353799599036059,0.015290808851608486,0.16302313956547196,0.01946705531769868,0.2008458913530683,1.2674243352247427,0.3900744362705171,2.0816100729313196,0.4307820711730713,2.1064382408780693,0.6970324933687002,0.5410035555325737,0.8226188282402342,0.55489242295974,0.8328269422558245,1000,148
harrier_oss_v1_27b_cantillation,Staircase,0.0096051227321238,0.039481310010044894,0.013015800682612197,0.08835557078072091,0.015112983377526465,0.09920017274055953,1.1222898710275073,0.4726673734207854,1.8363697368259235,0.5187950805230054,1.883288974844362,0.6894024052788421,0.5586042485158612,0.8008227839093067,0.5795240637451374,0.8127822954910519,1000,146
harrier_oss_v1_27b_cantillation,Synonymous,0.15096065873741996,0.25448918227560746,0.2019442162816093,0.30591107817819235,0.20511975165487253,0.309997929772703,0.8419322845103903,0.6595052873304972,1.0239011636083573,0.6478301134725702,1.0116332837902435,0.6837142981539533,0.6426241344553726,0.7240944347902477,0.6404299761767123,0.7206496647386712,1000,149
harrier_oss_v1_27b_cantillation,Synthetic,0.1558520315342632,0.1898303424151595,0.14739530512984897,0.22746204617406116,0.15502980229079827,0.23436599276020292,0.24328792911877484,0.06439106704927453,0.4006125503837742,0.06817532133993405,0.40634846624472776,0.545324659533074,0.5084980611797796,0.5772214610173794,0.5106297542751329,0.5777213793438917,1000,150
harrier_oss_v1_27b_consonantal,overall,0.2850539291217257,0.37160386354242203,0.3058450641385411,0.4194419474168619,0.3182283823296962,0.4319509788441179,0.3539418460384119,0.24838163799254726,0.46606724717569603,0.24467204645356885,0.45855492861457986,0.59025075722274,0.56363169209374,0.6182195398554673,0.5625814660314663,0.6169162161849957,1000,150
harrier_oss_v1_27b_consonantal,Antithetic,0.01694915254237288,0.023494118234542095,0.0070172584855248,0.0647984873370943,0.009325065986383252,0.08294603691706476,-0.11547782885877211,-0.5163890857918232,0.356334403119837,-0.5227588895494848,0.3509856877003475,0.4544644995210728,0.3476427764956253,0.5614319615277366,0.35140792901634227,0.5688524905134209,1000,148
harrier_oss_v1_27b_consonantal,Emblematic,0.009252669039145907,0.09315113249645547,0.011336702041646626,0.21896689178204568,0.02399982008978249,0.2969899941585542,0.8968340679669511,0.33664107642804575,1.40922641566774,0.3390903857277818,1.4408684726283572,0.6665837754199824,0.5417259102773866,0.7849178398162237,0.5421912201087358,0.7849872802313352,1000,148
harrier_oss_v1_27b_consonantal,Staircase,0.0096051227321238,0.038411312901857425,0.01325719417739706,0.0919246796692037,0.014588912002639218,0.10521050695769321,0.8198136921115629,0.2775582619976809,1.2923421614338844,0.363602074052332,1.35272318227857,0.6899744572158365,0.5554191454328627,0.7960059228211317,0.584818258549141,0.8131885245836473,1000,146
harrier_oss_v1_27b_consonantal,Synonymous,0.15096065873741996,0.21642425571217005,0.16757151045270047,0.2651033245625839,0.1712787370229668,0.26857644346940646,0.42288437096609116,0.2997695808210664,0.545366246104667,0.28677019148459043,0.5384887949182523,0.6172914489724834,0.5815831012423184,0.6508017047693253,0.5799241563880735,0.6490388165487389,1000,149
harrier_oss_v1_27b_consonantal,Synthetic,0.1558520315342632,0.2110723669495416,0.16194534004449573,0.2565528318110609,0.16861314885132625,0.26585483881049704,0.2794512953414248,0.15229120784353373,0.4238985451106701,0.14264963819194382,0.41498757514594725,0.5677904451227693,0.5361972845629573,0.6038200485657886,0.5326765470766144,0.6017006577768401,1000,150
harrier_oss_v1_27b_vocalized,overall,0.2850539291217257,0.38588190877560286,0.3252860841760242,0.4263284659612359,0.33966138137039303,0.43982732017936366,0.48325434554733115,0.3408765701670049,0.5928435053669233,0.3439349954130539,0.5977971945792389,0.6130897600186394,0.5754191470422934,0.6390311153343124,0.5786423533097523,0.6410093831183267,1000,150
harrier_oss_v1_27b_vocalized,Antithetic,0.01694915254237288,0.02083231308332795,0.009222567000513479,0.05982190244123944,0.009553312069480274,0.06366819851044313,-0.09773968041019576,-0.5616647396354583,0.42677888767655886,-0.5636418542783115,0.415998151413762,0.46891463122605365,0.3464679866039597,0.5872120895287872,0.35215760721717093,0.5909210443892261,1000,148
harrier_oss_v1_27b_vocalized,Emblematic,0.009252669039145907,0.16465778802334255,0.05640331225544031,0.333214998417879,0.04241403941803082,0.3200201515459674,1.0945546997857205,0.32376408559210507,1.7877575950798994,0.36183255689584376,1.846274908501031,0.688605216622458,0.5377284586092889,0.8005664264804687,0.5521719991674066,0.8199735122728184,1000,148
harrier_oss_v1_27b_vocalized,Staircase,0.0096051227321238,0.04095612015318807,0.013701750364086294,0.0939211947832853,0.01498649182918314,0.10645131434232355,1.0652418466876816,0.5696739071840029,1.6779290955533221,0.5780785411991219,1.6974526057442758,0.7147456364410387,0.611088441970459,0.813787979997108,0.6177282463363958,0.8233607645481811,1000,146
harrier_oss_v1_27b_vocalized,Synonymous,0.15096065873741996,0.2457554658872888,0.1950152431370004,0.29739563977438,0.19666045913929955,0.29911943523540163,0.6843406812841798,0.5130707052034128,0.8418044705692412,0.509882547259076,0.8335432665708808,0.6731749970974109,0.6316013218729567,0.7134087316388033,0.6278786865841819,0.7116887385269265,1000,149
harrier_oss_v1_27b_vocalized,Synthetic,0.1558520315342632,0.2054102966058492,0.16353196839283005,0.24604882684170462,0.1668282602784659,0.2511855953054156,0.2823642780672394,0.11957120810194838,0.42536954823468026,0.11928578581982749,0.4253305628177998,0.5595296496936357,0.5198846743984488,0.5920246319658239,0.5212761465360474,0.5929099740217584,1000,150
kalm_embedding_gemma3_12b_2511_cantillation,overall,0.2850539291217257,0.39507191256913043,0.3403496392452309,0.4394849526548392,0.34775099456591935,0.44812080414550437,0.520774425602043,0.3945527427596212,0.654659838827866,0.386065537899341,0.6370569850444704,0.6248082673190432,0.5940354667902298,0.6560875648282737,0.5896224852553764,0.6541220381884547,1000,150
kalm_embedding_gemma3_12b_2511_cantillation,Antithetic,0.01694915254237288,0.019036580550985345,0.008577058403940355,0.0405109627870259,0.009413614617926476,0.04911537767229482,-0.10772771341787724,-0.5441278892197721,0.32551113035863233,-0.5294461284857632,0.3376941290365437,0.46016672653256707,0.346467353175259,0.5673905259527501,0.347914469662571,0.5679461132445077,1000,148
kalm_embedding_gemma3_12b_2511_cantillation,Emblematic,0.009252669039145907,0.05314449840890358,0.015160058958697284,0.13427514642526756,0.01708762097497109,0.15918709576905335,0.9393656625221143,0.3919885407124116,1.6151173648283532,0.348905625356108,1.556280511253346,0.6855244252873564,0.5676591716273253,0.8115034876812156,0.5621248814123865,0.8091699521992174,1000,148
kalm_embedding_gemma3_12b_2511_cantillation,Staircase,0.0096051227321238,0.02280083484544382,0.009391466230475296,0.048048127004811536,0.010612236759250878,0.054901612945376245,0.7080474342150593,0.25998135748241685,1.2730243824498877,0.25282204557752513,1.2660282079106753,0.6636600681140911,0.5599162275404923,0.7771127929516075,0.5606488328970297,0.7781066335975269,1000,146
kalm_embedding_gemma3_12b_2511_cantillation,Synonymous,0.15096065873741996,0.27517628221012647,0.2216203165193807,0.3255888617418635,0.2251885160998475,0.32929987171294994,0.8266972910156938,0.6846786414429752,0.9923737448972224,0.6632385548084788,0.9752849051313551,0.7052232091025195,0.6695961353865568,0.7424631502780188,0.6661654063478706,0.7404946308225635,1000,149
kalm_embedding_gemma3_12b_2511_cantillation,Synthetic,0.1558520315342632,0.1995624470756586,0.1550485390870306,0.24157687426982363,0.16146988498224274,0.2452874554748619,0.25384162579799874,0.11329511106625227,0.4015016537942771,0.10697512911311349,0.39466197571636485,0.5576288491211593,0.5245201791542929,0.593438509891579,0.5230597314360137,0.5920944980563526,1000,150
kalm_embedding_gemma3_12b_2511_consonantal,overall,0.2850539291217257,0.366440478534046,0.3098998252165467,0.41238373222621943,0.31979962978592935,0.41937114871015796,0.316343949250231,0.204952739660738,0.44091502024379453,0.19439231424736458,0.4318613328010426,0.582611221134928,0.5514868403116205,0.613731094746328,0.550413414089215,0.6124202567949555,1000,150
kalm_embedding_gemma3_12b_2511_consonantal,Antithetic,0.01694915254237288,0.025065603962339138,0.010147585617406392,0.07719740983376354,0.010292421740438474,0.0780115029729448,-0.11490134140364566,-0.6725977862445658,0.3601205496703601,-0.6415327421398979,0.39573139152165354,0.4794510296934866,0.3429440338917712,0.5985350950445064,0.3489568710226661,0.6036703630103389,1000,148
kalm_embedding_gemma3_12b_2511_consonantal,Emblematic,0.009252669039145907,0.05761701101745219,0.01193332595564727,0.1597711254193823,0.015846491801344474,0.19483697885958884,0.8497040447462159,0.289799726054536,1.4173992373411906,0.2653687487397166,1.395392428871748,0.676143899204244,0.5473371421622597,0.7972555020755635,0.5458783580979065,0.7938979626427286,1000,148
kalm_embedding_gemma3_12b_2511_consonantal,Staircase,0.0096051227321238,0.03701885930552661,0.01251257223703074,0.08929557847787147,0.014524825186603514,0.10298115506534215,0.7819950466860652,0.19220177179631537,1.3604829047175886,0.23453188577147543,1.372857288122009,0.6793981481481481,0.5286548403505411,0.7912841947523434,0.5491974105691295,0.8057278218561682,1000,146
kalm_embedding_gemma3_12b_2511_consonantal,Synonymous,0.15096065873741996,0.22257641340784798,0.17637105379213458,0.2651792927087336,0.18065256030152216,0.26832842889698555,0.4511444136031477,0.3327473317671357,0.5938278653399247,0.3114533998217042,0.5837670804549998,0.6219776790897481,0.5871521687383697,0.6604899298037574,0.5835735603643979,0.6575089778668023,1000,149
kalm_embedding_gemma3_12b_2511_consonantal,Synthetic,0.1558520315342632,0.1967008476693226,0.15261211446001138,0.23811401855771647,0.15794534106152655,0.24446417664283152,0.17535873910048616,0.022853059475478284,0.32943356509337857,0.020218541751271937,0.32593094934140326,0.5445182169372512,0.5066490388215519,0.5841701068257935,0.5054406412978312,0.5840172761170762,1000,150
kalm_embedding_gemma3_12b_2511_vocalized,overall,0.2850539291217257,0.3916314292208774,0.3424601860013208,0.43536314350785416,0.34563516265168187,0.440991539237589,0.4839893868104448,0.37686971469871755,0.6391074701035794,0.3519666449147004,0.6022126909259473,0.6226404745262504,0.5955864641813097,0.6608197940140275,0.5879156637744372,0.6518187703516009,1000,150
kalm_embedding_gemma3_12b_2511_vocalized,Antithetic,0.01694915254237288,0.018806089025799423,0.008522999869339869,0.03801225946792987,0.009613848098749399,0.044197359107000345,-0.12549773000419806,-0.5824119507832968,0.3496846662892465,-0.5860392069256586,0.34186448880536835,0.46511314655172414,0.35666081660633886,0.5836538802475417,0.35466494437312795,0.5790642657244267,1000,148
kalm_embedding_gemma3_12b_2511_vocalized,Emblematic,0.009252669039145907,0.0448625816004976,0.013625351767207923,0.11181687565734919,0.015587344257971343,0.13557316620548346,0.824597542794651,0.27990556622561663,1.4205677285116989,0.2589576431187742,1.4027214457926556,0.6669153404067197,0.5379246571035827,0.7893419707880227,0.5387815405854156,0.7896100480598076,1000,148
kalm_embedding_gemma3_12b_2511_vocalized,Staircase,0.0096051227321238,0.026121535757414348,0.010254119042496904,0.056590885318522306,0.011551329096140405,0.0632153948185926,0.7383992802917168,0.28045816574337046,1.2655624252832463,0.28396906155861,1.2667118610357158,0.6707109408258833,0.5561799498594642,0.7792966015341155,0.5626368281861643,0.7886211121128636,1000,146
kalm_embedding_gemma3_12b_2511_vocalized,Synonymous,0.15096065873741996,0.26654103793394346,0.21775497871099955,0.3172594253347119,0.21954647412605488,0.3180779386938053,0.7388694692769031,0.6023595930612373,0.8946376754219489,0.5882116473424138,0.882722033493932,0.6929169569255776,0.658209816911457,0.7320187392664602,0.6543989845232483,0.7290367614682262,1000,149
kalm_embedding_gemma3_12b_2511_vocalized,Synthetic,0.1558520315342632,0.2003718671758901,0.1588917940342099,0.2415917538047384,0.16362042595595036,0.2445885784090895,0.2648548763174918,0.1300282735842393,0.4276931726794694,0.1182456551314114,0.4143655931135359,0.5649077971957601,0.531056178899765,0.6067562862681367,0.5277321098827322,0.6032733903434166,1000,150
llama_embed_nemotron_8b_cantillation,overall,0.2850539291217257,0.3448517328792122,0.28617331374936683,0.38571123669074076,0.30393555121146903,0.3971093868443281,0.28499524962010336,0.19391203062905119,0.3856246395339926,0.1908562075635091,0.3793596049810553,0.5721165669980325,0.5475516431318963,0.5967743197037296,0.5472955824083963,0.5962312617870067,1000,150
llama_embed_nemotron_8b_cantillation,Antithetic,0.01694915254237288,0.02483562566658236,0.010690219695935687,0.04842011558895117,0.012612049212686549,0.05289668832158745,0.2259365253343576,-0.16814393580567946,0.7176733863466036,-0.18558513546748825,0.6849442892380916,0.5282567049808429,0.4271126907288185,0.6209257599622643,0.4276156992428446,0.6211226024465063,1000,148
llama_embed_nemotron_8b_cantillation,Emblematic,0.009252669039145907,0.026432982706741524,0.008652265449127736,0.06725435486822652,0.009319276677955748,0.07682988472592489,0.5309844898950521,-0.15831606459301834,1.2342539255432645,-0.1622845046687325,1.2221124608431375,0.5791749557913352,0.43015832331896464,0.7142313962570402,0.43017992977644787,0.7142425209077817,1000,148
llama_embed_nemotron_8b_cantillation,Staircase,0.0096051227321238,0.049171889331917205,0.011619880226325232,0.12970769949134073,0.013483471323050538,0.1438227617064068,0.7503928817528018,-0.10287364613881783,1.63802569392786,-0.14078765845271562,1.5892185397154954,0.5614889314601959,0.3993353227645263,0.7392469041236452,0.3899370720370309,0.7327884267631103,1000,146
llama_embed_nemotron_8b_cantillation,Synonymous,0.15096065873741996,0.20071656759616363,0.15763329839018198,0.24042902846188793,0.15978936763086393,0.24327838661070522,0.404255660284497,0.29118321365846983,0.5130873736561591,0.2911493250978846,0.5130250839992709,0.6254535295483571,0.5910863931369517,0.6561169744693233,0.5921647731767103,0.6572870858669209,1000,149
llama_embed_nemotron_8b_cantillation,Synthetic,0.1558520315342632,0.1837727131816295,0.14239629511494423,0.218042105631479,0.1499304224964949,0.22332746004044934,0.1387685164919109,-0.004699462027287865,0.2701010717566379,-0.0012732051631919256,0.2752664718396122,0.5250482887204257,0.48990812831502234,0.5574228491406111,0.4905140061417577,0.5584337699067626,1000,150
llama_embed_nemotron_8b_consonantal,overall,0.2850539291217257,0.3316529458065842,0.26802188107214764,0.3705442039086419,0.28912673807999983,0.38199352351587257,0.22468376317310984,0.12374140578072199,0.3305599982223106,0.12249269488700175,0.32930624549932475,0.5524786100755928,0.5278937443776284,0.577106998770278,0.5278950486434442,0.5771294849043208,1000,150
llama_embed_nemotron_8b_consonantal,Antithetic,0.01694915254237288,0.024766312110760726,0.010879263104246003,0.04486718647880679,0.012709386790246982,0.05025461132112953,0.24167469105872047,-0.22791114375516355,0.7089180431960377,-0.20417743235846422,0.7171564326220854,0.5373638050766284,0.4276537401871386,0.6367058194754921,0.43146200971478715,0.6399114322662157,1000,148
llama_embed_nemotron_8b_consonantal,Emblematic,0.009252669039145907,0.025540477698788915,0.008717609882672374,0.06407370294887119,0.009631264128683894,0.07457307581162528,0.5514064692843557,-0.03803902447740608,1.2211830386323577,-0.07920282050401373,1.1980604994522241,0.586566091954023,0.46968003939416025,0.7211501938487435,0.4595216445060746,0.7077633896013246,1000,148
llama_embed_nemotron_8b_consonantal,Staircase,0.0096051227321238,0.045472735894510265,0.013816320072120209,0.1114166782056859,0.014559463443986145,0.11736869547544584,0.7402963587693401,-0.15265864752624392,1.6108842747849317,-0.15409530680804848,1.5890061422491593,0.5612760749255002,0.3824392185500384,0.7135401190830679,0.3862316499433534,0.72232616611233,1000,146
llama_embed_nemotron_8b_consonantal,Synonymous,0.15096065873741996,0.18675271465669535,0.14447271175171256,0.22456913191285865,0.14982055867643435,0.22957242485125745,0.29195943383569095,0.1568226062877901,0.43236385550573286,0.15510320106601552,0.4296696117432261,0.5873497910135841,0.5512453502681075,0.6241721286282881,0.5506324490679186,0.6236462943331392,1000,149
llama_embed_nemotron_8b_consonantal,Synthetic,0.1558520315342632,0.17668673692058812,0.13800360762156239,0.2084874376936215,0.14465738746364598,0.2139594113242744,0.1146966971099192,-0.018081192687174924,0.2393133654296065,-0.016948954325869885,0.24098609607657745,0.518121547810725,0.4886841536001124,0.5484435533790627,0.4886623730410868,0.5484410188199883,1000,150
llama_embed_nemotron_8b_vocalized,overall,0.2850539291217257,0.34237467499204227,0.2842913424067034,0.38333155667363145,0.3002669909797354,0.3945270566476321,0.3080096059339068,0.21418619882763057,0.41726604913505155,0.2098820406546162,0.4116656951399567,0.5740044462566014,0.5496705189517405,0.598292627719685,0.5493915658646151,0.5979533253927763,1000,150
llama_embed_nemotron_8b_vocalized,Antithetic,0.01694915254237288,0.024278738505784894,0.010432628147060882,0.04460758252062994,0.012666065916997158,0.04911088853002731,0.25191341268408307,-0.2113753038132028,0.7332891471876886,-0.21177702595556952,0.7314173359469179,0.5366828304597702,0.4265802785403912,0.6295289131350088,0.4323412406350157,0.6313278238541116,1000,148
llama_embed_nemotron_8b_vocalized,Emblematic,0.009252669039145907,0.023501730842460475,0.007812586692615593,0.05699906537835383,0.008554557281354248,0.06457558565075946,0.5264801102942738,-0.13064242779756483,1.1913965413626617,-0.13494989495175538,1.1545738592786063,0.5804321396993811,0.4372290220240577,0.7131833822798481,0.43630417615193823,0.7070479669729723,1000,148
llama_embed_nemotron_8b_vocalized,Staircase,0.0096051227321238,0.040351843188102074,0.011291696418958792,0.10050952470360351,0.0124905571245653,0.10751778116411946,0.6231590494594113,-0.3028648420261941,1.519791288567888,-0.3068475007675684,1.5098626298808684,0.5302256279267773,0.342244623918505,0.7152878084594146,0.34233234203608254,0.7153895997567195,1000,146
llama_embed_nemotron_8b_vocalized,Synonymous,0.15096065873741996,0.19971147301794628,0.15679561681975224,0.23896228845248985,0.1607332251848868,0.24152797185263822,0.412659354944787,0.2811158805968866,0.5399200042449114,0.2832447378983911,0.541113177863196,0.622331069313828,0.5849129213224372,0.6566655140184768,0.5859581285763731,0.6578497905828056,1000,149
llama_embed_nemotron_8b_vocalized,Synthetic,0.1558520315342632,0.18178047411727158,0.13988062630652548,0.21498128993026866,0.1491767365181291,0.22239125633580614,0.18486120793205374,0.04923024953506924,0.31124064189668643,0.04976237354247713,0.3119641291615147,0.532924032268885,0.5008926745453166,0.5640065753901421,0.5010474203495638,0.564255708188772,1000,150
me5_large_instruct_cantillation,overall,0.2850539291217257,0.3394329646892857,0.2764855852515141,0.38171001283840605,0.2926742827102927,0.39413103569010377,0.17926175636706493,0.0729706375745086,0.2842625568735791,0.07358654233975344,0.28571784779513776,0.5360848995547272,0.5088353127877683,0.5619359476884246,0.5101236893832215,0.5641437645253352,1000,150
me5_large_instruct_cantillation,Antithetic,0.01694915254237288,0.022007675875282108,0.009914546853779736,0.03832362508791876,0.012328390430252937,0.04977356546791625,0.21575156554472358,-0.13978149782942123,0.5384705518240382,-0.11082792682204572,0.5897246221691231,0.5533180675287356,0.4615616969365327,0.648659790176361,0.4647179490867584,0.6569322098781799,1000,148
me5_large_instruct_cantillation,Emblematic,0.009252669039145907,0.06652281919258436,0.010669071164403677,0.18736151399191175,0.015329450276811419,0.21660353571509083,0.5876848161921806,-0.4782665106516658,1.399906622961073,-0.3319833156686275,1.4941430288703725,0.5784980106100795,0.36881145207430754,0.7415505513960151,0.3907814692755884,0.7553118842012183,1000,148
me5_large_instruct_cantillation,Staircase,0.0096051227321238,0.043313921967973276,0.012935378202588247,0.09610215056445524,0.015660730212635116,0.1073773460066012,0.5102505432713225,-0.32029491431481805,1.2216904818333478,-0.28560443053030354,1.2768227206975165,0.5877234993614304,0.3934520468039034,0.7435762720519382,0.4107591056403572,0.7517615999940652,1000,146
me5_large_instruct_cantillation,Synonymous,0.15096065873741996,0.19295676180303709,0.14781005981699546,0.23394953968542384,0.15271858525340185,0.24245656401295815,0.23528384487734905,0.08908056435542434,0.3822011255415047,0.08908259370055402,0.38240417226202295,0.5537537733658423,0.5168359970225085,0.5899749829197696,0.516422540026688,0.5898845462939133,1000,149
me5_large_instruct_cantillation,Synthetic,0.1558520315342632,0.18650861641056074,0.14378940509327706,0.2246376061520794,0.14929020333700316,0.22944613270135333,0.08385681190213862,-0.06291769929482872,0.2249827513806737,-0.06834853726203126,0.22220071119980273,0.5126018885012746,0.4776741325048459,0.5457830002773515,0.4770707418061935,0.5455497239365544,1000,150
me5_large_instruct_consonantal,overall,0.2850539291217257,0.3568095295975034,0.30030570824945646,0.3971509286690721,0.31425683814598426,0.4093592740410492,0.2565758986509058,0.15140908096660236,0.3875511335391762,0.13847782928299607,0.37701491281038985,0.5573709485347417,0.5297100844687863,0.5863510660227951,0.5290461511603017,0.5853233866336737,1000,150
me5_large_instruct_consonantal,Antithetic,0.01694915254237288,0.04009320476419363,0.013737024332342931,0.12475047448118659,0.01173727786274977,0.09514214326319799,0.1324465566353179,-0.3687906521460245,0.5666611320918595,-0.32912405824080787,0.6067983687110338,0.5319609075670498,0.3955992063005648,0.6483353024584553,0.40805118459966017,0.6558841045881393,1000,148
me5_large_instruct_consonantal,Emblematic,0.009252669039145907,0.053294719032003314,0.011994829403698814,0.16253986917403082,0.013160479732087511,0.17731615043301602,0.5442514653846727,-0.18369731987630725,1.2688280355263422,-0.18937795029123497,1.2651576524338037,0.56345324933687,0.41024476678939514,0.7226205124493967,0.40633923957179774,0.7208256521002709,1000,148
me5_large_instruct_consonantal,Staircase,0.0096051227321238,0.03975545422107149,0.012479702645077135,0.08411163919533032,0.0159954150016491,0.10531038725471124,0.871926198470914,0.30218251771487453,1.4451585402484752,0.30989838737378966,1.4553959977942552,0.6922360578969774,0.5679307919322973,0.8130066055956613,0.5688402957786297,0.8136234698108822,1000,146
me5_large_instruct_consonantal,Synonymous,0.15096065873741996,0.22109217536319808,0.17734755046229836,0.2673451236796809,0.18026516642357848,0.2702841051826821,0.39060468144600646,0.2133568204345569,0.5521555595049815,0.21765784574733985,0.5629718371691215,0.593064263322884,0.5464936569873041,0.6304247408837481,0.5515418560427603,0.6336215193096724,1000,149
me5_large_instruct_consonantal,Synthetic,0.1558520315342632,0.19028896372366255,0.15202596860720802,0.22678084645696808,0.15440031154506373,0.23114329477124607,0.09221780157495896,-0.042509159970344275,0.2363838598126552,-0.052135806415300225,0.2256469350146785,0.5179779395321794,0.48895360882873834,0.5529418509145114,0.48642861691765704,0.5511418277921102,1000,150
me5_large_instruct_vocalized,overall,0.2850539291217257,0.34430870210348163,0.28320287440943837,0.388323483273273,0.29881244226701115,0.39709974510551393,0.22502232187459448,0.11504022219796267,0.3316023680501159,0.11425319307273285,0.33099252224485803,0.5480244252873563,0.5200099952597645,0.5743400625461288,0.5203367208601858,0.5750440159489386,1000,150
me5_large_instruct_vocalized,Antithetic,0.01694915254237288,0.020619330288159328,0.009535705896672424,0.04178862213030536,0.011159212911456405,0.05322114500784317,0.08439735110501573,-0.3238182120544948,0.4132468979370899,-0.2850876679004885,0.45278970386265155,0.5152209051724138,0.40755916594036373,0.6133705816478139,0.4151745558891181,0.6221708811369672,1000,148
me5_large_instruct_vocalized,Emblematic,0.009252669039145907,0.0703689225974152,0.011415706499719248,0.1966222408794943,0.016750742173845527,0.2241160679705523,0.6170568950252149,-0.29942250739223064,1.486754209727221,-0.28465526945955955,1.5020153914400114,0.5701674403183024,0.37040116239034104,0.7440542701503405,0.3784819703381946,0.7505184996301213,1000,148
me5_large_instruct_vocalized,Staircase,0.0096051227321238,0.040732568148227455,0.01145901990380983,0.11635600502204088,0.01228798527906914,0.12060586965490484,0.564679331360228,-0.21390452909725463,1.2669434665689956,-0.21694530688971858,1.2647188157852414,0.5986590038314177,0.42707591075682483,0.7421453433460402,0.43587146098535307,0.7472149037739005,1000,146
me5_large_instruct_vocalized,Synonymous,0.15096065873741996,0.19898741160735184,0.15464938158056074,0.23938738204385315,0.16021945787789418,0.24885765884658204,0.2883917403081747,0.13396919877532126,0.428497016025707,0.13672835001142436,0.44444344763583293,0.5685867293625915,0.5306976398326704,0.6043840617348254,0.5311063209683143,0.6044614545211504,1000,149
me5_large_instruct_vocalized,Synthetic,0.1558520315342632,0.18947589290754974,0.14799018772961087,0.22915907300225624,0.154123803766663,0.2350191794009923,0.13945519797241646,0.0013086336771232921,0.2947801801747771,-0.009080973889156789,0.2854390080215732,0.5275057024017175,0.49237449865361554,0.5668470733609052,0.4900280527209672,0.5644919843974959,1000,150
miqrabert_consonantal,overall,0.2850539291217257,0.3231327557846141,0.2228032970083838,0.37307120997861754,0.262704258344746,0.39021948984126736,0.06551840893233796,-0.02967068282070876,0.14339140784288065,-0.020287976804904906,0.15460472250146012,0.5291035647716682,0.497422332990568,0.5558320317658025,0.5012131192307432,0.5611804866596667,1000,150
miqrabert_consonantal,Antithetic,0.01694915254237288,0.029824914678018774,0.010023640884425002,0.07615266972803414,0.012246583704397898,0.08732600316069992,-0.00018211273118629023,-0.31549344163845683,0.3123614541652888,-0.3025078353920649,0.3457237557584452,0.5264906609195402,0.4179579455982649,0.6491958827062062,0.4170848856916759,0.6435747438914682,1000,148
miqrabert_consonantal,Emblematic,0.009252669039145907,0.027788625028753552,0.006268466876948571,0.0989682602873476,0.007296852847658826,0.11660891030603768,0.26068408644595964,-0.15119267301369305,0.5670148650610768,-0.11930602556881471,0.5953512704633653,0.5896606984969054,0.4514982284461113,0.743880415396663,0.4521048141066901,0.7442380439365072,1000,148
miqrabert_consonantal,Staircase,0.0096051227321238,0.012768410468441928,0.004810955049498965,0.04003357183002486,0.005476091136884611,0.055612781202822155,0.013590961464109319,-0.4872564505796206,0.37180467409631035,-0.4393076981224436,0.38677072937802737,0.506957747977863,0.36014056854780113,0.6293195475524956,0.3772261808145235,0.6374071559142135,1000,146
miqrabert_consonantal,Synonymous,0.15096065873741996,0.1826419131430816,0.13022262743664598,0.2296696305745006,0.13875279604224108,0.24283953055619728,0.18069971790074524,0.08535995821419463,0.28999912812739304,0.07639139378228146,0.28300134589396087,0.55661717752235,0.5243682783290085,0.5942552490805104,0.5221154118782144,0.5931645578641231,1000,149
miqrabert_consonantal,Synthetic,0.1558520315342632,0.17584449745234348,0.11931345183027392,0.21196941018559703,0.136837486185932,0.22811273369953428,-0.046414255334635945,-0.16139218759068283,0.06723394053688703,-0.15889215857773928,0.06927564015876268,0.500951099109978,0.4645737889960646,0.5382962586712848,0.465059315654761,0.539892819671703,1000,150
neodictabert_consonantal,overall,0.2850539291217257,0.32166888156001183,0.2663806399293278,0.35772607990800465,0.2833542312423188,0.36986435610789314,0.18490472941911001,0.033572105431823936,0.3487926723104031,0.02417104393972392,0.3235983112186972,0.5304312933623279,0.4983057092535962,0.565846865691167,0.4958371192042045,0.5610522410155878,1000,150
neodictabert_consonantal,Antithetic,0.01694915254237288,0.01619355704191531,0.007526076001212068,0.026277913874237706,0.009125863424627161,0.030585203005098434,-0.21521856610564583,-0.6258967704819922,0.2942217686816604,-0.6485736171427973,0.24352002996886774,0.45251885775862066,0.3455025248988794,0.5719202475704316,0.3453903814519275,0.571620252271989,1000,148
neodictabert_consonantal,Emblematic,0.009252669039145907,0.03392417904960482,0.008987726797992859,0.09614826463688286,0.010067301913271967,0.11458045855011444,0.610480566501286,-0.14527856037712872,1.42610722697096,-0.1455170691314895,1.4256811765869926,0.5380470822281167,0.41489333012511065,0.6436729212852155,0.42348688812097846,0.6461369594393898,1000,148
neodictabert_consonantal,Staircase,0.0096051227321238,0.0431247186586697,0.013519971499200308,0.09448614435843325,0.015042811408207766,0.10446223968074565,0.9912942258917958,0.29003483846463185,1.7692150912341276,0.26289551321910337,1.7507383489256978,0.6160733290762026,0.5054595981302236,0.72894957135898,0.504881517019886,0.7264039023181408,1000,146
neodictabert_consonantal,Synonymous,0.15096065873741996,0.17731050429604794,0.13773939372538438,0.21384751703888075,0.14133496768099021,0.2196637771603997,0.22464843046873656,0.05348165132000617,0.4393055792135044,0.035656229032784696,0.4072542615881325,0.5515224079879252,0.5113798755427886,0.5985612180056369,0.5091240299407067,0.5938156214542922,1000,149
neodictabert_consonantal,Synthetic,0.1558520315342632,0.17832534431728392,0.14159852642816498,0.21414841735095078,0.1467329126493884,0.22242353550062793,0.12010958933491495,-0.053052703765236645,0.31584007881254367,-0.0699439815851477,0.30852686270448487,0.51251174023883,0.47636588867150814,0.5520113949733906,0.47503047987813185,0.5480528271433232,1000,150
openai_text_embedding_3_large_cantillation,overall,0.2850539291217257,0.34190677819539517,0.26860601277039214,0.3844156394366899,0.2950017265850413,0.39602534841428383,0.29316387889989215,0.1431659067069734,0.4125782686530816,0.14638115327200035,0.4167237214227062,0.5513841966966967,0.517770532342282,0.5751900194040465,0.5209670586753299,0.5784582329909671,1000,150
openai_text_embedding_3_large_cantillation,Antithetic,0.01694915254237288,0.01854317210022694,0.008385579511503394,0.03800271796317481,0.01022428643625458,0.045181314892271264,-0.059266840256161024,-0.48227089496291836,0.3763321442875516,-0.4629756978637691,0.4063127609691932,0.4759039750957854,0.36743042469515763,0.5651093511293519,0.3804580181257296,0.5749436484187224,1000,148
openai_text_embedding_3_large_cantillation,Emblematic,0.009252669039145907,0.09576852176813345,0.014980679739288528,0.2365941753864928,0.01979439989551621,0.2603561310598719,0.9675948416623138,0.04100316111988677,1.9640283921708002,0.00014914747333964623,1.942688046755646,0.5777519893899205,0.4303533847667215,0.7196833879072397,0.4314286343175365,0.7197644690481045,1000,148
openai_text_embedding_3_large_cantillation,Staircase,0.0096051227321238,0.0365436540818033,0.01143569563303296,0.09281697796396599,0.013150347628033349,0.10856706489309767,0.9282696208416327,0.16286918392132185,1.628680205437949,0.21524698306369255,1.7053905652230243,0.6304810557684121,0.4805274579863151,0.7393079755103119,0.5033820493765261,0.757232824223573,1000,146
openai_text_embedding_3_large_cantillation,Synonymous,0.15096065873741996,0.19879222578100678,0.1510829037000478,0.2399809186180124,0.1578101803155186,0.24580686631870619,0.37641984375632476,0.20493520422562572,0.5425102392451385,0.20182412097498068,0.5417511343017689,0.5796956635318704,0.5427403974359247,0.6149249306008674,0.5424073680928742,0.6148080984546688,1000,149
openai_text_embedding_3_large_cantillation,Synthetic,0.1558520315342632,0.18682182534997865,0.14079224883742938,0.22572114777485008,0.15048652235933632,0.23301564245948825,0.17842051674290127,0.013144301602189028,0.3512597412094784,0.010206324620116941,0.351139815397455,0.5256793265575384,0.4910756452729538,0.5574543376178163,0.491134178774509,0.5575118606546277,1000,150
openai_text_embedding_3_large_consonantal,overall,0.2850539291217257,0.33197316531132604,0.2644702706968363,0.3731591435608994,0.28621492633211015,0.3840813770135883,0.24019211866284257,0.08468041606296187,0.3776546317859384,0.08411711342410057,0.37758358910743617,0.5364531557419489,0.5027297967407531,0.5624219337453821,0.5048848151052514,0.5636526596255049,1000,150
openai_text_embedding_3_large_consonantal,Antithetic,0.01694915254237288,0.026190669820939448,0.010779730779137338,0.04932675879233652,0.013546952352547999,0.06239293114864206,0.3207008376729799,-0.17758191721633684,0.8678790815665262,-0.167885832037457,0.8836772235920125,0.5534452825670498,0.43509624651595635,0.6620638017169836,0.44763690386313476,0.6738532479991749,1000,148
openai_text_embedding_3_large_consonantal,Emblematic,0.009252669039145907,0.09421858011542802,0.014002135848912994,0.22317963633459434,0.021762375913485222,0.26916359084656943,1.000466389385136,-0.0463017591400102,2.225892842061034,-0.07708959290350766,2.129393526017013,0.5722811671087533,0.3899774435170437,0.7397859389017483,0.39396956197629696,0.7437895480460024,1000,148
openai_text_embedding_3_large_consonantal,Staircase,0.0096051227321238,0.04153256204906136,0.012261586633730953,0.1132135767182309,0.013787177156442447,0.12469736480856092,0.9484223862214427,0.16592621905106994,1.7828123723497307,0.15875319087450435,1.7508743479598112,0.6074792464878672,0.4583855252027698,0.7362783571351731,0.4642742471254864,0.7385470656281251,1000,146
openai_text_embedding_3_large_consonantal,Synonymous,0.15096065873741996,0.17775503004199172,0.13519796444703922,0.2161682980108109,0.1402087046623925,0.2219966293286836,0.22158752397587983,0.03332245445134789,0.37669948913339785,0.03353705900587793,0.37681742097833903,0.5400862068965517,0.49788722285496384,0.5722586874749835,0.4979203357205173,0.5722827613019463,1000,149
openai_text_embedding_3_large_consonantal,Synthetic,0.1558520315342632,0.18684278755456663,0.14580675067697152,0.22360093488744776,0.15106171760590156,0.2293138302644267,0.17493046028676934,5.996397486307298e-06,0.35141256513778896,-0.009727018109115712,0.3451858704622323,0.5258243324835636,0.48983856637020384,0.5608374787257238,0.48881858824662555,0.5606069255009346,1000,150
openai_text_embedding_3_large_vocalized,overall,0.2850539291217257,0.3406754633789113,0.26705932071766886,0.3840019727329654,0.2946929013430605,0.393578027799554,0.2909977116122777,0.13830462053925768,0.41494263910041024,0.14962619788519563,0.4230827774326787,0.5488790514652584,0.5171724530434105,0.5744773285669155,0.5187055188651162,0.5768055735198245,1000,150
openai_text_embedding_3_large_vocalized,Antithetic,0.01694915254237288,0.019190346540891363,0.009338948263693213,0.043367677320642305,0.010248077229181194,0.05022283811807139,-0.016708453093552622,-0.5011858391850733,0.4166209374255316,-0.44345233414778723,0.4635033521779126,0.48822886733716475,0.3773445321530016,0.5685908034929453,0.39458787723037514,0.5815573189504618,1000,148
openai_text_embedding_3_large_vocalized,Emblematic,0.009252669039145907,0.0721762759113029,0.012954317872652272,0.19194387655622283,0.016879603093412035,0.2293584797919771,0.989835085329643,0.08295399470677721,1.980696570810281,0.0685098599607919,1.9655872321560242,0.5946479885057471,0.4637387465562534,0.7279335877629903,0.4634035963375634,0.7263381768507885,1000,148
openai_text_embedding_3_large_vocalized,Staircase,0.0096051227321238,0.03965919965737589,0.01089108613003214,0.1003974741420151,0.0128492521676336,0.11609236044131471,0.878074694966139,0.04297758429194161,1.5948413630467815,0.1547792346089177,1.6497692270021016,0.596237760749255,0.42422454193853937,0.7096713595192726,0.4713353246129021,0.7287375471083071,1000,146
openai_text_embedding_3_large_vocalized,Synonymous,0.15096065873741996,0.19758762096234403,0.14997452995876828,0.23955539286277844,0.1546608412589308,0.24777784422462582,0.35832262594872766,0.1820526929089835,0.5277449059129554,0.1821445787399783,0.5278570247991644,0.5733389933820968,0.5323380449385956,0.6074702050945043,0.5342574574760646,0.6087049979177116,1000,149
openai_text_embedding_3_large_vocalized,Synthetic,0.1558520315342632,0.18521960815751254,0.14081584360248353,0.22256077889366382,0.14904520834233612,0.23042374947241748,0.18870824282264897,0.022462593187442936,0.3478960746995329,0.02105265950270401,0.34607679685638804,0.5261842267096024,0.49161317751541667,0.5555926458684148,0.4928054949452522,0.5571523854158486,1000,150
qwen3_embedding_8b_cantillation,overall,0.2850539291217257,0.3551670917238924,0.2848583643239647,0.4013734509019408,0.30583799221300095,0.4114958387992988,0.3723650484749582,0.21910956242664498,0.5148915887729012,0.22255696972546626,0.5210915516941531,0.5769631161333748,0.5399090006364767,0.6049121377725002,0.5422488658551724,0.6071146175251968,1000,150
qwen3_embedding_8b_cantillation,Antithetic,0.01694915254237288,0.02588299983357018,0.0116470787204225,0.06218053443806874,0.012802544967921147,0.06846926662510083,0.26343076794592746,-0.31087333831944497,0.7603054892507144,-0.28254490989068437,0.8264258400243392,0.5661144037356322,0.43404140761587856,0.6730407851503627,0.44527171942501004,0.6848725448569979,1000,148
qwen3_embedding_8b_cantillation,Emblematic,0.009252669039145907,0.05900739225127666,0.01088337734869344,0.16689234288042432,0.012969215103833642,0.18683149231312685,0.7811612873295696,-0.07390327030732831,1.7800214753513965,-0.1215694313978232,1.7183478109805164,0.5754034040671971,0.41590720533306974,0.7323120737686994,0.41796033148121653,0.7343093720371152,1000,148
qwen3_embedding_8b_cantillation,Staircase,0.0096051227321238,0.02343252270272625,0.0076285477433664034,0.05324215209190286,0.008772895478530315,0.058425998631836305,0.46196377592642845,-0.29558063223960757,1.2467326128529603,-0.2613127256502616,1.277566474842122,0.5485046828437633,0.37919036269874357,0.688131057402884,0.39373591335426444,0.7019714845062905,1000,146
qwen3_embedding_8b_cantillation,Synonymous,0.15096065873741996,0.22416622334433922,0.1728271791859124,0.2737181416787573,0.1752376880931302,0.27982531526786225,0.5821559909448316,0.3849075035230012,0.7697004424406402,0.38259025643476463,0.7656364856064098,0.6322688087774294,0.5893211121408977,0.6700730363540917,0.5891397947250536,0.6694982637948678,1000,149
qwen3_embedding_8b_cantillation,Synthetic,0.1558520315342632,0.18366466512726215,0.1422030938089581,0.22015285231102893,0.14810352774272115,0.22714352664591358,0.1551169183025778,-0.026497728982491996,0.3128385473754247,-0.0176165630243979,0.3159744792237529,0.5262887008587146,0.4855367519460671,0.5568666366980773,0.4886395020438102,0.5598311725221068,1000,150
qwen3_embedding_8b_consonantal,overall,0.2850539291217257,0.35179925831318815,0.27723432540849013,0.3974617176955674,0.30087675857993357,0.41106334807423894,0.21948537232446594,0.13179517429551257,0.32245403418695895,0.1299653743110862,0.3181855781582569,0.5570481580718649,0.5311988369883935,0.5861397377602912,0.5303349827077941,0.5857188178291564,1000,150
qwen3_embedding_8b_consonantal,Antithetic,0.01694915254237288,0.026014782875856905,0.01036981924087836,0.05523808145512229,0.012537901802274586,0.06471035689293327,0.21223218694740167,-0.18237408032387697,0.5159858707901755,-0.13578970181424163,0.5599797317427945,0.5690777658045977,0.428767152080773,0.6666074583534831,0.4524183951285231,0.6808347322005222,1000,148
qwen3_embedding_8b_consonantal,Emblematic,0.009252669039145907,0.11942046909541369,0.02711777782514703,0.2845995210934011,0.024424599391122254,0.27238647582637987,0.5955879969226419,-0.30694615397275526,1.295708857491756,-0.17560996329033654,1.3815155472066005,0.5619612068965517,0.33216881411067645,0.729696809027177,0.3594330478828774,0.7568004549705636,1000,148
qwen3_embedding_8b_consonantal,Staircase,0.0096051227321238,0.02868061314309761,0.010399998758989046,0.06579495166789752,0.010976151656455017,0.06870161902158023,0.49850950968573526,-0.0784643038385007,1.047349584958849,-0.05577478468766973,1.0520541630605407,0.6083173690932312,0.4299954751484102,0.7446040681519435,0.45326274158161894,0.7541632603650622,1000,146
qwen3_embedding_8b_consonantal,Synonymous,0.15096065873741996,0.20240780018834434,0.15903553096773765,0.2412386924582205,0.16534581623680156,0.24715950497018194,0.2761108944665658,0.16140084129643845,0.3901384751431576,0.1668243557177672,0.39469628027212234,0.5893852316266109,0.5552793559529721,0.6235537572976121,0.5562456491226121,0.624757321513623,1000,149
qwen3_embedding_8b_consonantal,Synthetic,0.1558520315342632,0.19743640168686702,0.14830732695979917,0.23521024551547734,0.1576901869133863,0.2444934330419597,0.13194879545569907,0.015105558089375259,0.2435613086062503,0.015760030810134877,0.24386617436644564,0.5218413865781117,0.4903232983802813,0.5541972934578399,0.4902540906695046,0.5539781905415899,1000,150
qwen3_embedding_8b_vocalized,overall,0.2850539291217257,0.35437026626724605,0.2861320450434815,0.3989275893652748,0.30569455108564986,0.41231057211099464,0.33100777046493857,0.1929967258388219,0.4506701957727401,0.19978170585840965,0.45886006951905467,0.5754554662421042,0.5385165087769913,0.6042851144938468,0.5426323120077805,0.6064515594178093,1000,150
qwen3_embedding_8b_vocalized,Antithetic,0.01694915254237288,0.03231772837137813,0.011966232984111539,0.07987257194084778,0.012787455538375205,0.08877885386818482,0.278681700321165,-0.23867344719019182,0.7062738248814677,-0.18408132981228245,0.7479064626605946,0.5819264846743295,0.44533607261452846,0.6969818317200636,0.45583894578800954,0.7068138524178249,1000,148
qwen3_embedding_8b_vocalized,Emblematic,0.009252669039145907,0.09596028269487598,0.013258228139385887,0.2334395081368731,0.021792115862687242,0.2658800148242244,0.6432618227348827,-0.22533014096370735,1.5338869411981588,-0.1886275888603988,1.547262014154521,0.5582449160035367,0.35930973190459403,0.718534841289722,0.3898921200658879,0.7334928451356313,1000,148
qwen3_embedding_8b_vocalized,Staircase,0.0096051227321238,0.0200059278838554,0.006352267522002526,0.04462935075264384,0.007814738821475715,0.05234273925039679,0.2677469737766768,-0.40040290068556017,0.9419979554807955,-0.362885028154207,0.9825141242998028,0.515764687100894,0.3491061709453487,0.6588265539602921,0.3629131975496178,0.6741193981422556,1000,146
qwen3_embedding_8b_vocalized,Synonymous,0.15096065873741996,0.22219641429316297,0.16877916223545605,0.2718252657715463,0.17440016726347088,0.2778990550178364,0.5208030154850853,0.35206618749022456,0.6746061179886859,0.3543214523079167,0.6777252265635153,0.6321918901660281,0.5895407652862356,0.6688240074748205,0.5901827835578983,0.6688765132694872,1000,149
qwen3_embedding_8b_vocalized,Synthetic,0.1558520315342632,0.18530651132626724,0.14334533609483535,0.22073675949977994,0.1512709173447733,0.22767194499058768,0.1406428701409942,-0.008914035073749379,0.2764211178107633,-0.0077148345176708145,0.2781499489536315,0.5242180861174471,0.4858730543392672,0.5559174334898579,0.4878898873054703,0.5580692659336945,1000,150
voyage_4_cantillation,overall,0.2850539291217257,0.3186226609545887,0.2519664207729036,0.36167387575247134,0.2755464372513842,0.37133207297290943,0.1313110228732302,-0.01736019608876766,0.2690314121265405,-0.01752954096840459,0.26860232010438917,0.5218083385109247,0.4853925939510502,0.5545184225982053,0.4855217554778135,0.5547161378387822,1000,150
voyage_4_cantillation,Antithetic,0.01694915254237288,0.020307775547910037,0.009156213416526632,0.0395977650012192,0.011230578519854475,0.04914844832978843,-0.004654480279631612,-0.6588507703315423,0.42524197273696096,-0.513016225083534,0.4998338922266517,0.5152283884099617,0.36559525581354263,0.6198226284467995,0.3894514594399501,0.6378828874728875,1000,148
voyage_4_cantillation,Emblematic,0.009252669039145907,0.04206910250787227,0.007856036647640558,0.1282360670758919,0.009262788281776565,0.14029315542245707,0.13814165175690446,-0.6830574574908574,1.0994144316918257,-0.7629066860405156,1.0622236501569515,0.4604470601237843,0.30326559324702096,0.6684746206722605,0.2913067074263201,0.6447685268627693,1000,148
voyage_4_cantillation,Staircase,0.0096051227321238,0.0446462331972168,0.011287820971118795,0.13521125375713844,0.013271888542940693,0.15286817611844972,0.6856866688153385,0.04421439971096897,1.314963792333959,0.06215947325182741,1.3325299867043496,0.6138649425287356,0.4751625665859144,0.7192652211354228,0.4907418289504336,0.725297793642415,1000,146
voyage_4_cantillation,Synonymous,0.15096065873741996,0.1728320997836907,0.12847453597851138,0.21139889453775712,0.1336331422842895,0.22056587134578381,0.13796596687824686,-0.05601915414492985,0.3018172252759878,-0.06089610157047911,0.2996031174787127,0.5307202774875188,0.4877775538840791,0.5720436917419018,0.4853747619132604,0.5706417968740178,1000,149
voyage_4_cantillation,Synthetic,0.1558520315342632,0.17499046422944095,0.13529393233758044,0.20903416847158032,0.14209873467364378,0.21750518162761995,0.10813282847136768,-0.052996666379345525,0.2529262411166151,-0.04722766930006199,0.2603969469919486,0.5121085189409187,0.4692688189498536,0.5455072649328001,0.47301971035348966,0.5470846204047316,1000,150
voyage_4_consonantal,overall,0.2850539291217257,0.31214864539425546,0.23610633184422006,0.3549505109198944,0.267393786781744,0.36896020218994463,0.08847365574819799,-0.027202865179344043,0.19996532142117948,-0.028935620543670812,0.19675495456729902,0.5125527467122295,0.4827536794748812,0.5427411311933542,0.4820309010118697,0.5415629075299205,1000,150
voyage_4_consonantal,Antithetic,0.01694915254237288,0.018127967274983788,0.008289153580021904,0.030165467966015377,0.010377190069509223,0.03454938420024166,-0.004178576691977576,-0.361531717295018,0.3274251139346973,-0.32511515243239053,0.35413941260228415,0.5006585249042146,0.3924065713967645,0.6087813259898829,0.40145160900860627,0.6143037706447472,1000,148
voyage_4_consonantal,Emblematic,0.009252669039145907,0.03684917148530558,0.009294583427436168,0.1027912875019147,0.010472130827066613,0.11785735317206784,0.30043770906735445,-0.5001389309296922,1.1259419555108445,-0.4885382200639249,1.1371173413327207,0.5057609416445623,0.3147235733012303,0.703652552630696,0.3184958864693828,0.7049076230766971,1000,148
voyage_4_consonantal,Staircase,0.0096051227321238,0.04807374100126441,0.01255971514879486,0.13025751995018006,0.015558318544329446,0.15228115459535252,0.8372701074273873,0.21386813339982264,1.4298302101105458,0.2541774456397198,1.4549941644331055,0.6545205406555982,0.4909762334075349,0.7833126803492381,0.5017607261551275,0.787340219032655,1000,146
voyage_4_consonantal,Synonymous,0.15096065873741996,0.16334734534594586,0.12202022643544139,0.19910505505798926,0.12837584256725149,0.20710147473586665,0.04026197334680354,-0.11612563419289525,0.17454675363072852,-0.1041317241975664,0.1863247866840608,0.503417073029142,0.4595768040328619,0.5413367444642577,0.46224673353632234,0.5430278093963813,1000,149
voyage_4_consonantal,Synthetic,0.1558520315342632,0.17371714740696376,0.1309099494778138,0.20843967830095858,0.13875463513415368,0.21713859888114379,0.09349995995866855,-0.02441089591022712,0.21577301923149192,-0.027497629238276915,0.2137927908367374,0.5153475669752672,0.48396899057772785,0.5479199783478114,0.4839738760434193,0.547931460639168,1000,150
voyage_4_vocalized,overall,0.2850539291217257,0.3157773226189128,0.2543203722010146,0.3580498206517785,0.27434026941747275,0.36693297665252994,0.12553407585816617,-0.01863197111987178,0.27075003774420586,-0.02385664980186769,0.26381261299305336,0.5212067671119395,0.4839905667006861,0.5557482081078973,0.48325412367794823,0.5554488603309771,1000,150
voyage_4_vocalized,Antithetic,0.01694915254237288,0.020316464905575118,0.009189401133339544,0.036710899186470726,0.011109767164349377,0.0412863586256448,0.04017018211352885,-0.6783335306681293,0.5127024379343491,-0.5313937545461563,0.5866142909760224,0.5336147030651341,0.37152401596541607,0.6489862049273966,0.3979121396870156,0.6670317335834609,1000,148
voyage_4_vocalized,Emblematic,0.009252669039145907,0.038946718899911394,0.007351735831456348,0.11966372164542119,0.008868888796360148,0.13245911572948568,0.1969498396907599,-0.6041591031298884,1.1352601400618738,-0.6712854078319284,1.06832472937805,0.47049071618037136,0.31700884305553445,0.6731798494496839,0.29827834988152907,0.6505307741388224,1000,148
voyage_4_vocalized,Staircase,0.0096051227321238,0.06617846675213161,0.011149922034348864,0.18057315489889358,0.013728306603207157,0.20834709800590576,0.743446964514332,0.12241359670248193,1.3854139399099847,0.13339692604022949,1.409293214522272,0.6152751170710941,0.47763931646065555,0.7199500158854613,0.4975376991756349,0.7291205796109073,1000,146
voyage_4_vocalized,Synonymous,0.15096065873741996,0.16855724806959785,0.12468116425384919,0.20530528545509202,0.13143115320853538,0.21489360687655348,0.11736774743446254,-0.07848945007365571,0.28608193691200207,-0.08142124513102914,0.27832077495960544,0.5262865726227796,0.4804166524471884,0.5700929360989258,0.4759668979874519,0.5673717072564947,1000,149
voyage_4_vocalized,Synthetic,0.1558520315342632,0.1726528123329575,0.1344907663509367,0.20463985745571708,0.14075406061288517,0.21322474417735146,0.10529933192064161,-0.04896073188745229,0.24987736825683052,-0.04895805276638998,0.2513817018714397,0.5127800885549443,0.4738949738621247,0.548237264437751,0.47446792369305624,0.5485451682977232,1000,150
