model,n_true,n_baseline,prevalence,average_precision,true_effect_size,baseline_effect_size,gap,separation_auc,separation_p
homograph_log_count,1110,2784,0.2850539291217257,0.344387131839122,0.7332470123077631,0.3571501928932802,0.3760968194144829,0.5607553124427795,3.684219596067351e-11
homograph_count,1110,2784,0.2850539291217257,0.3441843556705556,0.7204753487428782,0.3498601713413927,0.3706151774014855,0.5611588358879089,2.757904668526656e-11
word_consonantal_log_count,1110,2784,0.2850539291217257,0.3439975158024724,0.77254411552913,0.37000270715924083,0.4025414083698892,0.558447539806366,5.553741841413107e-11
word_consonantal_binary,1110,2784,0.2850539291217257,0.34390940073311405,0.791871040020383,0.37701407701329015,0.41485696300709285,0.5599919557571411,1.7690534800940405e-11
word_consonantal_count,1110,2784,0.2850539291217257,0.3433426764333871,0.7570030885853036,0.3634878872662541,0.39351520131904955,0.5585854053497314,5.0216747427000996e-11
homograph_binary,1110,2784,0.2850539291217257,0.3428615658244038,0.7462048597297085,0.3649737334111602,0.3812311263185483,0.5613254904747009,2.4323263889125535e-11
word_consonantal_tf_icf,1110,2784,0.2850539291217257,0.342646235626039,1.239165909491155,0.5458241065585306,0.6933418029326243,0.5616694688796997,5.051078912771123e-12
word_consonantal_icf,1110,2784,0.2850539291217257,0.34256687886622367,1.238346514159728,0.5501712047511473,0.6881753094085807,0.5625917315483093,2.4784020322132783e-12
word_consonantal_icf_position_mean,1110,2784,0.2850539291217257,0.34246570993496706,1.566544255225575,0.7552863072790208,0.8112579479465543,0.5625919103622437,2.478085662019347e-12
lexeme_log_count,1110,2784,0.2850539291217257,0.3424556828696641,0.7347779319923522,0.3603426667726352,0.374435265219717,0.5607925057411194,3.1607907263753177e-11
lexeme_binary,1110,2784,0.2850539291217257,0.342186695322478,0.7519904924540944,0.3679927845394128,0.3839977079146816,0.5618016719818115,1.5122814459034295e-11
lexeme_count,1110,2784,0.2850539291217257,0.34196016217576286,0.7201352525161885,0.3531002380125003,0.3670350145036882,0.5609573721885681,2.8059053344686724e-11
word_consonantal_icf_position2,1110,2784,0.2850539291217257,0.3414304987136474,1.7811760161920462,0.9168313042603232,0.864344711931723,0.5624247789382935,1.9209980828271966e-12
word_consonantal_icf_position8,1110,2784,0.2850539291217257,0.34137670234844897,2.5707671628237905,1.2797041767239594,1.291062986099831,0.5547664761543274,4.397007757894755e-11
word_consonantal_icf_position4,1110,2784,0.2850539291217257,0.34111823282475484,2.2471339848801763,1.188745372080601,1.0583886127995754,0.5624644160270691,7.201182467171663e-13
lexeme_tf_icf,1110,2784,0.2850539291217257,0.3374583446364671,1.0223121493895317,0.506204168699388,0.5161079806901437,0.5617097616195679,1.6450641196485982e-11
lexeme_icf,1110,2784,0.2850539291217257,0.3371031595935535,1.0204719164222014,0.5084238814459444,0.512048034976257,0.562497079372406,9.237741648016051e-12
lexeme_icf_position_mean,1110,2784,0.2850539291217257,0.337026602403088,1.3405615907833828,0.7291358888365349,0.6114257019468479,0.5624791383743286,9.360867983532195e-12
word_cantillation_binary,1110,2784,0.2850539291217257,0.3370098391880242,0.8268517203443114,0.27776644525231897,0.5490852750919925,0.5358130931854248,6.111422479193607e-09
word_cantillation_log_count,1110,2784,0.2850539291217257,0.33697521002540304,0.8174851378555689,0.2778077467643308,0.539677391091238,0.5357434749603271,6.521718720620129e-09
lexeme_icf_position2,1110,2784,0.2850539291217257,0.336358847452234,1.5717672571578871,0.9133850024449391,0.658382254712948,0.5618186593055725,1.1006870762053644e-11
lexeme_icf_position8,1110,2784,0.2850539291217257,0.33623628696767194,2.4987387880998613,1.4519901977913454,1.0467485903085159,0.5539681315422058,3.0147231933064234e-10
word_cantillation_count,1110,2784,0.2850539291217257,0.33599437189857806,0.8099874692122698,0.2768708826668775,0.5331165865453924,0.5355728268623352,7.641973276406588e-09
homograph_tf_icf,1110,2784,0.2850539291217257,0.3359715037036566,0.9666016719104384,0.4860604416109827,0.4805412302994557,0.5598893761634827,6.874333741135885e-11
lexeme_icf_position4,1110,2784,0.2850539291217257,0.3357916155276368,2.0925396994417214,1.2580643096344548,0.8344753898072665,0.562220573425293,3.7534966454422225e-12
homograph_icf_position8,1110,2784,0.2850539291217257,0.3351525775634623,2.438780488074553,1.4451341542333735,0.9936463338411796,0.5534966588020325,4.826772315169592e-10
homograph_icf_position_mean,1110,2784,0.2850539291217257,0.3349094000240161,1.2727080871246217,0.7094049119127188,0.5633031752119027,0.5605255365371704,4.3828843332427425e-11
homograph_icf,1110,2784,0.2850539291217257,0.3348950694850952,0.9606039298232092,0.4891774023838903,0.4714265274393189,0.5605443120002747,4.324766239571787e-11
homograph_icf_position4,1110,2784,0.2850539291217257,0.3348013805542017,2.0246693541644856,1.2404366766676655,0.78423267749682,0.5613086819648743,8.634724879552635e-12
word_vocalized_log_count,1110,2784,0.2850539291217257,0.33469415845481465,0.8652470716946892,0.39469575945865526,0.4705513122360339,0.5405676960945129,2.128475173890365e-08
word_vocalized_binary,1110,2784,0.2850539291217257,0.3345767109409651,0.8671665792154434,0.3936038762279953,0.47356270298744807,0.5405646562576294,2.132689758127526e-08
homograph_icf_position2,1110,2784,0.2850539291217257,0.3344366096333294,1.501064278941731,0.8939364732678634,0.6071278056738676,0.5601652264595032,4.1783593945909914e-11
word_vocalized_count,1110,2784,0.2850539291217257,0.3340622341016998,0.8611778691461933,0.39393754223438976,0.46724032691180356,0.5403874516487122,2.4416811683636297e-08
word_cantillation_tf_icf,1110,2784,0.2850539291217257,0.3334905721866414,1.2411707082995291,0.24380000151122208,0.9973707067883071,0.5353004932403564,9.835038561334386e-09
word_cantillation_icf_position2,1110,2784,0.2850539291217257,0.3331260033936341,1.738581548744299,0.4182689682834629,1.3203125804608362,0.5356027483940125,5.357613908074654e-09
word_cantillation_icf,1110,2784,0.2850539291217257,0.3328263460964288,1.2400634668894408,0.2400049735809151,1.0000584933085257,0.535236120223999,1.0434699326822283e-08
word_cantillation_icf_position_mean,1110,2784,0.2850539291217257,0.33282052695246633,1.5209031254635264,0.3349077230841404,1.185995402379386,0.5352441668510437,1.0357449120590445e-08
word_vocalized_icf_position_mean,1110,2784,0.2850539291217257,0.3314926557306106,1.5878015241211514,0.6840659406945484,0.903735583426603,0.5405078530311584,2.231879392411429e-08
word_vocalized_tf_icf,1110,2784,0.2850539291217257,0.3314444876444719,1.3000505868023362,0.5292915346737693,0.7707590521285669,0.5405415296554565,2.175328361886386e-08
word_vocalized_icf,1110,2784,0.2850539291217257,0.3310448159922647,1.293806987402376,0.5250297600741732,0.7687772273282029,0.5404936075210571,2.2562302248729793e-08
word_cantillation_icf_position8,1110,2784,0.2850539291217257,0.330874130695591,2.59025647558174,0.6172360016522452,1.9730204739294948,0.533236563205719,4.245268581115624e-09
word_vocalized_icf_position2,1110,2784,0.2850539291217257,0.33038839083364646,1.774483435022104,0.8010471169264156,0.9734363180956883,0.5405008792877197,1.7111110750533953e-08
word_vocalized_icf_position8,1110,2784,0.2850539291217257,0.3302582995426266,2.435118923001864,1.0458376872491215,1.3892812357527424,0.5345008969306946,2.2887716966124572e-07
word_cantillation_icf_position4,1110,2784,0.2850539291217257,0.3290156574468406,2.197563626073183,0.5867948593460464,1.6107687667271364,0.5328513383865356,3.591072683661878e-08
word_vocalized_icf_position4,1110,2784,0.2850539291217257,0.3276947010533518,2.171073297143458,1.0229197144523936,1.1481535826910645,0.5378284454345703,7.22616420034683e-08
lexeme_icf_position8_psalm,1110,2784,0.2850539291217257,0.3208400987075371,7.130179875506058,7.130179875506058,0.0,0.5672836303710938,6.855881964570876e-14
word_cantillation_icf_spacing8,647,1705,0.27508503401360546,0.3152077577768658,0.4844084668119376,0.4382564210045929,0.04615204580734472,0.5160438418388367,0.11374136805534363
homograph_icf_position8_psalm,1110,2784,0.2850539291217257,0.3149916989968769,7.056852896120504,7.056852896120504,0.0,0.5564391613006592,1.362519874703593e-09
word_vocalized_icf_position_mean_psalm,1110,2784,0.2850539291217257,0.31100779295462994,7.722573560092034,7.722573560092034,0.0,0.5436745882034302,2.139642901965999e-06
word_cantillation_icf_spacing4_psalm,1110,2784,0.2850539291217257,0.30965430585643444,1.0878513556550473,1.0878513556550473,0.0,0.5521213412284851,5.9535516072628525e-08
word_consonantal_icf_spacing4_psalm,1110,2784,0.2850539291217257,0.30887942814269376,0.9026200659526195,0.9026200659526195,0.0,0.5522440075874329,2.983410141155218e-08
word_cantillation_icf_spacing4,647,1705,0.27508503401360546,0.30850810796498335,0.3412877470934919,0.3466927115117334,-0.005404964418241509,0.5164241194725037,0.10885578393936157
word_vocalized_icf_position8_psalm,1110,2784,0.2850539291217257,0.3080740314383176,7.688013904389012,7.688013904389012,0.0,0.5452099442481995,1.1996829698546208e-06
lexeme_icf_position_mean_psalm,1110,2784,0.2850539291217257,0.3074980518737851,7.370049340098426,7.370049340098426,0.0,0.5368552207946777,9.1202360636089e-05
word_cantillation_icf_position4_psalm,1110,2784,0.2850539291217257,0.3069156652701964,7.652827252890292,7.652827252890292,0.0,0.5274428725242615,0.0021231970749795437
homograph_icf_spacing8_psalm,1110,2784,0.2850539291217257,0.3057172794185396,1.0892777886552607,1.0892777886552607,0.0,0.5376074314117432,4.01878023694735e-05
word_vocalized_icf_position2_psalm,1110,2784,0.2850539291217257,0.3052061684639758,7.074147369128863,7.074147369128863,0.0,0.5327788591384888,0.0003005505714099854
word_consonantal_icf_position2_psalm,1110,2784,0.2850539291217257,0.3051443138063253,6.249777732537323,6.249777732537323,0.0,0.534045398235321,0.00020696573483292013
word_consonantal_icf_spacing8,957,2513,0.27579250720461096,0.3045988238816879,0.5743930275498724,0.47354565021704714,0.10084737733282528,0.530025064945221,0.0030924975872039795
word_consonantal_icf_spacing2_psalm,1110,2784,0.2850539291217257,0.30459503382489894,0.588003677454829,0.588003677454829,0.0,0.5401976704597473,1.2321183021413162e-05
word_vocalized_icf_spacing4,817,2153,0.2750841750841751,0.30144202860336544,0.39997756416628155,0.32739480210823807,0.07258276205804348,0.5284843444824219,0.008171658031642437
word_vocalized_icf_spacing8,817,2153,0.2750841750841751,0.3008805253406204,0.5220559802619417,0.4417153485140782,0.08034063174786349,0.5216622948646545,0.0338546521961689
homograph_icf_spacing2_psalm,1110,2784,0.2850539291217257,0.2994692559350051,0.5697777705915501,0.5697777705915501,0.0,0.5235308408737183,0.002007735427469
lexeme_icf_spacing2_psalm,1110,2784,0.2850539291217257,0.29910062973330237,0.5921548846900655,0.5921548846900655,0.0,0.5225235223770142,0.007668064441531897
word_vocalized_icf_spacing8_psalm,1110,2784,0.2850539291217257,0.2985211928797726,1.3395083013034632,1.3395083013034632,0.0,0.5311098694801331,0.0004782303294632584
word_consonantal_icf_spacing8_psalm,1110,2784,0.2850539291217257,0.2984825161405306,1.1257749528159329,1.1257749528159329,0.0,0.5242233872413635,0.0023949851747602224
word_vocalized_icf_spacing4_psalm,1110,2784,0.2850539291217257,0.2983752775859802,1.0037498462648649,1.0037498462648649,0.0,0.515987753868103,0.039486274123191833
lexeme_icf_position2_psalm,1110,2784,0.2850539291217257,0.2982887417392112,5.6714775551886225,5.6714775551886225,0.0,0.5137529969215393,0.07580594718456268
lexeme_icf_spacing8_psalm,1110,2784,0.2850539291217257,0.2976455491900665,1.114784132397113,1.114784132397113,0.0,0.524837851524353,0.002318712417036295
homograph_icf_position4_psalm,1110,2784,0.2850539291217257,0.2970036172899482,6.394072559905801,6.394072559905801,0.0,0.5187907814979553,0.0179372336715459
word_consonantal_icf_spacing4,957,2513,0.27579250720461096,0.2953834344076548,0.48992474755432724,0.3527735434287668,0.13715120412556042,0.5395558476448059,0.0001549809385323897
lexeme_icf_spacing8,1028,2629,0.28110473065354113,0.29306168845768865,0.4643981298317106,0.4761584358573967,-0.011760306025686118,0.497163861989975,0.6052908897399902
homograph_icf_spacing8,1034,2654,0.2803687635574837,0.2916987777023404,0.4479883982509476,0.473061625130272,-0.0250732268793243,0.4937330484390259,0.723118245601654
homograph_icf_spacing4,1034,2654,0.2803687635574837,0.2904545895414169,0.3885120736662888,0.3634878993892017,0.0250241742770871,0.5120474100112915,0.1275094300508499
homograph_icf_spacing4_psalm,1110,2784,0.2850539291217257,0.2881114022480973,0.8987171828499233,0.8987171828499233,0.0,0.5066457390785217,0.2462822049856186
word_cantillation_icf_position2_psalm,1110,2784,0.2850539291217257,0.28542960649576965,7.407207393474261,7.407207393474261,0.0,0.4802890717983246,0.9871032238006592
word_cantillation_icf_spacing2_psalm,1110,2784,0.2850539291217257,0.28538808999264176,0.6601091881860347,0.6601091881860347,0.0,0.4886128604412079,0.8898035287857056
lexeme_icf_spacing4,1028,2629,0.28110473065354113,0.28476688624723245,0.4023832759292637,0.36367080589634765,0.03871247003291606,0.5086777210235596,0.20694541931152344
word_vocalized_icf_position4_psalm,1110,2784,0.2850539291217257,0.2841551084109772,7.4949080151977405,7.4949080151977405,0.0,0.49593639373779297,0.6698874235153198
lexeme_icf_spacing2,1028,2629,0.28110473065354113,0.2838866086062987,0.17883291360290726,0.14672293444585557,0.03210997915705169,0.5037145614624023,0.36325603723526
word_consonantal_icf_spacing2,957,2513,0.27579250720461096,0.2828543517263714,0.23663386348258575,0.15862617066253915,0.0780076928200466,0.5208957195281982,0.028343256562948227
word_vocalized_icf_spacing2_psalm,1110,2784,0.2850539291217257,0.282841543837387,0.6349039813377442,0.6349039813377442,0.0,0.4950188398361206,0.7043750882148743
word_cantillation_icf_spacing2,647,1705,0.27508503401360546,0.28244049977388763,0.20767708014257336,0.21048611361842567,-0.0028090334758523183,0.5052695274353027,0.3452744483947754
homograph_icf_spacing2,1034,2654,0.2803687635574837,0.2824187781130231,0.1597374900354143,0.1458896283204419,0.0138478617149723,0.5035902261734009,0.367222785949707
lexeme_icf_position4_psalm,1110,2784,0.2850539291217257,0.28207575675769675,6.501767378561527,6.501767378561527,0.0,0.49171552062034607,0.8103037476539612
word_consonantal_icf_position4_psalm,1110,2784,0.2850539291217257,0.28062580153747957,6.980728440179398,6.980728440179398,0.0,0.48881396651268005,0.9031339287757874
homograph_icf_position2_psalm,1110,2784,0.2850539291217257,0.2793179161082055,5.550092935580192,5.550092935580192,0.0,0.4852097332477569,0.951925814151764
word_cantillation_icf_position8_psalm,1110,2784,0.2850539291217257,0.27924181290817646,7.750704871746685,7.750704871746685,0.0,0.4814417362213135,0.9764414429664612
lexeme_icf_spacing4_psalm,1110,2784,0.2850539291217257,0.27790226588241407,0.9220547816344737,0.9220547816344737,0.0,0.48127296566963196,0.9793619513511658
word_vocalized_icf_spacing2,817,2153,0.2750841750841751,0.27425816759660704,0.22735704402264778,0.1959712378750901,0.03138580614755768,0.5044371485710144,0.3538670539855957
word_cantillation_icf_position_mean_psalm,1110,2784,0.2850539291217257,0.2736329068368291,7.766500568117463,7.766500568117463,0.0,0.4730265140533447,0.9981495141983032
word_consonantal_icf_position_mean_psalm,1110,2784,0.2850539291217257,0.26955486140208273,7.666504425239712,7.666504425239712,0.0,0.4487476646900177,1.0
word_cantillation_icf_spacing8_psalm,1110,2784,0.2850539291217257,0.2681318759562381,1.4933540043123075,1.4933540043123075,0.0,0.456410676240921,0.9999971985816956
word_consonantal_icf_position8_psalm,1110,2784,0.2850539291217257,0.2681199476189168,7.441743248282049,7.441743248282049,0.0,0.45505884289741516,0.9999989867210388
homograph_icf_position_mean_psalm,1110,2784,0.2850539291217257,0.2663915376450884,7.297951266499661,7.297951266499661,0.0,0.4533880949020386,0.9999994039535522
