model,n_pairs,mean_true_similarity,median_true_similarity,std_true_similarity,background_mean,background_std,background_n_vectors,calibrated_effect_size,n_pairs_Antithetic,mean_true_similarity_Antithetic,calibrated_effect_size_Antithetic,n_pairs_Emblematic,mean_true_similarity_Emblematic,calibrated_effect_size_Emblematic,n_pairs_Staircase,mean_true_similarity_Staircase,calibrated_effect_size_Staircase,n_pairs_Synonymous,mean_true_similarity_Synonymous,calibrated_effect_size_Synonymous,n_pairs_Synthetic,mean_true_similarity_Synthetic,calibrated_effect_size_Synthetic
word_cantillation_icf_position_mean_psalm,1110,1.0,1.0,1.4582538428295067e-16,0.04618982598185539,0.12281080335378647,3416,7.766500568117463,48,1.0,7.766500568117463,26,1.0,7.766500568117463,27,1.0,7.766500568117463,495,1.0,7.766500568117463,514,1.0,7.766500568117463
word_cantillation_icf_position8_psalm,1110,1.0,1.0,1.3536011433213367e-16,0.038804393261671066,0.12401396036148071,3416,7.750704871746685,48,1.0,7.750704871746685,26,1.0,7.750704871746685,27,1.0,7.750704871746685,495,1.0,7.750704871746685,514,1.0,7.750704871746685
word_vocalized_icf_position_mean_psalm,1110,1.0,1.0,1.4722740151233005e-16,0.0625777393579483,0.1213872879743576,3416,7.722573560092034,48,1.0,7.722573560092034,26,1.0,7.722573560092034,27,1.0,7.722573560092034,495,1.0,7.722573560092034,514,1.0,7.722573560092034
word_vocalized_icf_position8_psalm,1110,1.0,1.0,1.3136335981433191e-16,0.05539803206920624,0.12286683917045593,3416,7.688013904389012,48,1.0,7.688013904389012,26,1.0,7.688013904389012,27,1.0,7.688013904389012,495,1.0,7.688013904389012,514,1.0,7.688013904389012
word_consonantal_icf_position_mean_psalm,1110,1.0,1.0,1.2944740846916225e-16,0.07335873693227768,0.12086880952119827,3416,7.666504425239712,48,1.0,7.666504425239712,26,1.0,7.666504425239712,27,1.0,7.666504425239712,495,1.0,7.666504425239712,514,1.0,7.666504425239712
word_cantillation_icf_position4_psalm,1110,1.0,1.0,1.58522538172346e-16,0.056984953582286835,0.1232243999838829,3416,7.652827252890292,48,1.0,7.652827252890292,26,1.0,7.652827252890292,27,1.0,7.652827252890292,495,1.0,7.652827252890292,514,1.0,7.652827252890292
word_vocalized_icf_position4_psalm,1110,1.0,1.0,1.2361123838179464e-16,0.08434389531612396,0.12217042595148087,3416,7.4949080151977405,48,1.0,7.4949080151977405,26,1.0,7.4949080151977405,27,1.0,7.4949080151977405,495,1.0,7.4949080151977405,514,1.0,7.4949080151977405
word_consonantal_icf_position8_psalm,1110,1.0,1.0,1.289747358556528e-16,0.09100838750600815,0.12214767187833786,3416,7.441743248282049,48,1.0,7.441743248282049,26,1.0,7.441743248282049,27,1.0,7.441743248282049,495,1.0,7.441743248282049,514,1.0,7.441743248282049
word_cantillation_icf_position2_psalm,1110,1.0,1.0,1.191280868733355e-16,0.08872571587562561,0.12302535027265549,3416,7.407207393474261,48,1.0,7.407207393474261,26,1.0,7.407207393474261,27,1.0,7.407207393474261,495,1.0,7.407207393474261,514,1.0,7.407207393474261
lexeme_icf_position_mean_psalm,1110,1.0,1.0,1.4043333874306804e-16,0.1359357684850692,0.1172399520874023,3416,7.370049340098426,48,1.0,7.370049340098426,26,1.0,7.370049340098426,27,1.0,7.370049340098426,495,1.0,7.370049340098426,514,1.0,7.370049340098426
homograph_icf_position_mean_psalm,1110,1.0,1.0,1.4043333874306804e-16,0.1528154760599136,0.1160852536559104,3416,7.297951266499661,48,1.0,7.297951266499661,26,1.0,7.297951266499661,27,1.0,7.297951266499661,495,1.0,7.297951266499661,514,1.0,7.297951266499661
lexeme_icf_position8_psalm,1110,1.0,1.0,1.2189244742205171e-16,0.1271625459194183,0.122414506971836,3416,7.130179875506058,48,1.0,7.130179875506058,26,1.0,7.130179875506058,27,1.0,7.130179875506058,495,1.0,7.130179875506058,514,1.0,7.130179875506058
word_vocalized_icf_position2_psalm,1110,1.0,1.0,1.4730280607630687e-16,0.13151311874389648,0.12276912480592728,3416,7.074147369128863,48,1.0,7.074147369128863,26,1.0,7.074147369128863,27,1.0,7.074147369128863,495,1.0,7.074147369128863,514,1.0,7.074147369128863
homograph_icf_position8_psalm,1110,1.0,1.0,1.4141829497643002e-16,0.1361548155546188,0.1224122419953346,3416,7.056852896120504,48,1.0,7.056852896120504,26,1.0,7.056852896120504,27,1.0,7.056852896120504,495,1.0,7.056852896120504,514,1.0,7.056852896120504
word_consonantal_icf_position4_psalm,1110,1.0,1.0,1.2910381819240377e-16,0.1411975473165512,0.12302476167678833,3416,6.980728440179398,48,1.0,6.980728440179398,26,1.0,6.980728440179398,27,1.0,6.980728440179398,495,1.0,6.980728440179398,514,1.0,6.980728440179398
lexeme_icf_position4_psalm,1110,1.0,1.0,1.232063233191193e-16,0.1938487738370895,0.1239895522594451,3416,6.501767378561527,48,1.0,6.501767378561527,26,1.0,6.501767378561527,27,1.0,6.501767378561527,495,1.0,6.501767378561527,514,1.0,6.501767378561527
homograph_icf_position4_psalm,1110,1.0,1.0,1.2974730357878891e-16,0.2070512175559997,0.124013103544712,3416,6.394072559905801,48,1.0,6.394072559905801,26,1.0,6.394072559905801,27,1.0,6.394072559905801,495,1.0,6.394072559905801,514,1.0,6.394072559905801
word_consonantal_icf_position2_psalm,1110,1.0,1.0,1.4200598955026418e-16,0.21501295268535614,0.12560239434242249,3416,6.249777732537323,48,1.0,6.249777732537323,26,1.0,6.249777732537323,27,1.0,6.249777732537323,495,1.0,6.249777732537323,514,1.0,6.249777732537323
lexeme_icf_position2_psalm,1110,1.0,1.0,1.397198709332151e-16,0.284987062215805,0.1260717213153839,3416,5.6714775551886225,48,1.0,5.6714775551886225,26,1.0,5.6714775551886225,27,1.0,5.6714775551886225,495,1.0,5.6714775551886225,514,1.0,5.6714775551886225
homograph_icf_position2_psalm,1110,1.0,1.0,1.3399967664501334e-16,0.3022784888744354,0.1257134824991226,3416,5.550092935580192,48,1.0,5.550092935580192,26,1.0,5.550092935580192,27,1.0,5.550092935580192,495,1.0,5.550092935580192,514,1.0,5.550092935580192
word_cantillation_icf_position8,1110,0.02590301816894443,0.0,0.10820330333215925,0.0005857128999195993,0.00977405346930027,3416,2.590256473278462,48,0.02449395979167802,2.4460933190976317,26,0.13145589780370157,13.389550744206337,27,0.013680900481768532,1.3397908680344497,495,0.020771012976968314,2.065192311506128,514,0.02627967124129274,2.628792488405794
word_consonantal_icf_position8,1110,0.05229638502206293,0.0,0.12556922427085682,0.0022110813297331333,0.019482629373669624,3416,2.570767155280337,48,0.060935044369741655,3.0141703110860774,26,0.13557839055353366,6.84544712450588,27,0.13605986228461256,6.8701599967699085,495,0.045426742163087855,2.2181636782435437,514,0.049492633147738045,2.4268568123512613
lexeme_icf_position8,1110,0.0652924226291228,0.0,0.1372215888181039,0.0033837668597698,0.0247759595513343,3416,2.4987389748147515,48,0.0876779795933817,3.4022582479180694,26,0.1316253884173295,5.176050650706397,27,0.1485239190091738,5.858104177506499,495,0.059727850920258,2.2741433664252853,514,0.0608333735023696,2.318764144071495
homograph_icf_position8,1110,0.0673541152159043,0.0,0.1385801593886736,0.0036731094587594,0.0261118225753307,3416,2.4387805781626226,48,0.086762384610092,3.1820557493306345,26,0.1308350289022701,4.869898264537365,27,0.1612017404778477,6.032847020334545,495,0.0616190644001288,2.219146318653149,514,0.0629238887275189,2.26911695259208
word_vocalized_icf_position8,1110,0.03803860296949604,0.0,0.11711205412642925,0.0011535645462572575,0.015147118829190731,3416,2.4351191034532502,48,0.032922404233073736,2.0973519812621553,26,0.1310902877588992,8.578312791884533,27,0.08777184487570039,5.718465756175157,495,0.031972253185591076,2.0346238110934776,514,0.03703914644496146,2.3691358273064704
word_consonantal_icf_position4,1110,0.05687404930299441,0.0,0.12595007206719314,0.004028407856822014,0.023516908288002014,3416,2.2471338833741794,48,0.060935044369741655,2.419817937630542,26,0.136876794758523,5.649058340269937,27,0.13802036068508483,5.697685732636189,495,0.05230283486472507,2.052753976700754,514,0.05258767108233149,2.064865952225689
word_cantillation_icf_position4,1110,0.027000790883716295,0.0,0.10849125198782975,0.0010333397658541799,0.011816472746431828,3416,2.1975636617706753,48,0.02449395979167802,1.985416505353355,26,0.13145589780370157,11.037351063770748,27,0.013680900481768532,1.070332999306708,495,0.022212841574507636,1.7923708930018007,514,0.027261816295018036,2.2196536218546234
word_vocalized_icf_position4,1110,0.040704632174199375,0.0,0.11767523603595702,0.002010517753660679,0.017822574824094772,3416,2.1710731924226336,48,0.032922404233073736,1.7344231562783243,26,0.1310902877588992,7.242487198355449,27,0.08777184487570039,4.8119493377633,495,0.0359364012308796,1.9035343552803434,514,0.03897891129866357,2.074245383165648
lexeme_icf_position4,1110,0.0725671707302085,0.0,0.1393208253590062,0.0063512013293802,0.0316438302397728,3416,2.092539648300923,48,0.0876779795933817,2.570067455417665,26,0.1332171657241,4.009184837405154,27,0.1507899581292948,4.564515600844395,495,0.0683819432824316,1.960279191331445,514,0.0680096875232061,1.9485152627423712
homograph_icf_position4,1110,0.0748513747138155,0.0,0.1410192163105177,0.0069180014543235,0.0335528217256069,3416,2.0246694544812742,48,0.086762384610092,2.3796622474476625,26,0.1324489179332716,3.7412923868380674,27,0.1637951686930606,4.675528291529987,495,0.0705107222146533,1.8953017209815453,514,0.0703336236455637,1.8900235190306656
word_consonantal_icf_position2,1110,0.060117741952971135,0.0,0.12808312539611036,0.007629730273038149,0.029468176886439323,3416,1.781176076219596,48,0.06150526755919106,1.8282616360615567,26,0.138407417599397,4.43792935784026,27,0.13802036068508483,4.424794615375405,495,0.05754813339475729,1.693976635001489,514,0.054410451553444185,1.5874996767083207
word_vocalized_icf_position2,1110,0.04272119946317469,0.0,0.11860217331985905,0.0037008433137089014,0.021989699453115463,3416,1.7744833772131183,48,0.03371515622552417,1.3649260180117146,26,0.1310902877588992,5.793141680576356,27,0.08777184487570039,3.8231992093043567,495,0.039220989359206336,1.615308391150612,514,0.04009655034847533,1.655125260459617
word_cantillation_icf_position2,1110,0.028027898247847214,0.0,0.10895784458063033,0.0019298047991469502,0.015011141076683998,3416,1.7385815851958806,48,0.025124350978121903,1.5451554322543675,26,0.13145589780370157,8.628664026463689,27,0.013680900481768532,0.7828249446588661,495,0.023832576175573907,1.4591010279989547,514,0.02786115825943089,1.727473836120408
word_vocalized_icf_position_mean,1110,0.04351264861650111,0.0,0.1191811889464675,0.005514373537153006,0.02393137663602829,3416,1.5878014732400447,48,0.03649794043721633,1.2946838525543942,26,0.13134398532733305,5.257934539409056,27,0.10475792576192476,4.1470055707268525,495,0.0398859099485912,1.4362540414700766,514,0.04000040035932796,1.441038154497841
lexeme_icf_position2,1110,0.0770013235761718,0.0176456410446986,0.1422451470558906,0.0122203296050429,0.0412153825163841,3416,1.5717673843103803,48,0.0928162126187028,1.9554806504979312,26,0.134788934616054,2.973855816145515,27,0.1507899581292948,3.3620852231364604,495,0.0747447808064781,1.5170173703126544,514,0.0708984110800348,1.4236937253139883
word_consonantal_icf_position_mean,1110,0.0614577591146835,0.0,0.1285783149698481,0.01153840497136116,0.03186590597033501,3416,1.5665443245139137,48,0.06372632189771171,1.6377352326004464,26,0.1450500080689959,4.189794673401879,27,0.154930476121393,4.499858603848267,495,0.05871520282374247,1.4804787880909365,514,0.05474863950074804,1.356002072233963
word_cantillation_icf_position_mean,1110,0.0281174599714235,0.0,0.108588287033861,0.0028878787998110056,0.016588551923632622,3416,1.5209031679051845,48,0.02764615798998603,1.4924918886321554,26,0.13170067573003044,7.765162234969304,27,0.013532998377379757,0.6417148179403983,495,0.02387721626166526,1.265290518333437,514,0.02777146772386461,1.500045877338069
homograph_icf_position2,1110,0.0791968540372845,0.0236197762135491,0.1437195529538675,0.0133319208398461,0.043878823518753,3416,1.5010642472966225,48,0.0922013908762494,1.7974381196135734,26,0.1341033820772128,2.7523860384668493,27,0.1637951686930606,3.4290629462503506,495,0.0769107066697784,1.4489628648033346,514,0.0729628092005161,1.3589901364421233
word_cantillation_icf_spacing8_psalm,1110,1.0,1.0,1.2601340859239486e-16,0.7043160200119019,0.19799992442131042,3416,1.4933540043123075,48,1.0,1.4933540043123075,26,1.0,1.4933540043123075,27,1.0,1.4933540043123075,495,1.0,1.4933540043123075,514,1.0,1.4933540043123075
lexeme_icf_position_mean,1110,0.0785845079596715,0.0262809766978129,0.1423275896901376,0.0186061300337314,0.0447412319481372,3416,1.3405616098248083,48,0.0980118327267137,1.7747768497976768,26,0.1412239747184979,2.7406005455303832,27,0.168991152269376,3.361217733341953,495,0.0759802246133186,1.2823539290579558,514,0.0713607786513741,1.1791058565127202
word_vocalized_icf_spacing8_psalm,1110,1.0,1.0,1.2202902163567268e-16,0.7825169563293457,0.16236035525798798,3416,1.3395083013034632,48,1.0,1.3395083013034632,26,1.0,1.3395083013034632,27,1.0,1.3395083013034632,495,1.0,1.3395083013034632,514,1.0,1.3395083013034632
word_vocalized_tf_icf,1110,0.044299656524686794,0.0,0.12039934556100233,0.007215647026896477,0.028525052592158318,3416,1.3000505214838727,48,0.037743539024886565,1.0702133466489159,26,0.13109028842540116,4.342661279879935,27,0.10738519725405649,3.5116341995701394,495,0.040452246700472226,1.1651722487169984,514,0.04091307184349043,1.1813273510267794
word_vocalized_icf,1110,0.043654761137269765,0.0,0.11961033890562209,0.007099389564245939,0.02825411595404148,3416,1.2938069494895992,48,0.036655761480990125,1.0460908408821203,26,0.1310902877588992,4.388418961553725,27,0.10510989638852992,3.4688930626500287,495,0.03999730033145391,1.1643581707075936,514,0.0401796302781917,1.1708113878967057
homograph_icf_position_mean,1110,0.0808904646893885,0.030485269163568,0.1439393874197976,0.0203115921467542,0.0475984066724777,3416,1.2727079912458932,48,0.0970993181264028,1.6132415210454647,26,0.1408514143532826,2.5324339748588,27,0.182615178026684,3.409853338090342,495,0.078308257552781,1.2184581262372691,514,0.0734869931257227,1.1171676679193436
word_cantillation_tf_icf,1110,0.02858208797217931,0.0,0.1091919194039926,0.0037994030863046646,0.019967185333371162,3416,1.2411706743892108,48,0.028682756746468918,1.2462123852066769,26,0.13145589836674454,6.393314488201176,27,0.013680900335402257,0.4948868397882121,495,0.02433037954496768,1.0282358838203194,514,0.02824624471583327,1.2243509148317762
word_cantillation_icf,1110,0.028223652604748004,0.0,0.1089924575007779,0.00372119527310133,0.019759034737944603,3416,1.2400634776248942,48,0.02779899461807324,1.2185716389644121,26,0.13145589780370157,6.464622600480716,27,0.013680900481768532,0.5040582872978563,495,0.02394057768715065,1.0232980852663152,514,0.02793011486101013,1.2252076029513115
word_consonantal_tf_icf,1110,0.06355577207896862,0.0,0.13180753043835117,0.015534295700490475,0.03875306248664856,3416,1.2391659728833766,48,0.06525497141437314,1.2830128130134937,26,0.14935751831044713,3.4532296036232557,27,0.16883336212775943,3.95579230622314,495,0.059968121237120996,1.146588751584191,514,0.05698181345110743,1.0695288343959062
word_consonantal_icf,1110,0.06169602927771255,0.0,0.12909643860470987,0.014876846224069595,0.03780781850218773,3416,1.238346588310399,48,0.06390296869368235,1.2967191552396997,26,0.14567252503508807,3.4594875872949413,27,0.1554430296635228,3.717913093328022,495,0.058903904001430786,1.1644961153951157,514,0.0550065565533629,1.0614130071263228
word_consonantal_icf_spacing8_psalm,1110,1.0,1.0,1.0511393169274963e-16,0.8656185269355774,0.11936797201633453,3416,1.1257749528159329,48,1.0,1.1257749528159329,26,1.0,1.1257749528159329,27,1.0,1.1257749528159329,495,1.0,1.1257749528159329,514,1.0,1.1257749528159329
lexeme_icf_spacing8_psalm,1110,1.0,1.0,1.1057129598414232e-16,0.8855372071266174,0.1026770919561386,3416,1.114784132397113,48,1.0,1.114784132397113,26,1.0,1.114784132397113,27,1.0,1.114784132397113,495,1.0,1.114784132397113,514,1.0,1.114784132397113
homograph_icf_spacing8_psalm,1110,1.0,1.0,1.1601123505945725e-16,0.8886229991912842,0.1022484824061393,3416,1.0892777886552607,48,1.0,1.0892777886552607,26,1.0,1.0892777886552607,27,1.0,1.0892777886552607,495,1.0,1.0892777886552607,514,1.0,1.0892777886552607
word_cantillation_icf_spacing4_psalm,1110,1.0,1.0,1.1196846163965065e-16,0.8335575461387634,0.1530010998249054,3416,1.0878513556550473,48,1.0,1.0878513556550473,26,1.0,1.0878513556550473,27,1.0,1.0878513556550473,495,1.0,1.0878513556550473,514,1.0,1.0878513556550473
lexeme_tf_icf,1110,0.0810509985375747,0.0281695878453398,0.1454362908131242,0.0249693356454372,0.0548576712608337,3416,1.022312132527173,48,0.0971855204054421,1.3164281877120894,26,0.1454677665825039,2.196564822522787,27,0.181520836411936,2.85377591079537,495,0.0776794395685166,0.9608520141596376,514,0.0742551678921472,0.8984309963208039
lexeme_icf,1110,0.0788569867270832,0.0262859255949019,0.1428992803431559,0.0239974465221166,0.0537589862942695,3416,1.0204719989449345,48,0.0982369153355033,1.3809685399759892,26,0.1417084160745959,2.1896054532751985,27,0.169642793206086,2.709227921202347,495,0.0762175662479597,0.9713747100809724,514,0.0716408828866038,0.8862413458411093
word_vocalized_icf_spacing4_psalm,1110,1.0,1.0,1.2610149906704154e-16,0.8899396061897278,0.10964922606945038,3416,1.0037498462648649,48,1.0,1.0037498462648649,26,1.0,1.0037498462648649,27,1.0,1.0037498462648649,495,1.0,1.0037498462648649,514,1.0,1.0037498462648649
homograph_tf_icf,1110,0.0835609907831645,0.0325866914472184,0.1475194899638152,0.0271741729229688,0.0583351105451583,3416,0.9666017143576942,48,0.0960513669902347,1.180715926027888,26,0.14531764200935,2.025254910504094,27,0.196183724395195,2.897218328598049,495,0.0801450694141335,0.9080448463393036,514,0.0766443687604512,0.8480346634328655
homograph_icf,1110,0.0811652783795579,0.0304919548566756,0.1444929572876306,0.0261915065348148,0.0572283416986465,3416,0.960603963228997,48,0.0973231416739634,1.2429441956175158,26,0.141388998813773,2.012944790285311,27,0.1833042748652586,2.7453664332573093,495,0.0785478979118121,0.914868224780931,514,0.0737653878289728,0.8312993157249406
lexeme_icf_spacing4_psalm,1110,1.0,1.0,9.536536850639484e-17,0.9423790574073792,0.0624918863177299,3416,0.9220547816344736,48,1.0,0.9220547816344736,26,1.0,0.9220547816344736,27,1.0,0.9220547816344736,495,1.0,0.9220547816344736,514,1.0,0.9220547816344736
word_consonantal_icf_spacing4_psalm,1110,1.0,1.0,1.3787979232043465e-16,0.9357276558876038,0.07120642066001892,3416,0.9026200659526195,48,1.0,0.9026200659526195,26,1.0,0.9026200659526195,27,1.0,0.9026200659526195,495,1.0,0.9026200659526195,514,1.0,0.9026200659526195
homograph_icf_spacing4_psalm,1110,1.0,1.0,1.2526213837023326e-16,0.9468584060668944,0.0591304972767829,3416,0.8987171828499233,48,1.0,0.8987171828499233,26,1.0,0.8987171828499233,27,1.0,0.8987171828499233,495,1.0,0.8987171828499233,514,1.0,0.8987171828499233
word_vocalized_binary,1110,0.0766874794708704,0.0,0.1498682039703435,0.0205510146915912,0.064735509455204,3416,0.8671664941190392,48,0.0689928016567227,0.748303170436196,26,0.134016373366843,1.7527530041880348,27,0.1205694836392075,1.5450325453424834,495,0.0819853838400982,0.949005725999864,514,0.0670989902071952,0.7190485702103651
word_vocalized_log_count,1110,0.07784864552448546,0.0,0.15160844648973765,0.020868947729468346,0.06585367023944855,3416,0.865247109050034,48,0.07286278923026164,0.7895359713701613,26,0.13401637336684305,1.7181643061952774,27,0.12425849760111711,1.569989182010921,495,0.08265141039674709,0.9381779700756752,514,0.06840997929954944,0.7219192399940441
word_vocalized_count,1110,0.07833844535145167,0.0,0.15266480717701914,0.021007396280765533,0.06657283008098602,3416,0.8611778859475068,48,0.07524280165672277,0.8146777793580313,26,0.13401637336684302,1.6975240041410553,27,0.12552569823274243,1.5699843588567604,495,0.08288603034356079,0.9294878103802968,514,0.06895294801693404,0.7201969884387162
word_cantillation_binary,1110,0.0527389221345528,0.0,0.1300151674031412,0.0120961843058466,0.049153596162796,3416,0.8268517667374318,48,0.0577564545126262,0.9289304093957524,26,0.1280816291375318,2.359653288592414,27,0.0309614045343182,0.3838014245385063,495,0.0547909059678103,0.8685981290272097,514,0.0476270720207763,0.7228542871461905
word_cantillation_log_count,1110,0.05347548917935866,0.0,0.13112173221463494,0.012357153929769993,0.050298575311899185,3416,0.8174850876911669,48,0.061626442086165155,0.979536455076084,26,0.1280816291375318,2.300750557847008,27,0.03096140453431826,0.36987629349706536,495,0.05531183613633994,0.8539940135522709,514,0.048354639302454254,0.7156760434955759
word_cantillation_count,1110,0.053823123932456085,0.0,0.13190551689183552,0.012484649196267128,0.05103594437241554,3416,0.8099874557926672,48,0.06400645451262628,1.0095199755763942,26,0.1280816291375318,2.265011089003063,27,0.030961404534318265,0.36203416171206687,495,0.0555291997955605,0.8434163632829444,514,0.048673781263843044,0.7090910634179586
word_consonantal_binary,1110,0.1335094251312231,0.0,0.1726801301894675,0.0547785200178623,0.0994239002466201,3416,0.7918710181160613,48,0.1375304667706965,0.8323144289005827,26,0.1690007837656208,1.1488411082690495,27,0.2034189237618896,1.4950168256860372,495,0.1448795852229999,0.90623144919524,514,0.116716485380938,0.6229685740494901
word_consonantal_log_count,1110,0.13750485594408157,0.0,0.17759519602314228,0.05709279701113701,0.10408732295036316,3416,0.7725442124329706,48,0.1430019733035874,0.8253567663894911,26,0.1714914115049253,1.0990638557237402,27,0.21889213054933518,1.5544576318420307,495,0.14746936453396192,0.8682764140828505,514,0.1214009644184574,0.6178290072652504
word_consonantal_count,1110,0.1392835650125123,0.0,0.18079464842578125,0.05815109610557556,0.10717587918043137,3416,0.757003063817649,48,0.14605123004153345,0.8201484756470006,26,0.17320007690092493,1.0734596410603134,27,0.22542627801775497,1.5607539979268137,495,0.14852760717150076,0.8432542075421252,514,0.12350860129591193,0.6098154331937556
lexeme_binary,1110,0.1486641832759423,0.1414213562373095,0.1777812371107895,0.0664737820625305,0.1092971190810203,3416,0.7519905547783499,48,0.1634459941056854,0.8872348407579786,26,0.1694206671478241,0.9418993469441822,27,0.2135500294209794,1.345655298100067,495,0.1593780305918016,0.8500155293242685,514,0.1325076311985826,0.6041682497331167
homograph_binary,1110,0.1505929010151972,0.1490711984999859,0.1789532186669275,0.0680317059159278,0.1106414496898651,3416,0.7462049289004578,48,0.1639958524858942,0.8673435393241847,26,0.1694206671478241,0.9163741212366234,27,0.2224917543649522,1.3960414372912278,495,0.1607481315167723,0.8379899744691919,514,0.1348322556284953,0.6037569997484085
lexeme_log_count,1110,0.1528707910294978,0.1405894277983381,0.1827899235515513,0.0690409839153289,0.1140886470675468,3416,0.7347778176783614,48,0.1640647522182433,0.8328941638395889,26,0.1713470873040557,0.8967246612027558,27,0.2302156512455778,1.412714336377611,495,0.1621155264514724,0.8158089777420018,514,0.1379249756600234,0.6037760418344803
homograph_log_count,1110,0.154941890187434,0.1436560034415206,0.1842997073208436,0.070468820631504,0.1152041256427764,3416,0.7332469135511951,48,0.1638244483805385,0.8103496921500059,26,0.1713470873040557,0.8756480387286972,27,0.2381325604589058,1.4553622875216412,495,0.1638672114845969,0.8107208863569817,514,0.1403172208144252,0.6063012048674904
homograph_count,1110,0.1566211578409861,0.1414213562373095,0.1875656762193537,0.0714481770992279,0.118217758834362,3416,0.7204753463571942,48,0.1634030736776076,0.7778433416862535,26,0.1727844908277157,0.857200430186405,27,0.2434612712781741,1.4550529114661883,495,0.1650894378656531,0.7921082389798003,514,0.1424533362596105,0.6006302256150011
lexeme_count,1110,0.1545493779272391,0.1290994448735805,0.1859488186228001,0.0701227486133575,0.1172371804714202,3416,0.720135275979815,48,0.1641806908562834,0.8022876519608473,26,0.1727844908277157,0.8756756329480708,27,0.2366667742854763,1.4205734477955856,495,0.1631904747305709,0.7938413883972686,514,0.1400923184421649,0.5968206463807303
word_cantillation_icf_spacing2_psalm,1110,1.0,1.0,1.22890466998995e-16,0.9453120231628418,0.08284686505794525,3416,0.6601091881860347,48,1.0,0.6601091881860347,26,1.0,0.6601091881860347,27,1.0,0.6601091881860347,495,1.0,0.6601091881860347,514,1.0,0.6601091881860347
word_vocalized_icf_spacing2_psalm,1110,1.0,1.0,1.466606315340408e-16,0.9612072706222534,0.061100151389837265,3416,0.6349039813377442,48,1.0,0.6349039813377442,26,1.0,0.6349039813377442,27,1.0,0.6349039813377442,495,1.0,0.6349039813377442,514,1.0,0.6349039813377442
lexeme_icf_spacing2_psalm,1110,1.0,1.0,1.2574876691017762e-16,0.978583574295044,0.0361669324338436,3416,0.5921548846900655,48,1.0,0.5921548846900655,26,1.0,0.5921548846900655,27,1.0,0.5921548846900655,495,1.0,0.5921548846900655,514,1.0,0.5921548846900655
word_consonantal_icf_spacing2_psalm,1110,1.0,1.0,1.1047082227326629e-16,0.9791926741600037,0.03538638725876808,3416,0.588003677454829,48,1.0,0.588003677454829,26,1.0,0.588003677454829,27,1.0,0.588003677454829,495,1.0,0.588003677454829,514,1.0,0.588003677454829
word_consonantal_icf_spacing8,957,0.6735889746868412,0.7397246994634459,0.2634556392479707,0.5292314291000366,0.25132182240486145,3237,0.5743931991478834,40,0.7098074540646472,0.7185051550108351,16,0.625402936016632,0.38266277872866117,24,0.7323985076274594,0.8083941003743605,433,0.6902418502821169,0.640654359583244,444,0.652643284417206,0.4910510919277105
homograph_icf_spacing2_psalm,1110,1.0,1.0,1.3808098868066252e-16,0.9813589453697203,0.0327163599431514,3416,0.5697777705915501,48,1.0,0.5697777705915501,26,1.0,0.5697777705915501,27,1.0,0.5697777705915501,495,1.0,0.5697777705915501,514,1.0,0.5697777705915501
word_vocalized_icf_spacing8,817,0.5618637566810156,0.599667180614179,0.3120051075755068,0.4158487021923065,0.27969226241111755,2978,0.522056109918703,38,0.5860784248692169,0.6086322203175253,12,0.53504078569863,0.42615438295938246,20,0.6019765864098623,0.6654738411889557,366,0.5625563101806625,0.5245322366934543,381,0.5575225154347931,0.5065346178016228
word_consonantal_icf_spacing4,957,0.7931013772075439,0.8774005721247521,0.22498780538145546,0.6723137497901917,0.24654333293437958,3237,0.48992453367011685,40,0.8465415340650374,0.7066821974099723,16,0.7627665584611365,0.36688401829555833,24,0.7988164173570835,0.513105205730962,433,0.8150126297557422,0.5787983729559278,444,0.767702767992868,0.38690568942728304
word_cantillation_icf_spacing8,647,0.5009812711415963,0.5386287677307408,0.35699319993180895,0.3581244647502899,0.294909805059433,2628,0.4844084663869231,34,0.539478172834893,0.6149463496069755,8,0.393784303396976,0.12091777904603608,15,0.5528384947691413,0.6602494277177755,307,0.518414311661534,0.5435215925728238,283,0.4777264276446028,0.40555437914385245
lexeme_icf_spacing8,1028,0.6773369495064495,0.741113173291801,0.2531569652147992,0.568647563457489,0.2340435087680816,3313,0.4643982079274967,48,0.6583355357480877,0.3832106806237991,18,0.5984872909901493,0.1274964970817843,26,0.6736774576354106,0.4487622610460768,457,0.6902583610150478,0.5196076498667831,479,0.6700747855041786,0.4333690884253315
homograph_icf_spacing8,1034,0.6760864903142373,0.7338438190545455,0.2504124232082232,0.5718900561332703,0.2325874716043472,3328,0.4479881631724979,48,0.6400115218196719,0.2928853614363311,18,0.6148608366650659,0.1847510540244956,26,0.6780439249140089,0.4564040704708126,462,0.6908903840509059,0.5116368783614714,480,0.6676351737465069,0.4116520849244535
lexeme_icf_spacing4,1028,0.7957761158583366,0.8837335785251943,0.2149377038374157,0.7058202028274536,0.2235578149557113,3313,0.4023832181787249,48,0.7995660979708124,0.4193362471445275,18,0.7190695385868634,0.0592658134632179,26,0.7602426676742091,0.2434379887705426,457,0.813285774850575,0.4807059509165947,479,0.7835021174091135,0.3474802014729356
word_vocalized_icf_spacing4,817,0.6988573753499672,0.8004370866424525,0.2979509880294094,0.5813327431678772,0.2938278913497925,2978,0.3999777953080048,38,0.6918970075513439,0.3762892075206146,12,0.6594974702908798,0.26602214910207433,20,0.7615161149521008,0.61322759713686,366,0.6887029918514048,0.3654188449921756,381,0.7072566992488856,0.4285636584823053
homograph_icf_spacing4,1034,0.795391390089591,0.8803326511303162,0.2189102295490167,0.7094476222991943,0.2212125808000564,3328,0.3885121157194816,48,0.7860549923824837,0.3463065699347863,18,0.7308783308211015,0.0968783440995944,26,0.7638661088215064,0.2460008663408631,462,0.8181897430992612,0.4915729494533301,480,0.778508474213084,0.3121922436062101
word_cantillation_icf_spacing4,647,0.6428629796756349,0.7481080486307545,0.3432399796554892,0.5327765345573425,0.32256194949150085,2628,0.3412877597368099,34,0.6609656387443793,0.3974092554596692,8,0.49506501469880665,-0.1169124874089637,15,0.7253488463191516,0.5970087670457955,307,0.6486237890712586,0.3591473039412807,283,0.6342447352493739,0.31456965352543825
word_consonantal_icf_spacing2,957,0.8754698458771152,0.9646158055697471,0.1850066268256426,0.8263945579528809,0.20738919079303741,3237,0.23663377891863546,40,0.8923570478315586,0.318061368707034,16,0.893519162909188,0.3236649157057257,24,0.8453938414964784,0.09161173478205907,433,0.8989858576380932,0.3500245090287968,444,0.8519903725931984,0.12341923193991694
word_vocalized_icf_spacing2,817,0.8200232092002413,0.9384787615175302,0.24463005167561652,0.7587188482284546,0.2696392834186554,2978,0.22735693477052638,38,0.8150579469280289,0.20894247301532629,12,0.7472605780301221,-0.042494810300106656,20,0.7996642422018303,0.1518524802997709,366,0.8190669000086651,0.2238103106308554,381,0.824797540025623,0.2450632970069548
word_cantillation_icf_spacing2,647,0.7876091797966474,0.9318410664685619,0.2863547757648038,0.7238401770591736,0.3070589303970337,2628,0.2076767565594627,34,0.7828729338406859,0.19225220613248967,8,0.51376058569385,-0.6841670134579256,15,0.7650369982546233,0.13416584608752918,307,0.8030692500908098,0.25802562696740755,283,0.7803447354791475,0.1840186128014982
lexeme_icf_spacing2,1028,0.8813654747033528,0.961796387204067,0.1727719985311979,0.8481417894363403,0.1857806146144867,3313,0.1788328956492846,48,0.856013101362698,0.0423688550212381,18,0.881761481723389,0.1809644798345234,26,0.8230195469947597,-0.1352253166656372,457,0.8986214115474801,0.2717163048248603,479,0.8705947372850816,0.1208573235444042
homograph_icf_spacing2,1034,0.8811629996591072,0.962019335489296,0.17523513291687,0.852047324180603,0.1822720319032669,3328,0.1597374823470231,48,0.8375447957820912,-0.0795652972487213,18,0.8795535727649466,0.1509076751771843,26,0.8243893562473246,-0.1517400538331451,462,0.9048838805174796,0.2898774748114802,480,0.8658290647472943,0.0756108352048508
